-4.776721573822968053e-02 0.000000000000000000e+00 0.000000000000000000e+00
-3.431896679491777680e-02 0.000000000000000000e+00 0.000000000000000000e+00
-2.087071785160586612e-02 0.000000000000000000e+00 0.000000000000000000e+00
-7.422468908293957182e-03 0.000000000000000000e+00 0.000000000000000000e+00
6.025780035017951758e-03 0.000000000000000000e+00 0.000000000000000000e+00
1.947402897832985896e-02 0.000000000000000000e+00 0.000000000000000000e+00
3.292227792164176964e-02 0.000000000000000000e+00 0.000000000000000000e+00
4.637052686495367337e-02 0.000000000000000000e+00 0.000000000000000000e+00
5.981877580826557711e-02 0.000000000000000000e+00 0.000000000000000000e+00
7.326702475157748085e-02 0.000000000000000000e+00 0.000000000000000000e+00
8.671527369488939152e-02 0.000000000000000000e+00 0.000000000000000000e+00
1.001635226382013022e-01 0.000000000000000000e+00 0.000000000000000000e+00
1.136117715815132129e-01 0.000000000000000000e+00 0.000000000000000000e+00
1.270600205248251235e-01 0.000000000000000000e+00 0.000000000000000000e+00
1.405082694681370203e-01 0.000000000000000000e+00 0.000000000000000000e+00
1.539565184114489449e-01 0.000000000000000000e+00 0.000000000000000000e+00
1.674047673547608417e-01 0.000000000000000000e+00 0.000000000000000000e+00
1.808530162980727662e-01 0.000000000000000000e+00 0.000000000000000000e+00
1.943012652413846630e-01 0.000000000000000000e+00 0.000000000000000000e+00
2.077495141846965598e-01 0.000000000000000000e+00 0.000000000000000000e+00
2.211977631280085121e-01 0.000000000000000000e+00 0.000000000000000000e+00
2.346460120713204089e-01 0.000000000000000000e+00 0.000000000000000000e+00
2.480942610146323335e-01 0.000000000000000000e+00 0.000000000000000000e+00
2.615425099579442025e-01 0.000000000000000000e+00 0.000000000000000000e+00
2.749907589012561271e-01 0.000000000000000000e+00 0.000000000000000000e+00
2.884390078445680516e-01 0.000000000000000000e+00 0.000000000000000000e+00
3.018872567878799762e-01 0.000000000000000000e+00 0.000000000000000000e+00
3.153355057311918452e-01 0.000000000000000000e+00 0.000000000000000000e+00
3.287837546745037698e-01 0.000000000000000000e+00 0.000000000000000000e+00
3.422320036178156943e-01 0.000000000000000000e+00 0.000000000000000000e+00
3.556802525611275634e-01 0.000000000000000000e+00 0.000000000000000000e+00
3.691285015044394879e-01 0.000000000000000000e+00 0.000000000000000000e+00
3.825767504477514125e-01 0.000000000000000000e+00 0.000000000000000000e+00
3.960249993910633370e-01 0.000000000000000000e+00 0.000000000000000000e+00
4.094732483343752061e-01 0.000000000000000000e+00 0.000000000000000000e+00
4.229214972776871306e-01 0.000000000000000000e+00 0.000000000000000000e+00
4.363697462209990552e-01 0.000000000000000000e+00 0.000000000000000000e+00
4.498179951643109242e-01 0.000000000000000000e+00 0.000000000000000000e+00
4.632662441076228488e-01 0.000000000000000000e+00 0.000000000000000000e+00
4.767144930509347733e-01 0.000000000000000000e+00 0.000000000000000000e+00
4.901627419942466979e-01 0.000000000000000000e+00 0.000000000000000000e+00
5.036109909375585669e-01 0.000000000000000000e+00 0.000000000000000000e+00
5.170592398808704360e-01 0.000000000000000000e+00 0.000000000000000000e+00
5.305074888241824160e-01 0.000000000000000000e+00 0.000000000000000000e+00
5.439557377674942851e-01 0.000000000000000000e+00 0.000000000000000000e+00
5.574039867108062651e-01 0.000000000000000000e+00 0.000000000000000000e+00
5.708522356541181342e-01 0.000000000000000000e+00 0.000000000000000000e+00
5.843004845974300032e-01 0.000000000000000000e+00 0.000000000000000000e+00
5.977487335407419833e-01 0.000000000000000000e+00 0.000000000000000000e+00
6.111969824840538523e-01 0.000000000000000000e+00 0.000000000000000000e+00
6.246452314273657214e-01 0.000000000000000000e+00 0.000000000000000000e+00
6.380934803706777014e-01 0.000000000000000000e+00 0.000000000000000000e+00
6.515417293139895705e-01 0.000000000000000000e+00 0.000000000000000000e+00
6.649899782573014395e-01 0.000000000000000000e+00 0.000000000000000000e+00
6.784382272006134196e-01 0.000000000000000000e+00 0.000000000000000000e+00
6.918864761439252886e-01 0.000000000000000000e+00 0.000000000000000000e+00
7.053347250872371577e-01 0.000000000000000000e+00 0.000000000000000000e+00
7.187829740305491377e-01 0.000000000000000000e+00 0.000000000000000000e+00
7.322312229738610068e-01 0.000000000000000000e+00 0.000000000000000000e+00
7.456794719171728758e-01 0.000000000000000000e+00 0.000000000000000000e+00
7.591277208604848559e-01 0.000000000000000000e+00 0.000000000000000000e+00
7.725759698037967249e-01 1.859999999999999987e-01 1.363818169698585540e-02
7.860242187471087050e-01 8.880000000000000115e-01 2.979932885150268079e-02
7.994724676904205740e-01 1.012000000000000011e+00 3.181194744117372963e-02
8.129207166337324431e-01 1.131000000000000005e+00 3.363034344160047151e-02
8.263689655770444231e-01 1.288999999999999924e+00 3.590264614203247939e-02
8.398172145203562922e-01 1.502000000000000002e+00 3.875564475015220306e-02
8.532654634636681612e-01 1.717000000000000082e+00 4.143669871020132234e-02
8.667137124069801413e-01 1.913999999999999924e+00 4.374928570845471737e-02
8.801619613502920103e-01 2.100999999999999979e+00 4.583666654546336011e-02
8.936102102936038794e-01 2.500000000000000000e+00 5.000000000000000278e-02
9.070584592369158594e-01 2.741000000000000103e+00 5.235456045083369814e-02
9.205067081802277285e-01 3.008999999999999897e+00 5.485435260760990889e-02
9.339549571235395975e-01 3.258999999999999897e+00 5.708765190476833284e-02
9.474032060668515776e-01 3.331999999999999851e+00 5.772347875864724392e-02
9.608514550101634466e-01 3.294000000000000039e+00 5.739337940912696973e-02
9.742997039534754267e-01 3.467999999999999972e+00 5.888972745734182695e-02
9.877479528967872957e-01 3.595000000000000195e+00 5.995831885568507491e-02
1.001196201840099276e+00 3.817000000000000171e+00 6.178187436457395487e-02
1.014644450783411145e+00 4.019000000000000128e+00 6.339558344238184484e-02
1.028092699726723014e+00 4.336999999999999744e+00 6.585590330410782955e-02
1.041540948670034883e+00 4.743000000000000327e+00 6.886944169949398009e-02
1.054989197613346752e+00 4.828000000000000291e+00 6.948381106416083586e-02
1.068437446556658843e+00 5.185999999999999943e+00 7.201388754955533045e-02
1.081885695499970712e+00 5.573999999999999844e+00 7.465922581972035676e-02
1.095333944443282581e+00 5.892999999999999794e+00 7.676587783644502061e-02
1.108782193386594450e+00 6.363999999999999879e+00 7.977468270071652601e-02
1.122230442329906319e+00 6.778999999999999915e+00 8.233468284993876452e-02
1.135678691273218188e+00 7.123999999999999666e+00 8.440379138403676651e-02
1.149126940216530279e+00 7.777000000000000135e+00 8.818730067305610709e-02
1.162575189159842148e+00 9.092000000000000526e+00 9.535197952848173397e-02
1.176023438103154017e+00 1.063100000000000023e+01 1.031067408077667863e-01
1.189471687046465886e+00 1.278700000000000081e+01 1.130796179689337322e-01
1.202919935989777755e+00 1.617699999999999960e+01 1.271888359880693209e-01
1.216368184933089625e+00 1.980999999999999872e+01 1.407480017620143797e-01
1.229816433876401716e+00 2.337500000000000000e+01 1.528888485142065601e-01
1.243264682819713585e+00 2.571900000000000119e+01 1.603714438421005306e-01
1.256712931763025454e+00 2.641600000000000037e+01 1.625299972312803654e-01
1.270161180706337323e+00 2.557799999999999940e+01 1.599312352231420653e-01
1.283609429649649192e+00 2.366199999999999903e+01 1.538245754097829487e-01
1.297057678592961283e+00 2.116900000000000048e+01 1.454957044039445202e-01
1.310505927536273152e+00 1.951000000000000156e+01 1.396782015920881026e-01
1.323954176479585021e+00 1.918100000000000094e+01 1.384954872911027257e-01
1.337402425422896890e+00 2.060800000000000054e+01 1.435548675594108814e-01
1.350850674366208759e+00 2.403800000000000026e+01 1.550419298125510215e-01
1.364298923309520628e+00 3.165700000000000003e+01 1.779241411388572669e-01
1.377747172252832719e+00 4.784199999999999875e+01 2.187281417650687176e-01
1.391195421196144588e+00 8.129800000000000182e+01 2.851280414129764296e-01
1.404643670139456457e+00 1.437839999999999918e+02 3.791886074237990623e-01
1.418091919082768326e+00 2.508559999999999945e+02 5.008552685157658946e-01
1.431540168026080195e+00 4.109590000000000032e+02 6.410608395464505449e-01
1.444988416969392064e+00 6.108859999999999673e+02 7.815919651582914351e-01
1.458436665912704155e+00 8.227419999999999618e+02 9.070512664673370251e-01
1.471884914856016024e+00 9.852319999999999709e+02 9.925885350939733787e-01
1.485333163799327894e+00 1.053759999999999991e+03 1.026528129181076165e+00
1.498781412742639763e+00 1.000434999999999945e+03 1.000217476352018187e+00
1.512229661685951632e+00 8.487509999999999764e+02 9.212768313596082503e-01
1.525677910629263723e+00 6.464690000000000509e+02 8.040329595234264604e-01
1.539126159572575592e+00 4.479719999999999800e+02 6.693071043997665948e-01
1.552574408515887461e+00 2.869649999999999750e+02 5.356911423572355835e-01
1.566022657459199330e+00 1.749269999999999925e+02 4.182427524775533811e-01
1.579470906402511199e+00 1.036809999999999974e+02 3.219953415812098485e-01
1.592919155345823068e+00 6.276800000000000068e+01 2.505354266366335847e-01
1.606367404289135159e+00 3.871200000000000330e+01 1.967536530791741123e-01
1.619815653232447028e+00 2.500700000000000145e+01 1.581360174027409693e-01
1.633263902175758897e+00 1.749899999999999878e+01 1.322837858545029832e-01
1.646712151119070766e+00 1.360200000000000031e+01 1.166276125109315526e-01
1.660160400062382635e+00 1.218599999999999994e+01 1.103902169578445808e-01
1.673608649005694504e+00 1.319400000000000084e+01 1.148651383144598803e-01
1.687056897949006595e+00 1.606500000000000128e+01 1.267477810456656417e-01
1.700505146892318464e+00 2.051500000000000057e+01 1.432305833263273487e-01
1.713953395835630333e+00 2.602899999999999991e+01 1.613350550872314493e-01
1.727401644778942202e+00 3.297399999999999665e+01 1.815874444998882564e-01
1.740849893722254071e+00 3.985600000000000165e+01 1.996396754154844688e-01
1.754298142665566163e+00 4.495100000000000051e+01 2.120165087911788093e-01
1.767746391608878032e+00 4.825600000000000023e+01 2.196724834839356988e-01
1.781194640552189901e+00 4.875500000000000256e+01 2.208053441382250570e-01
1.794642889495501770e+00 4.729200000000000159e+01 2.174672389119795546e-01
1.808091138438813639e+00 4.329099999999999682e+01 2.080648937230882289e-01
1.821539387382125508e+00 3.946900000000000119e+01 1.986680648720372255e-01
1.834987636325437599e+00 3.390299999999999869e+01 1.841276730966858177e-01
1.848435885268749468e+00 2.894099999999999895e+01 1.701205454964214436e-01
1.861884134212061337e+00 2.391499999999999915e+01 1.546447541948966220e-01
1.875332383155373206e+00 1.905399999999999849e+01 1.380362271289678477e-01
1.888780632098685075e+00 1.567099999999999937e+01 1.251838647749780875e-01
1.902228881041996944e+00 1.269200000000000017e+01 1.126587768440612952e-01
1.915677129985309035e+00 1.093800000000000061e+01 1.045848937466592188e-01
1.929125378928620904e+00 9.702999999999999403e+00 9.850380703302791252e-02
1.942573627871932773e+00 9.387000000000000455e+00 9.688653157173085506e-02
1.956021876815244642e+00 9.301000000000000156e+00 9.644169222903546668e-02
1.969470125758556511e+00 9.230999999999999872e+00 9.607809323669989909e-02
1.982918374701868602e+00 9.614000000000000767e+00 9.805100713404221735e-02
1.996366623645180471e+00 1.000300000000000011e+01 1.000149988751687091e-01
2.009814872588492118e+00 1.007000000000000028e+01 1.003493896344168079e-01
2.023263121531804209e+00 1.040199999999999925e+01 1.019901956072249150e-01
2.036711370475116301e+00 1.037400000000000055e+01 1.018528350120898734e-01
2.050159619418427948e+00 1.011700000000000088e+01 1.005832988124768096e-01
2.063607868361740039e+00 9.835000000000000853e+00 9.917156850630123865e-02
2.077056117305051686e+00 9.680999999999999162e+00 9.839207285142437254e-02
2.090504366248363777e+00 9.715999999999999304e+00 9.856977224281285310e-02
2.103952615191675868e+00 9.441000000000000725e+00 9.716480844420988250e-02
2.117400864134987515e+00 9.518000000000000682e+00 9.756023780208820939e-02
2.130849113078299606e+00 9.243999999999999773e+00 9.614572273377532119e-02
2.144297362021611253e+00 9.348000000000000753e+00 9.668505572217456212e-02
2.157745610964923344e+00 9.273999999999999133e+00 9.630160954002793539e-02
2.171193859908235435e+00 9.342000000000000526e+00 9.665402216152207959e-02
2.184642108851547082e+00 9.316000000000000725e+00 9.651942809610923601e-02
2.198090357794859173e+00 9.442000000000000171e+00 9.716995420396162819e-02
2.211538606738170820e+00 9.587999999999999190e+00 9.791833331914918948e-02
2.224986855681482911e+00 9.782999999999999474e+00 9.890904913100721785e-02
2.238435104624794558e+00 9.957000000000000739e+00 9.978476837674175870e-02
2.251883353568106649e+00 9.955000000000000071e+00 9.977474630386187759e-02
2.265331602511418740e+00 1.039700000000000024e+01 1.019656805008430228e-01
2.278779851454730387e+00 1.047199999999999953e+01 1.023327904437282554e-01
2.292228100398042479e+00 1.076299999999999990e+01 1.037448793917078171e-01
2.305676349341354125e+00 1.080300000000000082e+01 1.039374812086573396e-01
2.319124598284666217e+00 1.055199999999999960e+01 1.027229283071700583e-01
2.332572847227978308e+00 1.063899999999999935e+01 1.031455282598329609e-01
2.346021096171289955e+00 1.043099999999999916e+01 1.021322671832952111e-01
2.359469345114602046e+00 1.045400000000000063e+01 1.022448042689700770e-01
2.372917594057913693e+00 1.028599999999999959e+01 1.014199191480647938e-01
2.386365843001225784e+00 1.012800000000000011e+01 1.006379650032729889e-01
2.399814091944537875e+00 1.013299999999999912e+01 1.006628034578811171e-01
2.413262340887849522e+00 1.011700000000000088e+01 1.005832988124768096e-01
2.426710589831161613e+00 1.024499999999999922e+01 1.012175874045612711e-01
2.440158838774473260e+00 1.006700000000000017e+01 1.003344407469339561e-01
2.453607087717785351e+00 1.000300000000000011e+01 1.000149988751687091e-01
2.467055336661096998e+00 1.009999999999999964e+01 1.004987562112089061e-01
2.480503585604409089e+00 1.011500000000000021e+01 1.005733563126934710e-01
2.493951834547721180e+00 9.977000000000000313e+00 9.988493379884676171e-02
2.507400083491032827e+00 9.859999999999999432e+00 9.929753269845127683e-02
2.520848332434344918e+00 9.871999999999999886e+00 9.935793878699376858e-02
2.534296581377656565e+00 9.894000000000000128e+00 9.946858800646564414e-02
2.547744830320968656e+00 1.008999999999999986e+01 1.004489920307814754e-01
2.561193079264280748e+00 9.919999999999999929e+00 9.959919678390985465e-02
2.574641328207592395e+00 9.989000000000000767e+00 9.994498486667552362e-02
2.588089577150904486e+00 1.010500000000000043e+01 1.005236290630217993e-01
2.601537826094216133e+00 1.021799999999999997e+01 1.010841233824580493e-01
2.614986075037528224e+00 1.011800000000000033e+01 1.005882696938365656e-01
2.628434323980840315e+00 9.997999999999999332e+00 9.998999949994999414e-02
2.641882572924151962e+00 1.015499999999999936e+01 1.007720199261679939e-01
2.655330821867464053e+00 1.009200000000000053e+01 1.004589468389948809e-01
2.668779070810775700e+00 1.008900000000000041e+01 1.004440142566992294e-01
2.682227319754087791e+00 1.006900000000000084e+01 1.003444069193694527e-01
2.695675568697399438e+00 9.919000000000000483e+00 9.959417653658268754e-02
2.709123817640711529e+00 1.007300000000000040e+01 1.003643362953195589e-01
2.722572066584023620e+00 9.869999999999999218e+00 9.934787365615833921e-02
2.736020315527335267e+00 9.917999999999999261e+00 9.958915603618699597e-02
2.749468564470647358e+00 1.000900000000000034e+01 1.000449898795536807e-01
2.762916813413959005e+00 1.012500000000000000e+01 1.006230589874905351e-01
2.776365062357271096e+00 1.016099999999999959e+01 1.008017856984686489e-01
2.789813311300583187e+00 9.968999999999999417e+00 9.984487968844471539e-02
2.803261560243894834e+00 9.973000000000000753e+00 9.986490875177325699e-02
2.816709809187206925e+00 9.999000000000000554e+00 9.999499987499374520e-02
2.830158058130518572e+00 1.007199999999999918e+01 1.003593543223550155e-01
2.843606307073830664e+00 1.018999999999999950e+01 1.009455298663591155e-01
2.857054556017142755e+00 1.004100000000000037e+01 1.002047903046555943e-01
2.870502804960454402e+00 1.041200000000000081e+01 1.020392081505927806e-01
2.883951053903766493e+00 1.019999999999999929e+01 1.009950493836207774e-01
2.897399302847078140e+00 1.025200000000000067e+01 1.012521604707771194e-01
2.910847551790390231e+00 1.062400000000000055e+01 1.030727898138010107e-01
2.924295800733701878e+00 1.075000000000000000e+01 1.036822067666385988e-01
2.937744049677013969e+00 1.082099999999999973e+01 1.040240356840667901e-01
2.951192298620326060e+00 1.093699999999999939e+01 1.045801128322206286e-01
2.964640547563637707e+00 1.108799999999999919e+01 1.052995726487054584e-01
2.978088796506949798e+00 1.094899999999999984e+01 1.046374693883601187e-01
2.991537045450261445e+00 1.067900000000000027e+01 1.033392471426030912e-01
3.004985294393573536e+00 1.048399999999999999e+01 1.023914058893616308e-01
3.018433543336885627e+00 1.008099999999999952e+01 1.004041831797858886e-01
3.031881792280197274e+00 9.993999999999999773e+00 9.996999549864950263e-02
3.045330041223509365e+00 9.801999999999999602e+00 9.900505037623080762e-02
3.058778290166821012e+00 9.301000000000000156e+00 9.644169222903546668e-02
3.072226539110133103e+00 9.320999999999999730e+00 9.654532614269838164e-02
3.085674788053445194e+00 9.243000000000000327e+00 9.614052215377238975e-02
3.099123036996756841e+00 9.279999999999999361e+00 9.633275663033837033e-02
3.112571285940068933e+00 9.089999999999999858e+00 9.534149149242422683e-02
3.126019534883380580e+00 9.244999999999999218e+00 9.615092303249095362e-02
3.139467783826692671e+00 9.013999999999999346e+00 9.494208761134337315e-02
3.152916032770004318e+00 9.173999999999999488e+00 9.578100020358944200e-02
3.166364281713316409e+00 9.096000000000000085e+00 9.537295214053091719e-02
3.179812530656628500e+00 9.183999999999999275e+00 9.583318840568751107e-02
3.193260779599940147e+00 8.996999999999999886e+00 9.485251709891520666e-02
3.206709028543252238e+00 9.217999999999999972e+00 9.601041610158765616e-02
3.220157277486563885e+00 9.022999999999999687e+00 9.498947310097051455e-02
3.233605526429875976e+00 8.951999999999999957e+00 9.461500938011896400e-02
3.247053775373188067e+00 8.971999999999999531e+00 9.472064188971694720e-02
3.260502024316499714e+00 8.951999999999999957e+00 9.461500938011896400e-02
3.273950273259811805e+00 8.984999999999999432e+00 9.478923989567591968e-02
3.287398522203123452e+00 9.022999999999999687e+00 9.498947310097051455e-02
3.300846771146435543e+00 9.144000000000000128e+00 9.562426470305536441e-02
3.314295020089747634e+00 8.923999999999999488e+00 9.446692542895634981e-02
3.327743269033059281e+00 8.711000000000000298e+00 9.333273809334000082e-02
3.341191517976371372e+00 8.830000000000000071e+00 9.396807968666806565e-02
3.354639766919683019e+00 8.890000000000000568e+00 9.428679653058533172e-02
3.368088015862995110e+00 8.855999999999999872e+00 9.410632284814873794e-02
3.381536264806306757e+00 8.640000000000000568e+00 9.295160030897800518e-02
3.394984513749618849e+00 8.680999999999999162e+00 9.317188417113822507e-02
3.408432762692930940e+00 8.742000000000000881e+00 9.349866309204639403e-02
3.421881011636242587e+00 8.532999999999999474e+00 9.237423883312922968e-02
3.435329260579554678e+00 8.759000000000000341e+00 9.358952932887311393e-02
3.448777509522866325e+00 8.689999999999999503e+00 9.322016949137133801e-02
3.462225758466177972e+00 8.679000000000000270e+00 9.316115070135190523e-02
3.475674007409490063e+00 8.426999999999999602e+00 9.179869280115049435e-02
3.489122256352801710e+00 8.615999999999999659e+00 9.282241108697834864e-02
3.502570505296113801e+00 8.493000000000000327e+00 9.215747392371385904e-02
3.516018754239425892e+00 8.506999999999999673e+00 9.223339959038699687e-02
3.529467003182737539e+00 8.509999999999999787e+00 9.224966124599048856e-02
3.542915252126049630e+00 8.682000000000000384e+00 9.317725044236924159e-02
3.556363501069361277e+00 8.336000000000000298e+00 9.130169768410661968e-02
3.569811750012673368e+00 8.361000000000000654e+00 9.143850392476902955e-02
3.583259998955985015e+00 8.262999999999999901e+00 9.090104509850258085e-02
3.596708247899297106e+00 8.451000000000000512e+00 9.192932067626738424e-02
3.610156496842609197e+00 8.458000000000000185e+00 9.196738552334735028e-02
3.623604745785920844e+00 8.230000000000000426e+00 9.071934744033380293e-02
3.637052994729232935e+00 8.403999999999999915e+00 9.167333309092672022e-02
3.650501243672544582e+00 8.313000000000000611e+00 9.117565464530540120e-02
3.663949492615856673e+00 8.301999999999999602e+00 9.111531155629112866e-02
3.677397741559168765e+00 8.233999999999999986e+00 9.074139077620532734e-02
3.690845990502480412e+00 8.339000000000000412e+00 9.131812525451889206e-02
3.704294239445792503e+00 8.218999999999999417e+00 9.065870063044141614e-02
3.717742488389104150e+00 8.103999999999999204e+00 9.002221947941520253e-02
3.731190737332416241e+00 8.300000000000000711e+00 9.110433579144298910e-02
3.744638986275728332e+00 7.958000000000000185e+00 8.920762299265684592e-02
3.758087235219039979e+00 8.096000000000000085e+00 8.997777503361593932e-02
3.771535484162352070e+00 7.802999999999999936e+00 8.833459118601275084e-02
3.784983733105663717e+00 7.975999999999999979e+00 8.930845424706443381e-02
3.798431982048975808e+00 7.860000000000000320e+00 8.865664103720599654e-02
3.811880230992287455e+00 8.002000000000000668e+00 8.945389874119517859e-02
3.825328479935599546e+00 7.876999999999999780e+00 8.875246475450696004e-02
3.838776728878911637e+00 7.831000000000000405e+00 8.849293757131129756e-02
3.852224977822223284e+00 7.908999999999999808e+00 8.893255871726619965e-02
3.865673226765535375e+00 7.948999999999999844e+00 8.915716460273957755e-02
3.879121475708847022e+00 7.674999999999999822e+00 8.760707733967615374e-02
3.892569724652159113e+00 7.828999999999999737e+00 8.848163651289457643e-02
3.906017973595471204e+00 7.817000000000000171e+00 8.841379982785492475e-02
3.919466222538782851e+00 7.647999999999999687e+00 8.745284443630178817e-02
3.932914471482094942e+00 7.642000000000000348e+00 8.741853350405735801e-02
3.946362720425406589e+00 7.865000000000000213e+00 8.868483523128403712e-02
3.959810969368718681e+00 7.682000000000000384e+00 8.764701934464172450e-02
3.973259218312030772e+00 7.453000000000000291e+00 8.633075929238663571e-02
3.986707467255342419e+00 7.451999999999999957e+00 8.632496741962894515e-02
4.000155716198654510e+00 7.618000000000000327e+00 8.728115489611718014e-02
4.013603965141966157e+00 7.605999999999999872e+00 8.721238444166057313e-02
4.027052214085277804e+00 7.599999999999999645e+00 8.717797887081348007e-02
4.040500463028590339e+00 7.626999999999999780e+00 8.733269719870101477e-02
4.053948711971901986e+00 7.463000000000000078e+00 8.638865666278182365e-02
4.067396960915213633e+00 7.549999999999999822e+00 8.689073598491382777e-02
4.080845209858526168e+00 7.554999999999999716e+00 8.691950298983536216e-02
4.094293458801837815e+00 7.381000000000000227e+00 8.591274643497319452e-02
4.107741707745149462e+00 7.383000000000000007e+00 8.592438536294570717e-02
4.121189956688461997e+00 7.475999999999999979e+00 8.646386528486914302e-02
4.134638205631773644e+00 7.285999999999999588e+00 8.535806933149320264e-02
4.148086454575085291e+00 7.216000000000000192e+00 8.494704232638121411e-02
4.161534703518396938e+00 7.269000000000000128e+00 8.525843066817498372e-02
4.174982952461709473e+00 7.113000000000000433e+00 8.433860326090301951e-02
4.188431201405021120e+00 7.089999999999999858e+00 8.420213774008353247e-02
4.201879450348332767e+00 7.195999999999999730e+00 8.482924024179398781e-02
4.215327699291645303e+00 7.049999999999999822e+00 8.396427811873333202e-02
4.228775948234956950e+00 7.070000000000000284e+00 8.408329203831162169e-02
4.242224197178268597e+00 6.886000000000000121e+00 8.298192574289897649e-02
4.255672446121580244e+00 7.009999999999999787e+00 8.372574275573790858e-02
4.269120695064892779e+00 6.863999999999999879e+00 8.284926070883191773e-02
4.282568944008204426e+00 6.969000000000000306e+00 8.348053665376138632e-02
4.296017192951516073e+00 6.900000000000000355e+00 8.306623862918074974e-02
4.309465441894828608e+00 6.982999999999999652e+00 8.356434646426669222e-02
4.322913690838140255e+00 6.889999999999999680e+00 8.300602387778853453e-02
4.336361939781451902e+00 6.858999999999999986e+00 8.281907992727279011e-02
4.349810188724764437e+00 6.711999999999999744e+00 8.192679659305616979e-02
4.363258437668076084e+00 6.783999999999999808e+00 8.236504112789601317e-02
4.376706686611387731e+00 6.796999999999999709e+00 8.244392033376383988e-02
4.390154935554699378e+00 6.604000000000000092e+00 8.126499861564018268e-02
4.403603184498011913e+00 6.695000000000000284e+00 8.182297965730654654e-02
4.417051433441323560e+00 6.615000000000000213e+00 8.133265027035575800e-02
4.430499682384635207e+00 6.503999999999999559e+00 8.064738061462381480e-02
4.443947931327947742e+00 6.636999999999999567e+00 8.146778504415104483e-02
4.457396180271259389e+00 6.546000000000000263e+00 8.090735442467512917e-02
4.470844429214571036e+00 6.498000000000000220e+00 8.061017305526640975e-02
4.484292678157882683e+00 6.485999999999999766e+00 8.053570636680354444e-02
4.497740927101195219e+00 6.493999999999999773e+00 8.058535847162312526e-02
4.511189176044506866e+00 6.483999999999999986e+00 8.052328855678958508e-02
4.524637424987818513e+00 6.400999999999999801e+00 8.000624975587844467e-02
4.538085673931131048e+00 6.405000000000000249e+00 8.003124389886739909e-02
4.551533922874442695e+00 6.381000000000000227e+00 7.988116173416608123e-02
4.564982171817754342e+00 6.384000000000000341e+00 7.989993742175270641e-02
4.578430420761066877e+00 6.224000000000000199e+00 7.889233169326408113e-02
4.591878669704378524e+00 6.137999999999999901e+00 7.834538914320357539e-02
4.605326918647690171e+00 6.189000000000000057e+00 7.867019766086774668e-02
4.618775167591001818e+00 6.189000000000000057e+00 7.867019766086774668e-02
4.632223416534314353e+00 6.089000000000000412e+00 7.803204469959762468e-02
4.645671665477626000e+00 6.131999999999999673e+00 7.830708780180756223e-02
4.659119914420937647e+00 6.072000000000000064e+00 7.792303895511262790e-02
4.672568163364250182e+00 6.009000000000000341e+00 7.751773990513398382e-02
4.686016412307561829e+00 5.966999999999999638e+00 7.724635913750239891e-02
4.699464661250873476e+00 5.924000000000000377e+00 7.696752561957542760e-02
4.712912910194185123e+00 5.988999999999999879e+00 7.738862965578341413e-02
4.726361159137497658e+00 5.940999999999999837e+00 7.707788269017254446e-02
4.739809408080809305e+00 5.775000000000000355e+00 7.599342076785332856e-02
4.753257657024120952e+00 5.791999999999999815e+00 7.610519036176179031e-02
4.766705905967433488e+00 5.767999999999999794e+00 7.594735018419010442e-02
4.780154154910745135e+00 5.745000000000000107e+00 7.579577824654878948e-02
4.793602403854056782e+00 5.753999999999999559e+00 7.585512507405152427e-02
4.807050652797369317e+00 5.708000000000000185e+00 7.555130707009641289e-02
4.820498901740680964e+00 5.735999999999999766e+00 7.573638491504594561e-02
4.833947150683992611e+00 5.682000000000000384e+00 7.537904218017101032e-02
4.847395399627304258e+00 5.684999999999999609e+00 7.539893898457722399e-02
4.860843648570616793e+00 5.581999999999999851e+00 7.471278337741139863e-02
4.874291897513928440e+00 5.557000000000000384e+00 7.454528824815154220e-02
4.887740146457240087e+00 5.546000000000000263e+00 7.447147104764346992e-02
4.901188395400552622e+00 5.517000000000000348e+00 7.427651041883967520e-02
4.914636644343864269e+00 5.516000000000000014e+00 7.426977851050857449e-02
4.928084893287175916e+00 5.366999999999999993e+00 7.325981162956946013e-02
4.941533142230487563e+00 5.602999999999999758e+00 7.485318964479736881e-02
4.954981391173800098e+00 5.527000000000000135e+00 7.434379597518545046e-02
4.968429640117111745e+00 5.355999999999999872e+00 7.318469785412794193e-02
4.981877889060423392e+00 5.328999999999999737e+00 7.299999999999999545e-02
4.995326138003735927e+00 5.253000000000000114e+00 7.247758274114830812e-02
5.008774386947047574e+00 5.299000000000000377e+00 7.279423054061358311e-02
5.022222635890359221e+00 5.341999999999999638e+00 7.308898685848641552e-02
5.035670884833671757e+00 5.165000000000000036e+00 7.186793443532379921e-02
5.049119133776983404e+00 5.129999999999999893e+00 7.162401831787992834e-02
5.062567382720295051e+00 5.181000000000000050e+00 7.197916365171243280e-02
5.076015631663606698e+00 5.025999999999999801e+00 7.089428749906440119e-02
5.089463880606919233e+00 5.200000000000000178e+00 7.211102550927978028e-02
5.102912129550230880e+00 5.064000000000000057e+00 7.116178749862878128e-02
5.116360378493542527e+00 5.001999999999999780e+00 7.072481884034768906e-02
5.129808627436855062e+00 5.181000000000000050e+00 7.197916365171243280e-02
5.143256876380166709e+00 5.097999999999999865e+00 7.140028011149536502e-02
5.156705125323478356e+00 4.809000000000000163e+00 6.934695379034323814e-02
5.170153374266790003e+00 4.945000000000000284e+00 7.032069396699665298e-02
5.183601623210102538e+00 4.785000000000000142e+00 6.917369442208505526e-02
5.197049872153414185e+00 4.918000000000000149e+00 7.012845356914695905e-02
5.210498121096725832e+00 4.889000000000000234e+00 6.992138442565336287e-02
5.223946370040038367e+00 4.850999999999999979e+00 6.964912059746339312e-02
5.237394618983350014e+00 4.746000000000000441e+00 6.889121859859934083e-02
5.250842867926661661e+00 4.833000000000000185e+00 6.951978135753880683e-02
5.264291116869974196e+00 4.690000000000000391e+00 6.848357467305572766e-02
5.277739365813285843e+00 4.674000000000000377e+00 6.836665854054883862e-02
5.291187614756597490e+00 4.557999999999999829e+00 6.751296171847299965e-02
5.304635863699909137e+00 4.809000000000000163e+00 6.934695379034323814e-02
5.318084112643221673e+00 4.599999999999999645e+00 6.782329983125268136e-02
5.331532361586533320e+00 4.549000000000000377e+00 6.744627491566899946e-02
5.344980610529844967e+00 4.682999999999999829e+00 6.843244844370249824e-02
5.358428859473157502e+00 4.626999999999999780e+00 6.802205524680947357e-02
5.371877108416469149e+00 4.705000000000000071e+00 6.859300255857006534e-02
5.385325357359780796e+00 4.605999999999999872e+00 6.786751800382860578e-02
5.398773606303092443e+00 4.669999999999999929e+00 6.833739825307955096e-02
5.412221855246404978e+00 4.498000000000000220e+00 6.706713054842886046e-02
5.425670104189716625e+00 4.578000000000000291e+00 6.766091929614909128e-02
5.439118353133028272e+00 4.503999999999999559e+00 6.711184694225007241e-02
5.452566602076340807e+00 4.440999999999999837e+00 6.664082832618455077e-02
5.466014851019652454e+00 4.551999999999999602e+00 6.746851117373199591e-02
5.479463099962964101e+00 4.245000000000000107e+00 6.515366451704769635e-02
5.492911348906276636e+00 4.174000000000000377e+00 6.460650122085237479e-02
5.506359597849588283e+00 4.362000000000000099e+00 6.604543890383346438e-02
5.519807846792899930e+00 4.285999999999999588e+00 6.546754921333163002e-02
5.533256095736211577e+00 4.342999999999999972e+00 6.590144156238161854e-02
5.546704344679524112e+00 4.232999999999999652e+00 6.506150935845247951e-02
5.560152593622835759e+00 4.149000000000000021e+00 6.441273166075166257e-02
5.573600842566147406e+00 4.136000000000000121e+00 6.431174076325410494e-02
5.587049091509459942e+00 4.206999999999999851e+00 6.486139067272610192e-02
5.600497340452771589e+00 4.129999999999999893e+00 6.426507605223850950e-02
5.613945589396083236e+00 3.967000000000000082e+00 6.298412498399894033e-02
5.627393838339394883e+00 4.073000000000000398e+00 6.382005954243540058e-02
5.640842087282707418e+00 4.056000000000000050e+00 6.368673331236263113e-02
5.654290336226019065e+00 4.014000000000000234e+00 6.335613624582862868e-02
5.667738585169330712e+00 3.932999999999999829e+00 6.271363488110061335e-02
5.681186834112643247e+00 3.898000000000000131e+00 6.243396511515186126e-02
5.694635083055954894e+00 3.834999999999999964e+00 6.192737682156414236e-02
5.708083331999266541e+00 3.904999999999999805e+00 6.248999919987197754e-02
5.721531580942579076e+00 3.786000000000000032e+00 6.153048025166064222e-02
5.734979829885890723e+00 3.899999999999999911e+00 6.244997998398398031e-02
5.748428078829202370e+00 3.830000000000000071e+00 6.188699378706320753e-02
5.761876327772514017e+00 3.737999999999999989e+00 6.113918547053109193e-02
5.775324576715826552e+00 3.681000000000000050e+00 6.067124524847004874e-02
5.788772825659138199e+00 3.680000000000000160e+00 6.066300355241240755e-02
5.802221074602449846e+00 3.704000000000000181e+00 6.086049621881175348e-02
5.815669323545762381e+00 3.701000000000000068e+00 6.083584469702051772e-02
5.829117572489074028e+00 3.623000000000000220e+00 6.019136150644874977e-02
5.842565821432385675e+00 3.636000000000000121e+00 6.029925372672533673e-02
5.856014070375697322e+00 3.608000000000000096e+00 6.006662967072482623e-02
5.869462319319009858e+00 3.608000000000000096e+00 6.006662967072482623e-02
5.882910568262321505e+00 3.536000000000000032e+00 5.946427498927402133e-02
5.896358817205633152e+00 3.571000000000000174e+00 5.975784467331465150e-02
5.909807066148945687e+00 3.520999999999999908e+00 5.933801479658718653e-02
5.923255315092257334e+00 3.500999999999999890e+00 5.916924876994806431e-02
5.936703564035568981e+00 3.508999999999999897e+00 5.923681287847954585e-02
5.950151812978881516e+00 3.548000000000000043e+00 5.956509044734172725e-02
5.963600061922193163e+00 3.483999999999999986e+00 5.902541825349482546e-02
5.977048310865504810e+00 3.541999999999999815e+00 5.951470406546604391e-02
5.990496559808816457e+00 3.270000000000000018e+00 5.718391382198319273e-02
6.003944808752128992e+00 3.326000000000000068e+00 5.767148342118486037e-02
6.017393057695440639e+00 3.341000000000000192e+00 5.780138406647369886e-02
6.030841306638752286e+00 3.314000000000000057e+00 5.756735185849701925e-02
6.044289555582064821e+00 3.306999999999999940e+00 5.750652136931950348e-02
6.057737804525376468e+00 3.177000000000000046e+00 5.636488268416781078e-02
6.071186053468688115e+00 3.257000000000000117e+00 5.707013229352109890e-02
6.084634302411999762e+00 3.213999999999999968e+00 5.669215113223346342e-02
6.098082551355312297e+00 3.180000000000000160e+00 5.639148871948673758e-02
6.111530800298623944e+00 3.158999999999999808e+00 5.620498198558558645e-02
6.124979049241935591e+00 3.104999999999999982e+00 5.572252686302012897e-02
6.138427298185248127e+00 2.983000000000000096e+00 5.461684721768549772e-02
6.151875547128559774e+00 3.028000000000000025e+00 5.502726596879041476e-02
6.165323796071871421e+00 3.040000000000000036e+00 5.513619500836088733e-02
6.178772045015183956e+00 3.108999999999999986e+00 5.575840743780259567e-02
6.192220293958495603e+00 2.984999999999999876e+00 5.463515351859093983e-02
6.205668542901807250e+00 2.916999999999999815e+00 5.400925846556310639e-02
6.219116791845118897e+00 2.995000000000000107e+00 5.472659317004850699e-02
6.232565040788431432e+00 2.971999999999999975e+00 5.451605268175604285e-02
6.246013289731743079e+00 2.887999999999999901e+00 5.374011537017761575e-02
6.259461538675054726e+00 2.995000000000000107e+00 5.472659317004850699e-02
6.272909787618367261e+00 2.847999999999999865e+00 5.336665625650533623e-02
6.286358036561678908e+00 2.869000000000000217e+00 5.356304696336831178e-02
6.299806285504990555e+00 2.862999999999999989e+00 5.350700888668698252e-02
6.313254534448302202e+00 2.859999999999999876e+00 5.347896782848375608e-02
6.326702783391614737e+00 2.789000000000000146e+00 5.281098370604356967e-02
6.340151032334926384e+00 2.770000000000000018e+00 5.263078946776306860e-02
6.353599281278238031e+00 2.713000000000000078e+00 5.208646657242167050e-02
6.367047530221550566e+00 2.806000000000000050e+00 5.297169055259610959e-02
6.380495779164862213e+00 2.678999999999999826e+00 5.175905717843013593e-02
6.393944028108173860e+00 2.710999999999999854e+00 5.206726418777925247e-02
6.407392277051486396e+00 2.633000000000000007e+00 5.131276644266999365e-02
6.420840525994798043e+00 2.640000000000000124e+00 5.138093031466051813e-02
6.434288774938109690e+00 2.710999999999999854e+00 5.206726418777925247e-02
6.447737023881421337e+00 2.528999999999999915e+00 5.028916384272063417e-02
6.461185272824733872e+00 2.500999999999999890e+00 5.000999900019995059e-02
6.474633521768045519e+00 2.556999999999999940e+00 5.056678751908212643e-02
6.488081770711357166e+00 2.652000000000000135e+00 5.149757275833493492e-02
6.501530019654669701e+00 2.444999999999999840e+00 4.944694126030445974e-02
6.514978268597981348e+00 2.434000000000000163e+00 4.933558553417603798e-02
6.528426517541292995e+00 2.404999999999999805e+00 4.904079934095691845e-02
6.541874766484604642e+00 2.431000000000000050e+00 4.930517214248420627e-02
6.555323015427917177e+00 2.342000000000000082e+00 4.839421453025144482e-02
6.568771264371228824e+00 2.366000000000000103e+00 4.864154602806123467e-02
6.582219513314540471e+00 2.395999999999999908e+00 4.894895300208166461e-02
6.595667762257853006e+00 2.286999999999999922e+00 4.782258880487336855e-02
6.609116011201164653e+00 2.299999999999999822e+00 4.795831523312719252e-02
6.622564260144476300e+00 2.294000000000000039e+00 4.789572005931218984e-02
6.636012509087788835e+00 2.176000000000000156e+00 4.664761515876240938e-02
6.649460758031100482e+00 2.310000000000000053e+00 4.806245936279166658e-02
6.662909006974412129e+00 2.251999999999999780e+00 4.745524207081869283e-02
6.676357255917723776e+00 2.141999999999999904e+00 4.628174586162453474e-02
6.689805504861036312e+00 2.197999999999999954e+00 4.688283267892416617e-02
6.703253753804347959e+00 2.168000000000000149e+00 4.656178690729126379e-02
6.716702002747659606e+00 2.232000000000000206e+00 4.724404724407086503e-02
6.730150251690972141e+00 2.146999999999999797e+00 4.633573135281238153e-02
6.743598500634283788e+00 2.023000000000000131e+00 4.497777228809803768e-02
6.757046749577595435e+00 2.044000000000000039e+00 4.521061822182925738e-02
6.770494998520907082e+00 2.051000000000000156e+00 4.528796749689700807e-02
6.783943247464219617e+00 2.036000000000000032e+00 4.512205669071391034e-02
6.797391496407531264e+00 1.969999999999999973e+00 4.438468204234429643e-02
6.810839745350842911e+00 1.969000000000000083e+00 4.437341546466758158e-02
6.824287994294155446e+00 2.049999999999999822e+00 4.527692569068708650e-02
6.837736243237467093e+00 2.016999999999999904e+00 4.491102314577123666e-02
6.851184492180778740e+00 1.935000000000000053e+00 4.398863489584554226e-02
6.864632741124091275e+00 1.981999999999999984e+00 4.451965857910412938e-02
6.878080990067402922e+00 1.941999999999999948e+00 4.406812907306140864e-02
6.891529239010715457e+00 1.854999999999999982e+00 4.306971093471605866e-02
6.904977487954027104e+00 1.838000000000000078e+00 4.287190222045203503e-02
6.918425736897339640e+00 1.802000000000000046e+00 4.244997055358224608e-02
6.931873985840651287e+00 1.812000000000000055e+00 4.256759330758552728e-02
6.945322234783962934e+00 1.786999999999999922e+00 4.227292277569649759e-02
6.958770483727274581e+00 1.713000000000000078e+00 4.138840417314975512e-02
6.972218732670587116e+00 1.774999999999999911e+00 4.213074886588179246e-02
6.985666981613898763e+00 1.713000000000000078e+00 4.138840417314975512e-02
6.999115230557210410e+00 1.701999999999999957e+00 4.125530268947253526e-02
7.012563479500522945e+00 1.697000000000000064e+00 4.119465984809195930e-02
7.026011728443834592e+00 1.661000000000000032e+00 4.075536774462966416e-02
7.039459977387146239e+00 1.661000000000000032e+00 4.075536774462966416e-02
7.052908226330458774e+00 1.610000000000000098e+00 4.012480529547775288e-02
7.066356475273770421e+00 1.657000000000000028e+00 4.070626487409523958e-02
7.079804724217082068e+00 1.614000000000000101e+00 4.017461885320133125e-02
7.093252973160393715e+00 1.582999999999999963e+00 3.978693252815552334e-02
7.106701222103706250e+00 1.552000000000000046e+00 3.939543120718441704e-02
7.120149471047017897e+00 1.582999999999999963e+00 3.978693252815552334e-02
7.133597719990329544e+00 1.467999999999999972e+00 3.831448812133603221e-02
7.147045968933642079e+00 1.459000000000000075e+00 3.819685850956855422e-02
7.160494217876953726e+00 1.491000000000000103e+00 3.861346915261563983e-02
7.173942466820265373e+00 1.435999999999999943e+00 3.789459064299283142e-02
7.187390715763577020e+00 1.431999999999999940e+00 3.784177585684900258e-02
7.200838964706889556e+00 1.413999999999999924e+00 3.760319135392633377e-02
7.214287213650201203e+00 1.389999999999999902e+00 3.728270376461449709e-02
7.227735462593512850e+00 1.356000000000000094e+00 3.682390527904393779e-02
7.241183711536825385e+00 1.340000000000000080e+00 3.660601043544624983e-02
7.254631960480137032e+00 1.332000000000000073e+00 3.649657518178931609e-02
7.268080209423448679e+00 1.340000000000000080e+00 3.660601043544624983e-02
7.281528458366761214e+00 1.235000000000000098e+00 3.514256678161115782e-02
7.294976707310072861e+00 1.247999999999999998e+00 3.532704346531138906e-02
7.308424956253384508e+00 1.260999999999999899e+00 3.551056180912940535e-02
7.321873205196696155e+00 1.294000000000000039e+00 3.597221149720989525e-02
7.335321454140008690e+00 1.258999999999999897e+00 3.548238999842034253e-02
7.348769703083320337e+00 1.169000000000000039e+00 3.419064199455751352e-02
7.362217952026631984e+00 1.147999999999999909e+00 3.388214869219483005e-02
7.375666200969944519e+00 1.114000000000000101e+00 3.337663853655727098e-02
7.389114449913256166e+00 1.092999999999999972e+00 3.306055050963307984e-02
7.402562698856567813e+00 1.050999999999999934e+00 3.241913015489465005e-02
7.416010947799879460e+00 1.050000000000000044e+00 3.240370349203929717e-02
7.429459196743191995e+00 1.000000000000000000e+00 3.162277660168379134e-02
7.442907445686503642e+00 1.008000000000000007e+00 3.174901573277508909e-02
7.456355694629815289e+00 1.038000000000000034e+00 3.221800738717402884e-02
7.469803943573127825e+00 9.619999999999999662e-01 3.101612483854164493e-02
7.483252192516439472e+00 9.509999999999999565e-01 3.083828789021855060e-02
7.496700441459751119e+00 8.689999999999999947e-01 2.947880594596735335e-02
7.510148690403063654e+00 9.320000000000000506e-01 3.052867504494749529e-02
7.523596939346375301e+00 8.699999999999999956e-01 2.949576240750525005e-02
7.537045188289686948e+00 8.409999999999999698e-01 2.900000000000000147e-02
7.550493437232998595e+00 8.489999999999999769e-01 2.913760456866693049e-02
7.563941686176311130e+00 8.129999999999999449e-01 2.851315485876650471e-02
7.577389935119622777e+00 8.010000000000000453e-01 2.830194339616981178e-02
7.590838184062934424e+00 7.309999999999999831e-01 2.703701166919154908e-02
7.604286433006246959e+00 7.439999999999999947e-01 2.727636339397171081e-02
7.617734681949558606e+00 7.489999999999999991e-01 2.736786436680801668e-02
7.631182930892870253e+00 6.870000000000000551e-01 2.621068484416231095e-02
7.644631179836181900e+00 6.530000000000000249e-01 2.555386467836127593e-02
7.658079428779494435e+00 5.570000000000000506e-01 2.360084744241189303e-02
7.671527677722806082e+00 5.659999999999999476e-01 2.379075450674063633e-02
7.684975926666117729e+00 5.320000000000000284e-01 2.306512518934159331e-02
7.698424175609430264e+00 4.590000000000000191e-01 2.142428528562854984e-02
7.711872424552741911e+00 4.779999999999999805e-01 2.186321110907544704e-02
7.725320673496053558e+00 4.299999999999999933e-01 2.073644135332771907e-02
7.738768922439366094e+00 3.930000000000000160e-01 1.982422760159901001e-02
7.752217171382677741e+00 3.069999999999999951e-01 1.752141546793523075e-02
7.765665420325989388e+00 3.059999999999999942e-01 1.749285568453590178e-02
7.779113669269301035e+00 3.150000000000000022e-01 1.774823934929884925e-02
7.792561918212613570e+00 2.469999999999999973e-01 1.571623364550171070e-02
7.806010167155925217e+00 2.190000000000000002e-01 1.479864858694874240e-02
7.819458416099236864e+00 1.799999999999999933e-01 1.341640786499873929e-02
7.832906665042549399e+00 1.719999999999999862e-01 1.311487704860400151e-02
7.846354913985861046e+00 1.670000000000000095e-01 1.292284798332008627e-02
7.859803162929172693e+00 1.350000000000000089e-01 1.161895003862225065e-02
7.873251411872484340e+00 1.320000000000000062e-01 1.148912529307605755e-02
7.886699660815796875e+00 8.899999999999999578e-02 9.433981132056602770e-03
7.900147909759108522e+00 9.099999999999999756e-02 9.539392014169456244e-03
7.913596158702420169e+00 6.099999999999999867e-02 7.810249675906653574e-03
7.927044407645732704e+00 6.199999999999999956e-02 7.874007874011811417e-03
7.940492656589044351e+00 4.900000000000000189e-02 7.000000000000000146e-03
7.953940905532355998e+00 4.299999999999999656e-02 6.557438524302000755e-03
7.967389154475668533e+00 3.899999999999999994e-02 6.244997998398398205e-03
7.980837403418980180e+00 2.800000000000000058e-02 5.291502622129181516e-03
7.994285652362291827e+00 3.400000000000000244e-02 5.830951894845301173e-03
8.007733901305604363e+00 2.400000000000000050e-02 4.898979485566355707e-03
8.021182150248915121e+00 3.500000000000000333e-02 5.916079783099615838e-03
8.034630399192227657e+00 3.300000000000000155e-02 5.744562646538028776e-03
8.048078648135540192e+00 1.799999999999999864e-02 4.242640687119284860e-03
8.061526897078850951e+00 2.400000000000000050e-02 4.898979485566355707e-03
8.074975146022163486e+00 2.100000000000000130e-02 4.582575694955839593e-03
8.088423394965476021e+00 2.100000000000000130e-02 4.582575694955839593e-03
8.101871643908786780e+00 2.100000000000000130e-02 4.582575694955839593e-03
8.115319892852099315e+00 3.400000000000000244e-02 5.830951894845301173e-03
8.128768141795411850e+00 2.000000000000000042e-02 4.472135954999579763e-03
8.142216390738722609e+00 3.300000000000000155e-02 5.744562646538028776e-03
8.155664639682035144e+00 1.899999999999999953e-02 4.358898943540674351e-03
8.169112888625345903e+00 2.400000000000000050e-02 4.898979485566355707e-03
8.182561137568658438e+00 2.500000000000000139e-02 5.000000000000000104e-03
8.196009386511970973e+00 2.800000000000000058e-02 5.291502622129181516e-03
8.209457635455281732e+00 2.100000000000000130e-02 4.582575694955839593e-03
8.222905884398594267e+00 2.199999999999999872e-02 4.690415759823429731e-03
8.236354133341906802e+00 1.799999999999999864e-02 4.242640687119284860e-03
8.249802382285217561e+00 2.800000000000000058e-02 5.291502622129181516e-03
8.263250631228530096e+00 2.299999999999999961e-02 4.795831523312719079e-03
8.276698880171842632e+00 2.299999999999999961e-02 4.795831523312719079e-03
8.290147129115153390e+00 1.700000000000000122e-02 4.123105625617660280e-03
8.303595378058465926e+00 2.199999999999999872e-02 4.690415759823429731e-03
8.317043627001778461e+00 2.199999999999999872e-02 4.690415759823429731e-03
8.330491875945089220e+00 1.499999999999999944e-02 3.872983346207416883e-03
8.343940124888401755e+00 1.600000000000000033e-02 4.000000000000000083e-03
8.357388373831714290e+00 2.699999999999999969e-02 5.196152422706631739e-03
8.370836622775025049e+00 2.000000000000000042e-02 4.472135954999579763e-03
8.384284871718337584e+00 1.700000000000000122e-02 4.123105625617660280e-03
8.397733120661648343e+00 1.499999999999999944e-02 3.872983346207416883e-03
8.411181369604960878e+00 1.600000000000000033e-02 4.000000000000000083e-03
8.424629618548273413e+00 1.700000000000000122e-02 4.123105625617660280e-03
8.438077867491584172e+00 1.299999999999999940e-02 3.605551275463989101e-03
8.451526116434896707e+00 1.299999999999999940e-02 3.605551275463989101e-03
8.464974365378209242e+00 1.499999999999999944e-02 3.872983346207416883e-03
8.478422614321520001e+00 1.899999999999999953e-02 4.358898943540674351e-03
8.491870863264832536e+00 2.100000000000000130e-02 4.582575694955839593e-03
8.505319112208145071e+00 1.499999999999999944e-02 3.872983346207416883e-03
8.518767361151455830e+00 8.999999999999999320e-03 3.000000000000000062e-03
8.532215610094768365e+00 1.099999999999999936e-02 3.316624790355399838e-03
8.545663859038080901e+00 1.299999999999999940e-02 3.605551275463989101e-03
8.559112107981391659e+00 1.299999999999999940e-02 3.605551275463989101e-03
8.572560356924704195e+00 8.999999999999999320e-03 3.000000000000000062e-03
8.586008605868016730e+00 1.000000000000000021e-02 3.162277660168379394e-03
8.599456854811327489e+00 1.099999999999999936e-02 3.316624790355399838e-03
8.612905103754640024e+00 1.299999999999999940e-02 3.605551275463989101e-03
8.626353352697950783e+00 1.799999999999999864e-02 4.242640687119284860e-03
8.639801601641263318e+00 1.499999999999999944e-02 3.872983346207416883e-03
8.653249850584575853e+00 8.000000000000000167e-03 2.828427124746190485e-03
8.666698099527886612e+00 2.100000000000000130e-02 4.582575694955839593e-03
8.680146348471199147e+00 8.000000000000000167e-03 2.828427124746190485e-03
8.693594597414511682e+00 8.000000000000000167e-03 2.828427124746190485e-03
8.707042846357822441e+00 1.499999999999999944e-02 3.872983346207416883e-03
8.720491095301134976e+00 8.999999999999999320e-03 3.000000000000000062e-03
8.733939344244447511e+00 1.000000000000000021e-02 3.162277660168379394e-03
8.747387593187758270e+00 1.299999999999999940e-02 3.605551275463989101e-03
8.760835842131070805e+00 5.000000000000000104e-03 2.236067977499789881e-03
8.774284091074383340e+00 7.000000000000000146e-03 2.645751311064590758e-03
8.787732340017694099e+00 6.000000000000000125e-03 2.449489742783177854e-03
8.801180588961006634e+00 8.000000000000000167e-03 2.828427124746190485e-03
8.814628837904319170e+00 7.000000000000000146e-03 2.645751311064590758e-03
8.828077086847629928e+00 4.000000000000000083e-03 2.000000000000000042e-03
8.841525335790942464e+00 6.000000000000000125e-03 2.449489742783177854e-03
8.854973584734253222e+00 1.000000000000000021e-02 3.162277660168379394e-03
8.868421833677565758e+00 6.000000000000000125e-03 2.449489742783177854e-03
8.881870082620878293e+00 8.000000000000000167e-03 2.828427124746190485e-03
8.895318331564189052e+00 1.299999999999999940e-02 3.605551275463989101e-03
8.908766580507501587e+00 6.000000000000000125e-03 2.449489742783177854e-03
8.922214829450814122e+00 5.000000000000000104e-03 2.236067977499789881e-03
8.935663078394124881e+00 8.999999999999999320e-03 3.000000000000000062e-03
8.949111327337437416e+00 7.000000000000000146e-03 2.645751311064590758e-03
8.962559576280749951e+00 7.000000000000000146e-03 2.645751311064590758e-03
8.976007825224060710e+00 1.099999999999999936e-02 3.316624790355399838e-03
8.989456074167373245e+00 5.000000000000000104e-03 2.236067977499789881e-03
9.002904323110685780e+00 1.299999999999999940e-02 3.605551275463989101e-03
9.016352572053996539e+00 1.200000000000000025e-02 3.464101615137754348e-03
9.029800820997309074e+00 6.000000000000000125e-03 2.449489742783177854e-03
9.043249069940621609e+00 6.000000000000000125e-03 2.449489742783177854e-03
9.056697318883932368e+00 4.000000000000000083e-03 2.000000000000000042e-03
9.070145567827244903e+00 8.999999999999999320e-03 3.000000000000000062e-03
9.083593816770555662e+00 6.000000000000000125e-03 2.449489742783177854e-03
9.097042065713868197e+00 2.000000000000000042e-03 1.414213562373095243e-03
9.110490314657180733e+00 3.000000000000000062e-03 1.732050807568877174e-03
9.123938563600491491e+00 0.000000000000000000e+00 0.000000000000000000e+00
9.137386812543804027e+00 3.000000000000000062e-03 1.732050807568877174e-03
9.150835061487116562e+00 4.000000000000000083e-03 2.000000000000000042e-03
9.164283310430427321e+00 5.000000000000000104e-03 2.236067977499789881e-03
9.177731559373739856e+00 2.000000000000000042e-03 1.414213562373095243e-03
9.191179808317052391e+00 6.000000000000000125e-03 2.449489742783177854e-03
9.204628057260363150e+00 8.000000000000000167e-03 2.828427124746190485e-03
9.218076306203675685e+00 6.000000000000000125e-03 2.449489742783177854e-03
9.231524555146988220e+00 6.000000000000000125e-03 2.449489742783177854e-03
9.244972804090298979e+00 1.000000000000000021e-03 1.000000000000000021e-03
9.258421053033611514e+00 4.000000000000000083e-03 2.000000000000000042e-03
9.271869301976924049e+00 4.000000000000000083e-03 2.000000000000000042e-03
9.285317550920234808e+00 0.000000000000000000e+00 0.000000000000000000e+00
9.298765799863547343e+00 3.000000000000000062e-03 1.732050807568877174e-03
9.312214048806858102e+00 3.000000000000000062e-03 1.732050807568877174e-03
9.325662297750170637e+00 4.000000000000000083e-03 2.000000000000000042e-03
9.339110546693483172e+00 2.000000000000000042e-03 1.414213562373095243e-03
9.352558795636793931e+00 1.000000000000000021e-03 1.000000000000000021e-03
9.366007044580106466e+00 1.000000000000000021e-03 1.000000000000000021e-03
9.379455293523419002e+00 1.000000000000000021e-03 1.000000000000000021e-03
9.392903542466729760e+00 1.000000000000000021e-03 1.000000000000000021e-03
9.406351791410042296e+00 2.000000000000000042e-03 1.414213562373095243e-03
9.419800040353354831e+00 3.000000000000000062e-03 1.732050807568877174e-03
9.433248289296665590e+00 2.000000000000000042e-03 1.414213562373095243e-03
9.446696538239978125e+00 0.000000000000000000e+00 0.000000000000000000e+00
9.460144787183290660e+00 2.000000000000000042e-03 1.414213562373095243e-03
9.473593036126601419e+00 4.000000000000000083e-03 2.000000000000000042e-03
9.487041285069913954e+00 1.000000000000000021e-03 1.000000000000000021e-03
9.500489534013226489e+00 1.000000000000000021e-03 1.000000000000000021e-03
9.513937782956537248e+00 2.000000000000000042e-03 1.414213562373095243e-03
9.527386031899849783e+00 1.000000000000000021e-03 1.000000000000000021e-03
9.540834280843160542e+00 2.000000000000000042e-03 1.414213562373095243e-03
9.554282529786473077e+00 1.000000000000000021e-03 1.000000000000000021e-03
9.567730778729785612e+00 2.000000000000000042e-03 1.414213562373095243e-03
9.581179027673096371e+00 3.000000000000000062e-03 1.732050807568877174e-03
9.594627276616408906e+00 3.000000000000000062e-03 1.732050807568877174e-03
9.608075525559721441e+00 2.000000000000000042e-03 1.414213562373095243e-03
9.621523774503032200e+00 0.000000000000000000e+00 0.000000000000000000e+00
9.634972023446344735e+00 2.000000000000000042e-03 1.414213562373095243e-03
9.648420272389657271e+00 0.000000000000000000e+00 0.000000000000000000e+00
9.661868521332968029e+00 1.000000000000000021e-03 1.000000000000000021e-03
9.675316770276280565e+00 2.000000000000000042e-03 1.414213562373095243e-03
9.688765019219593100e+00 1.000000000000000021e-03 1.000000000000000021e-03
9.702213268162903859e+00 2.000000000000000042e-03 1.414213562373095243e-03
9.715661517106216394e+00 2.000000000000000042e-03 1.414213562373095243e-03
9.729109766049528929e+00 1.000000000000000021e-03 1.000000000000000021e-03
9.742558014992839688e+00 3.000000000000000062e-03 1.732050807568877174e-03
9.756006263936152223e+00 2.000000000000000042e-03 1.414213562373095243e-03
9.769454512879462982e+00 0.000000000000000000e+00 0.000000000000000000e+00
9.782902761822775517e+00 2.000000000000000042e-03 1.414213562373095243e-03
9.796351010766088052e+00 2.000000000000000042e-03 1.414213562373095243e-03
9.809799259709398811e+00 1.000000000000000021e-03 1.000000000000000021e-03
9.823247508652711346e+00 3.000000000000000062e-03 1.732050807568877174e-03
9.836695757596023881e+00 0.000000000000000000e+00 0.000000000000000000e+00
9.850144006539334640e+00 1.000000000000000021e-03 1.000000000000000021e-03
9.863592255482647175e+00 1.000000000000000021e-03 1.000000000000000021e-03
9.877040504425959710e+00 2.000000000000000042e-03 1.414213562373095243e-03
9.890488753369270469e+00 2.000000000000000042e-03 1.414213562373095243e-03
9.903937002312583004e+00 1.000000000000000021e-03 1.000000000000000021e-03
9.917385251255895540e+00 2.000000000000000042e-03 1.414213562373095243e-03
9.930833500199206298e+00 2.000000000000000042e-03 1.414213562373095243e-03
9.944281749142518834e+00 3.000000000000000062e-03 1.732050807568877174e-03
9.957729998085831369e+00 2.000000000000000042e-03 1.414213562373095243e-03
9.971178247029142128e+00 1.000000000000000021e-03 1.000000000000000021e-03
9.984626495972454663e+00 2.000000000000000042e-03 1.414213562373095243e-03
9.998074744915765422e+00 2.000000000000000042e-03 1.414213562373095243e-03
1.001152299385907796e+01 1.000000000000000021e-03 1.000000000000000021e-03
1.002497124280239049e+01 4.000000000000000083e-03 2.000000000000000042e-03
1.003841949174570125e+01 0.000000000000000000e+00 0.000000000000000000e+00
1.005186774068901379e+01 1.000000000000000021e-03 1.000000000000000021e-03
1.006531598963232632e+01 1.000000000000000021e-03 1.000000000000000021e-03
1.007876423857563708e+01 1.000000000000000021e-03 1.000000000000000021e-03
1.009221248751894962e+01 0.000000000000000000e+00 0.000000000000000000e+00
1.010566073646226215e+01 0.000000000000000000e+00 0.000000000000000000e+00
1.011910898540557291e+01 1.000000000000000021e-03 1.000000000000000021e-03
1.013255723434888544e+01 2.000000000000000042e-03 1.414213562373095243e-03
1.014600548329219798e+01 0.000000000000000000e+00 0.000000000000000000e+00
1.015945373223550874e+01 1.000000000000000021e-03 1.000000000000000021e-03
1.017290198117882127e+01 1.000000000000000021e-03 1.000000000000000021e-03
1.018635023012213381e+01 2.000000000000000042e-03 1.414213562373095243e-03
1.019979847906544457e+01 0.000000000000000000e+00 0.000000000000000000e+00
1.021324672800875710e+01 0.000000000000000000e+00 0.000000000000000000e+00
1.022669497695206786e+01 1.000000000000000021e-03 1.000000000000000021e-03
1.024014322589538040e+01 0.000000000000000000e+00 0.000000000000000000e+00
1.025359147483869293e+01 2.000000000000000042e-03 1.414213562373095243e-03
1.026703972378200369e+01 1.000000000000000021e-03 1.000000000000000021e-03
1.028048797272531623e+01 1.000000000000000021e-03 1.000000000000000021e-03
1.029393622166862876e+01 1.000000000000000021e-03 1.000000000000000021e-03
1.030738447061193952e+01 2.000000000000000042e-03 1.414213562373095243e-03
1.032083271955525205e+01 0.000000000000000000e+00 0.000000000000000000e+00
1.033428096849856459e+01 1.000000000000000021e-03 1.000000000000000021e-03
1.034772921744187535e+01 3.000000000000000062e-03 1.732050807568877174e-03
1.036117746638518788e+01 0.000000000000000000e+00 0.000000000000000000e+00
1.037462571532850042e+01 1.000000000000000021e-03 1.000000000000000021e-03
1.038807396427181118e+01 0.000000000000000000e+00 0.000000000000000000e+00
1.040152221321512371e+01 2.000000000000000042e-03 1.414213562373095243e-03
1.041497046215843625e+01 0.000000000000000000e+00 0.000000000000000000e+00
1.042841871110174701e+01 0.000000000000000000e+00 0.000000000000000000e+00
1.044186696004505954e+01 1.000000000000000021e-03 1.000000000000000021e-03
1.045531520898837030e+01 2.000000000000000042e-03 1.414213562373095243e-03
1.046876345793168284e+01 0.000000000000000000e+00 0.000000000000000000e+00
1.048221170687499537e+01 0.000000000000000000e+00 0.000000000000000000e+00
1.049565995581830613e+01 3.000000000000000062e-03 1.732050807568877174e-03
1.050910820476161867e+01 2.000000000000000042e-03 1.414213562373095243e-03
1.052255645370493120e+01 0.000000000000000000e+00 0.000000000000000000e+00
1.053600470264824196e+01 2.000000000000000042e-03 1.414213562373095243e-03
1.054945295159155449e+01 1.000000000000000021e-03 1.000000000000000021e-03
1.056290120053486703e+01 2.000000000000000042e-03 1.414213562373095243e-03
1.057634944947817779e+01 1.000000000000000021e-03 1.000000000000000021e-03
1.058979769842149032e+01 1.000000000000000021e-03 1.000000000000000021e-03
1.060324594736480286e+01 1.000000000000000021e-03 1.000000000000000021e-03
1.061669419630811362e+01 2.000000000000000042e-03 1.414213562373095243e-03
1.063014244525142615e+01 0.000000000000000000e+00 0.000000000000000000e+00
1.064359069419473869e+01 0.000000000000000000e+00 0.000000000000000000e+00
1.065703894313804945e+01 2.000000000000000042e-03 1.414213562373095243e-03
1.067048719208136198e+01 0.000000000000000000e+00 0.000000000000000000e+00
1.068393544102467274e+01 0.000000000000000000e+00 0.000000000000000000e+00
1.069738368996798528e+01 2.000000000000000042e-03 1.414213562373095243e-03
1.071083193891129781e+01 0.000000000000000000e+00 0.000000000000000000e+00
1.072428018785460857e+01 0.000000000000000000e+00 0.000000000000000000e+00
1.073772843679792111e+01 0.000000000000000000e+00 0.000000000000000000e+00
1.075117668574123364e+01 1.000000000000000021e-03 1.000000000000000021e-03
1.076462493468454440e+01 0.000000000000000000e+00 0.000000000000000000e+00
1.077807318362785693e+01 1.000000000000000021e-03 1.000000000000000021e-03
1.079152143257116947e+01 0.000000000000000000e+00 0.000000000000000000e+00
1.080496968151448023e+01 1.000000000000000021e-03 1.000000000000000021e-03
1.081841793045779276e+01 1.000000000000000021e-03 1.000000000000000021e-03
1.083186617940110530e+01 0.000000000000000000e+00 0.000000000000000000e+00
1.084531442834441606e+01 1.000000000000000021e-03 1.000000000000000021e-03
1.085876267728772859e+01 0.000000000000000000e+00 0.000000000000000000e+00
1.087221092623104113e+01 2.000000000000000042e-03 1.414213562373095243e-03
1.088565917517435189e+01 1.000000000000000021e-03 1.000000000000000021e-03
1.089910742411766442e+01 2.000000000000000042e-03 1.414213562373095243e-03
1.091255567306097518e+01 0.000000000000000000e+00 0.000000000000000000e+00
1.092600392200428772e+01 2.000000000000000042e-03 1.414213562373095243e-03
1.093945217094760025e+01 0.000000000000000000e+00 0.000000000000000000e+00
1.095290041989091101e+01 0.000000000000000000e+00 0.000000000000000000e+00
1.096634866883422355e+01 1.000000000000000021e-03 1.000000000000000021e-03
1.097979691777753608e+01 0.000000000000000000e+00 0.000000000000000000e+00
1.099324516672084684e+01 0.000000000000000000e+00 0.000000000000000000e+00
1.100669341566415937e+01 0.000000000000000000e+00 0.000000000000000000e+00
1.102014166460747191e+01 1.000000000000000021e-03 1.000000000000000021e-03
1.103358991355078267e+01 1.000000000000000021e-03 1.000000000000000021e-03
1.104703816249409520e+01 1.000000000000000021e-03 1.000000000000000021e-03
1.106048641143740774e+01 1.000000000000000021e-03 1.000000000000000021e-03
1.107393466038071850e+01 0.000000000000000000e+00 0.000000000000000000e+00
1.108738290932403103e+01 1.000000000000000021e-03 1.000000000000000021e-03
1.110083115826734357e+01 1.000000000000000021e-03 1.000000000000000021e-03
1.111427940721065433e+01 0.000000000000000000e+00 0.000000000000000000e+00
1.112772765615396686e+01 2.000000000000000042e-03 1.414213562373095243e-03
1.114117590509727762e+01 0.000000000000000000e+00 0.000000000000000000e+00
1.115462415404059016e+01 1.000000000000000021e-03 1.000000000000000021e-03
1.116807240298390269e+01 1.000000000000000021e-03 1.000000000000000021e-03
1.118152065192721345e+01 0.000000000000000000e+00 0.000000000000000000e+00
1.119496890087052599e+01 0.000000000000000000e+00 0.000000000000000000e+00
1.120841714981383852e+01 1.000000000000000021e-03 1.000000000000000021e-03
1.122186539875714928e+01 0.000000000000000000e+00 0.000000000000000000e+00
1.123531364770046181e+01 0.000000000000000000e+00 0.000000000000000000e+00
1.124876189664377435e+01 2.000000000000000042e-03 1.414213562373095243e-03
1.126221014558708511e+01 0.000000000000000000e+00 0.000000000000000000e+00
1.127565839453039764e+01 2.000000000000000042e-03 1.414213562373095243e-03
1.128910664347371018e+01 2.000000000000000042e-03 1.414213562373095243e-03
1.130255489241702094e+01 0.000000000000000000e+00 0.000000000000000000e+00
1.131600314136033347e+01 0.000000000000000000e+00 0.000000000000000000e+00
1.132945139030364601e+01 0.000000000000000000e+00 0.000000000000000000e+00
1.134289963924695677e+01 2.000000000000000042e-03 1.414213562373095243e-03
1.135634788819026930e+01 2.000000000000000042e-03 1.414213562373095243e-03
1.136979613713358006e+01 0.000000000000000000e+00 0.000000000000000000e+00
1.138324438607689260e+01 0.000000000000000000e+00 0.000000000000000000e+00
1.139669263502020513e+01 1.000000000000000021e-03 1.000000000000000021e-03
1.141014088396351589e+01 0.000000000000000000e+00 0.000000000000000000e+00
1.142358913290682843e+01 0.000000000000000000e+00 0.000000000000000000e+00
1.143703738185014096e+01 0.000000000000000000e+00 0.000000000000000000e+00
1.145048563079345172e+01 0.000000000000000000e+00 0.000000000000000000e+00
1.146393387973676425e+01 0.000000000000000000e+00 0.000000000000000000e+00
1.147738212868007679e+01 0.000000000000000000e+00 0.000000000000000000e+00
1.149083037762338755e+01 1.000000000000000021e-03 1.000000000000000021e-03
1.150427862656670008e+01 1.000000000000000021e-03 1.000000000000000021e-03
1.151772687551001262e+01 0.000000000000000000e+00 0.000000000000000000e+00
1.153117512445332338e+01 0.000000000000000000e+00 0.000000000000000000e+00
1.154462337339663591e+01 0.000000000000000000e+00 0.000000000000000000e+00
1.155807162233994845e+01 0.000000000000000000e+00 0.000000000000000000e+00
1.157151987128325921e+01 1.000000000000000021e-03 1.000000000000000021e-03
1.158496812022657174e+01 0.000000000000000000e+00 0.000000000000000000e+00
1.159841636916988250e+01 2.000000000000000042e-03 1.414213562373095243e-03
1.161186461811319504e+01 1.000000000000000021e-03 1.000000000000000021e-03
1.162531286705650757e+01 4.000000000000000083e-03 2.000000000000000042e-03
1.163876111599981833e+01 0.000000000000000000e+00 0.000000000000000000e+00
1.165220936494313086e+01 0.000000000000000000e+00 0.000000000000000000e+00
1.166565761388644340e+01 0.000000000000000000e+00 0.000000000000000000e+00
1.167910586282975416e+01 0.000000000000000000e+00 0.000000000000000000e+00
1.169255411177306669e+01 0.000000000000000000e+00 0.000000000000000000e+00
1.170600236071637923e+01 0.000000000000000000e+00 0.000000000000000000e+00
1.171945060965968999e+01 0.000000000000000000e+00 0.000000000000000000e+00
1.173289885860300252e+01 2.000000000000000042e-03 1.414213562373095243e-03
1.174634710754631506e+01 0.000000000000000000e+00 0.000000000000000000e+00
1.175979535648962582e+01 0.000000000000000000e+00 0.000000000000000000e+00
1.177324360543293835e+01 0.000000000000000000e+00 0.000000000000000000e+00
1.178669185437625089e+01 0.000000000000000000e+00 0.000000000000000000e+00
1.180014010331956165e+01 0.000000000000000000e+00 0.000000000000000000e+00
1.181358835226287418e+01 1.000000000000000021e-03 1.000000000000000021e-03
1.182703660120618672e+01 0.000000000000000000e+00 0.000000000000000000e+00
1.184048485014949748e+01 1.000000000000000021e-03 1.000000000000000021e-03
1.185393309909281001e+01 1.000000000000000021e-03 1.000000000000000021e-03
1.186738134803612077e+01 1.000000000000000021e-03 1.000000000000000021e-03
1.188082959697943330e+01 0.000000000000000000e+00 0.000000000000000000e+00
1.189427784592274584e+01 0.000000000000000000e+00 0.000000000000000000e+00
1.190772609486605660e+01 1.000000000000000021e-03 1.000000000000000021e-03
1.192117434380936913e+01 0.000000000000000000e+00 0.000000000000000000e+00
1.193462259275268167e+01 0.000000000000000000e+00 0.000000000000000000e+00
1.194807084169599243e+01 0.000000000000000000e+00 0.000000000000000000e+00
1.196151909063930496e+01 0.000000000000000000e+00 0.000000000000000000e+00
1.197496733958261750e+01 0.000000000000000000e+00 0.000000000000000000e+00
1.198841558852592826e+01 0.000000000000000000e+00 0.000000000000000000e+00
1.200186383746924079e+01 0.000000000000000000e+00 0.000000000000000000e+00
1.201531208641255333e+01 1.000000000000000021e-03 1.000000000000000021e-03
1.202876033535586409e+01 0.000000000000000000e+00 0.000000000000000000e+00
1.204220858429917662e+01 0.000000000000000000e+00 0.000000000000000000e+00
1.205565683324248916e+01 0.000000000000000000e+00 0.000000000000000000e+00
1.206910508218579992e+01 0.000000000000000000e+00 0.000000000000000000e+00
1.208255333112911245e+01 0.000000000000000000e+00 0.000000000000000000e+00
1.209600158007242321e+01 0.000000000000000000e+00 0.000000000000000000e+00
1.210944982901573574e+01 0.000000000000000000e+00 0.000000000000000000e+00
1.212289807795904828e+01 0.000000000000000000e+00 0.000000000000000000e+00
1.213634632690235904e+01 0.000000000000000000e+00 0.000000000000000000e+00
1.214979457584567157e+01 1.000000000000000021e-03 1.000000000000000021e-03
1.216324282478898411e+01 0.000000000000000000e+00 0.000000000000000000e+00
1.217669107373229487e+01 1.000000000000000021e-03 1.000000000000000021e-03
1.219013932267560740e+01 0.000000000000000000e+00 0.000000000000000000e+00
1.220358757161891994e+01 0.000000000000000000e+00 0.000000000000000000e+00
1.221703582056223070e+01 2.000000000000000042e-03 1.414213562373095243e-03
1.223048406950554323e+01 0.000000000000000000e+00 0.000000000000000000e+00
1.224393231844885577e+01 0.000000000000000000e+00 0.000000000000000000e+00
1.225738056739216653e+01 0.000000000000000000e+00 0.000000000000000000e+00
1.227082881633547906e+01 0.000000000000000000e+00 0.000000000000000000e+00
1.228427706527879160e+01 0.000000000000000000e+00 0.000000000000000000e+00
1.229772531422210236e+01 0.000000000000000000e+00 0.000000000000000000e+00
1.231117356316541489e+01 0.000000000000000000e+00 0.000000000000000000e+00
1.232462181210872565e+01 0.000000000000000000e+00 0.000000000000000000e+00
1.233807006105203818e+01 0.000000000000000000e+00 0.000000000000000000e+00
1.235151830999535072e+01 0.000000000000000000e+00 0.000000000000000000e+00
1.236496655893866148e+01 0.000000000000000000e+00 0.000000000000000000e+00
1.237841480788197401e+01 0.000000000000000000e+00 0.000000000000000000e+00
1.239186305682528655e+01 0.000000000000000000e+00 0.000000000000000000e+00
1.240531130576859731e+01 0.000000000000000000e+00 0.000000000000000000e+00
1.241875955471190984e+01 0.000000000000000000e+00 0.000000000000000000e+00
1.243220780365522238e+01 0.000000000000000000e+00 0.000000000000000000e+00
1.244565605259853314e+01 1.000000000000000021e-03 1.000000000000000021e-03
1.245910430154184567e+01 0.000000000000000000e+00 0.000000000000000000e+00
1.247255255048515821e+01 0.000000000000000000e+00 0.000000000000000000e+00
1.248600079942846897e+01 0.000000000000000000e+00 0.000000000000000000e+00
1.249944904837178150e+01 0.000000000000000000e+00 0.000000000000000000e+00
1.251289729731509404e+01 0.000000000000000000e+00 0.000000000000000000e+00
1.252634554625840480e+01 0.000000000000000000e+00 0.000000000000000000e+00
1.253979379520171733e+01 0.000000000000000000e+00 0.000000000000000000e+00
1.255324204414502809e+01 1.000000000000000021e-03 1.000000000000000021e-03
1.256669029308834062e+01 0.000000000000000000e+00 0.000000000000000000e+00
1.258013854203165316e+01 0.000000000000000000e+00 0.000000000000000000e+00
1.259358679097496392e+01 0.000000000000000000e+00 0.000000000000000000e+00
1.260703503991827645e+01 0.000000000000000000e+00 0.000000000000000000e+00
1.262048328886158899e+01 0.000000000000000000e+00 0.000000000000000000e+00
1.263393153780489975e+01 0.000000000000000000e+00 0.000000000000000000e+00
1.264737978674821228e+01 0.000000000000000000e+00 0.000000000000000000e+00
1.266082803569152482e+01 0.000000000000000000e+00 0.000000000000000000e+00
1.267427628463483558e+01 0.000000000000000000e+00 0.000000000000000000e+00
1.268772453357814811e+01 0.000000000000000000e+00 0.000000000000000000e+00
1.270117278252146065e+01 0.000000000000000000e+00 0.000000000000000000e+00
1.271462103146477141e+01 1.000000000000000021e-03 1.000000000000000021e-03
1.272806928040808394e+01 0.000000000000000000e+00 0.000000000000000000e+00
1.274151752935139648e+01 0.000000000000000000e+00 0.000000000000000000e+00
1.275496577829470723e+01 0.000000000000000000e+00 0.000000000000000000e+00
1.276841402723801977e+01 0.000000000000000000e+00 0.000000000000000000e+00
1.278186227618133053e+01 0.000000000000000000e+00 0.000000000000000000e+00
1.279531052512464306e+01 0.000000000000000000e+00 0.000000000000000000e+00
1.280875877406795560e+01 0.000000000000000000e+00 0.000000000000000000e+00
1.282220702301126636e+01 0.000000000000000000e+00 0.000000000000000000e+00
1.283565527195457889e+01 0.000000000000000000e+00 0.000000000000000000e+00
1.284910352089789143e+01 0.000000000000000000e+00 0.000000000000000000e+00
1.286255176984120219e+01 0.000000000000000000e+00 0.000000000000000000e+00
1.287600001878451472e+01 0.000000000000000000e+00 0.000000000000000000e+00
1.288944826772782726e+01 0.000000000000000000e+00 0.000000000000000000e+00
1.290289651667113802e+01 1.000000000000000021e-03 1.000000000000000021e-03
1.291634476561445055e+01 0.000000000000000000e+00 0.000000000000000000e+00
1.292979301455776309e+01 0.000000000000000000e+00 0.000000000000000000e+00
1.294324126350107385e+01 0.000000000000000000e+00 0.000000000000000000e+00
1.295668951244438638e+01 0.000000000000000000e+00 0.000000000000000000e+00
1.297013776138769892e+01 0.000000000000000000e+00 0.000000000000000000e+00
1.298358601033100967e+01 0.000000000000000000e+00 0.000000000000000000e+00
1.299703425927432221e+01 0.000000000000000000e+00 0.000000000000000000e+00
1.301048250821763297e+01 1.000000000000000021e-03 1.000000000000000021e-03
1.302393075716094550e+01 0.000000000000000000e+00 0.000000000000000000e+00
1.303737900610425804e+01 0.000000000000000000e+00 0.000000000000000000e+00
1.305082725504756880e+01 0.000000000000000000e+00 0.000000000000000000e+00
1.306427550399088133e+01 0.000000000000000000e+00 0.000000000000000000e+00
1.307772375293419387e+01 0.000000000000000000e+00 0.000000000000000000e+00
1.309117200187750463e+01 0.000000000000000000e+00 0.000000000000000000e+00
1.310462025082081716e+01 0.000000000000000000e+00 0.000000000000000000e+00
1.311806849976412970e+01 0.000000000000000000e+00 0.000000000000000000e+00
1.313151674870744046e+01 0.000000000000000000e+00 0.000000000000000000e+00
1.314496499765075299e+01 0.000000000000000000e+00 0.000000000000000000e+00
1.315841324659406553e+01 0.000000000000000000e+00 0.000000000000000000e+00
1.317186149553737629e+01 1.000000000000000021e-03 1.000000000000000021e-03
1.318530974448068882e+01 0.000000000000000000e+00 0.000000000000000000e+00
1.319875799342400136e+01 0.000000000000000000e+00 0.000000000000000000e+00
1.321220624236731211e+01 0.000000000000000000e+00 0.000000000000000000e+00
1.322565449131062465e+01 0.000000000000000000e+00 0.000000000000000000e+00
1.323910274025393541e+01 0.000000000000000000e+00 0.000000000000000000e+00
1.325255098919724794e+01 0.000000000000000000e+00 0.000000000000000000e+00
1.326599923814056048e+01 0.000000000000000000e+00 0.000000000000000000e+00
1.327944748708387124e+01 1.000000000000000021e-03 1.000000000000000021e-03
1.329289573602718377e+01 0.000000000000000000e+00 0.000000000000000000e+00
1.330634398497049631e+01 0.000000000000000000e+00 0.000000000000000000e+00
1.331979223391380707e+01 0.000000000000000000e+00 0.000000000000000000e+00
1.333324048285711960e+01 0.000000000000000000e+00 0.000000000000000000e+00
1.334668873180043214e+01 0.000000000000000000e+00 0.000000000000000000e+00
1.336013698074374290e+01 0.000000000000000000e+00 0.000000000000000000e+00
1.337358522968705543e+01 0.000000000000000000e+00 0.000000000000000000e+00
1.338703347863036797e+01 0.000000000000000000e+00 0.000000000000000000e+00
1.340048172757367873e+01 0.000000000000000000e+00 0.000000000000000000e+00
1.341392997651699126e+01 0.000000000000000000e+00 0.000000000000000000e+00
1.342737822546030380e+01 0.000000000000000000e+00 0.000000000000000000e+00
1.344082647440361455e+01 0.000000000000000000e+00 0.000000000000000000e+00
1.345427472334692709e+01 0.000000000000000000e+00 0.000000000000000000e+00
1.346772297229023785e+01 0.000000000000000000e+00 0.000000000000000000e+00
1.348117122123355038e+01 0.000000000000000000e+00 0.000000000000000000e+00
1.349461947017686292e+01 0.000000000000000000e+00 0.000000000000000000e+00
1.350806771912017368e+01 0.000000000000000000e+00 0.000000000000000000e+00
1.352151596806348621e+01 0.000000000000000000e+00 0.000000000000000000e+00
1.353496421700679875e+01 0.000000000000000000e+00 0.000000000000000000e+00
1.354841246595010951e+01 0.000000000000000000e+00 0.000000000000000000e+00
1.356186071489342204e+01 0.000000000000000000e+00 0.000000000000000000e+00
1.357530896383673458e+01 0.000000000000000000e+00 0.000000000000000000e+00
1.358875721278004534e+01 0.000000000000000000e+00 0.000000000000000000e+00
1.360220546172335787e+01 0.000000000000000000e+00 0.000000000000000000e+00
1.361565371066667041e+01 0.000000000000000000e+00 0.000000000000000000e+00
1.362910195960998117e+01 0.000000000000000000e+00 0.000000000000000000e+00
1.364255020855329370e+01 0.000000000000000000e+00 0.000000000000000000e+00
1.365599845749660624e+01 0.000000000000000000e+00 0.000000000000000000e+00
1.366944670643991699e+01 1.000000000000000021e-03 1.000000000000000021e-03
1.368289495538322953e+01 0.000000000000000000e+00 0.000000000000000000e+00
1.369634320432654029e+01 0.000000000000000000e+00 0.000000000000000000e+00
1.370979145326985282e+01 0.000000000000000000e+00 0.000000000000000000e+00
1.372323970221316536e+01 0.000000000000000000e+00 0.000000000000000000e+00
1.373668795115647612e+01 1.000000000000000021e-03 1.000000000000000021e-03
1.375013620009978865e+01 0.000000000000000000e+00 0.000000000000000000e+00
1.376358444904310119e+01 0.000000000000000000e+00 0.000000000000000000e+00
1.377703269798641017e+01 0.000000000000000000e+00 0.000000000000000000e+00
1.379048094692972271e+01 1.000000000000000021e-03 1.000000000000000021e-03
1.380392919587303524e+01 0.000000000000000000e+00 0.000000000000000000e+00
1.381737744481634600e+01 0.000000000000000000e+00 0.000000000000000000e+00
1.383082569375965853e+01 1.000000000000000021e-03 1.000000000000000021e-03
1.384427394270297107e+01 0.000000000000000000e+00 0.000000000000000000e+00
1.385772219164628183e+01 0.000000000000000000e+00 0.000000000000000000e+00
1.387117044058959436e+01 0.000000000000000000e+00 0.000000000000000000e+00
1.388461868953290690e+01 0.000000000000000000e+00 0.000000000000000000e+00
1.389806693847621766e+01 1.000000000000000021e-03 1.000000000000000021e-03
1.391151518741953019e+01 0.000000000000000000e+00 0.000000000000000000e+00
1.392496343636284273e+01 0.000000000000000000e+00 0.000000000000000000e+00
1.393841168530615349e+01 0.000000000000000000e+00 0.000000000000000000e+00
1.395185993424946602e+01 0.000000000000000000e+00 0.000000000000000000e+00
1.396530818319277856e+01 0.000000000000000000e+00 0.000000000000000000e+00
1.397875643213608932e+01 0.000000000000000000e+00 0.000000000000000000e+00
1.399220468107940185e+01 0.000000000000000000e+00 0.000000000000000000e+00
1.400565293002271261e+01 0.000000000000000000e+00 0.000000000000000000e+00
1.401910117896602515e+01 0.000000000000000000e+00 0.000000000000000000e+00
1.403254942790933768e+01 0.000000000000000000e+00 0.000000000000000000e+00
1.404599767685264844e+01 0.000000000000000000e+00 0.000000000000000000e+00
1.405944592579596097e+01 0.000000000000000000e+00 0.000000000000000000e+00
1.407289417473927351e+01 0.000000000000000000e+00 0.000000000000000000e+00
1.408634242368258427e+01 0.000000000000000000e+00 0.000000000000000000e+00
1.409979067262589680e+01 0.000000000000000000e+00 0.000000000000000000e+00
1.411323892156920934e+01 0.000000000000000000e+00 0.000000000000000000e+00
1.412668717051252010e+01 0.000000000000000000e+00 0.000000000000000000e+00
1.414013541945583263e+01 0.000000000000000000e+00 0.000000000000000000e+00
1.415358366839914517e+01 0.000000000000000000e+00 0.000000000000000000e+00
1.416703191734245593e+01 0.000000000000000000e+00 0.000000000000000000e+00
1.418048016628576846e+01 0.000000000000000000e+00 0.000000000000000000e+00
1.419392841522908100e+01 0.000000000000000000e+00 0.000000000000000000e+00
1.420737666417239176e+01 0.000000000000000000e+00 0.000000000000000000e+00
1.422082491311570429e+01 0.000000000000000000e+00 0.000000000000000000e+00
1.423427316205901505e+01 0.000000000000000000e+00 0.000000000000000000e+00
1.424772141100232759e+01 0.000000000000000000e+00 0.000000000000000000e+00
1.426116965994564012e+01 0.000000000000000000e+00 0.000000000000000000e+00
1.427461790888895088e+01 0.000000000000000000e+00 0.000000000000000000e+00
1.428806615783226341e+01 0.000000000000000000e+00 0.000000000000000000e+00
1.430151440677557595e+01 0.000000000000000000e+00 0.000000000000000000e+00
1.431496265571888671e+01 0.000000000000000000e+00 0.000000000000000000e+00
1.432841090466219924e+01 0.000000000000000000e+00 0.000000000000000000e+00
1.434185915360551178e+01 0.000000000000000000e+00 0.000000000000000000e+00
1.435530740254882254e+01 0.000000000000000000e+00 0.000000000000000000e+00
1.436875565149213507e+01 0.000000000000000000e+00 0.000000000000000000e+00
1.438220390043544761e+01 0.000000000000000000e+00 0.000000000000000000e+00
1.439565214937875837e+01 0.000000000000000000e+00 0.000000000000000000e+00
1.440910039832207090e+01 0.000000000000000000e+00 0.000000000000000000e+00
1.442254864726538344e+01 0.000000000000000000e+00 0.000000000000000000e+00
1.443599689620869420e+01 0.000000000000000000e+00 0.000000000000000000e+00
1.444944514515200673e+01 0.000000000000000000e+00 0.000000000000000000e+00
1.446289339409531749e+01 0.000000000000000000e+00 0.000000000000000000e+00
1.447634164303863002e+01 0.000000000000000000e+00 0.000000000000000000e+00
1.448978989198194256e+01 0.000000000000000000e+00 0.000000000000000000e+00
1.450323814092525332e+01 0.000000000000000000e+00 0.000000000000000000e+00
1.451668638986856585e+01 0.000000000000000000e+00 0.000000000000000000e+00
1.453013463881187839e+01 0.000000000000000000e+00 0.000000000000000000e+00
1.454358288775518915e+01 0.000000000000000000e+00 0.000000000000000000e+00
1.455703113669850168e+01 0.000000000000000000e+00 0.000000000000000000e+00
1.457047938564181422e+01 0.000000000000000000e+00 0.000000000000000000e+00
1.458392763458512498e+01 0.000000000000000000e+00 0.000000000000000000e+00
1.459737588352843751e+01 0.000000000000000000e+00 0.000000000000000000e+00
1.461082413247175005e+01 0.000000000000000000e+00 0.000000000000000000e+00
1.462427238141506081e+01 0.000000000000000000e+00 0.000000000000000000e+00
1.463772063035837334e+01 0.000000000000000000e+00 0.000000000000000000e+00
1.465116887930168588e+01 0.000000000000000000e+00 0.000000000000000000e+00
1.466461712824499664e+01 0.000000000000000000e+00 0.000000000000000000e+00
1.467806537718830917e+01 0.000000000000000000e+00 0.000000000000000000e+00
1.469151362613161993e+01 0.000000000000000000e+00 0.000000000000000000e+00
1.470496187507493246e+01 0.000000000000000000e+00 0.000000000000000000e+00
1.471841012401824500e+01 0.000000000000000000e+00 0.000000000000000000e+00
1.473185837296155576e+01 0.000000000000000000e+00 0.000000000000000000e+00
1.474530662190486829e+01 0.000000000000000000e+00 0.000000000000000000e+00
1.475875487084818083e+01 0.000000000000000000e+00 0.000000000000000000e+00
1.477220311979149159e+01 0.000000000000000000e+00 0.000000000000000000e+00
1.478565136873480412e+01 0.000000000000000000e+00 0.000000000000000000e+00
1.479909961767811666e+01 0.000000000000000000e+00 0.000000000000000000e+00
1.481254786662142742e+01 0.000000000000000000e+00 0.000000000000000000e+00
1.482599611556473995e+01 0.000000000000000000e+00 0.000000000000000000e+00
1.483944436450805249e+01 0.000000000000000000e+00 0.000000000000000000e+00
1.485289261345136325e+01 0.000000000000000000e+00 0.000000000000000000e+00
1.486634086239467578e+01 0.000000000000000000e+00 0.000000000000000000e+00
1.487978911133798832e+01 0.000000000000000000e+00 0.000000000000000000e+00
1.489323736028129908e+01 0.000000000000000000e+00 0.000000000000000000e+00
1.490668560922461161e+01 0.000000000000000000e+00 0.000000000000000000e+00
1.492013385816792237e+01 0.000000000000000000e+00 0.000000000000000000e+00
1.493358210711123490e+01 0.000000000000000000e+00 0.000000000000000000e+00
1.494703035605454744e+01 0.000000000000000000e+00 0.000000000000000000e+00
1.496047860499785820e+01 0.000000000000000000e+00 0.000000000000000000e+00
1.497392685394117073e+01 0.000000000000000000e+00 0.000000000000000000e+00
1.498737510288448327e+01 0.000000000000000000e+00 0.000000000000000000e+00
1.500082335182779403e+01 0.000000000000000000e+00 0.000000000000000000e+00
1.501427160077110656e+01 0.000000000000000000e+00 0.000000000000000000e+00
1.502771984971441910e+01 0.000000000000000000e+00 0.000000000000000000e+00
1.504116809865772986e+01 0.000000000000000000e+00 0.000000000000000000e+00
1.505461634760104239e+01 0.000000000000000000e+00 0.000000000000000000e+00
1.506806459654435493e+01 0.000000000000000000e+00 0.000000000000000000e+00
1.508151284548766569e+01 0.000000000000000000e+00 0.000000000000000000e+00
1.509496109443097822e+01 0.000000000000000000e+00 0.000000000000000000e+00
1.510840934337429076e+01 0.000000000000000000e+00 0.000000000000000000e+00
1.512185759231760152e+01 0.000000000000000000e+00 0.000000000000000000e+00
1.513530584126091405e+01 0.000000000000000000e+00 0.000000000000000000e+00
1.514875409020422481e+01 0.000000000000000000e+00 0.000000000000000000e+00
1.516220233914753734e+01 0.000000000000000000e+00 0.000000000000000000e+00
1.517565058809084988e+01 0.000000000000000000e+00 0.000000000000000000e+00
1.518909883703416064e+01 0.000000000000000000e+00 0.000000000000000000e+00
1.520254708597747317e+01 0.000000000000000000e+00 0.000000000000000000e+00
1.521599533492078571e+01 0.000000000000000000e+00 0.000000000000000000e+00
1.522944358386409647e+01 0.000000000000000000e+00 0.000000000000000000e+00
1.524289183280740900e+01 0.000000000000000000e+00 0.000000000000000000e+00
1.525634008175072154e+01 0.000000000000000000e+00 0.000000000000000000e+00
1.526978833069403230e+01 0.000000000000000000e+00 0.000000000000000000e+00
1.528323657963734483e+01 0.000000000000000000e+00 0.000000000000000000e+00
1.529668482858065737e+01 0.000000000000000000e+00 0.000000000000000000e+00
1.531013307752396813e+01 0.000000000000000000e+00 0.000000000000000000e+00
1.532358132646728066e+01 0.000000000000000000e+00 0.000000000000000000e+00
1.533702957541059320e+01 0.000000000000000000e+00 0.000000000000000000e+00
1.535047782435390396e+01 0.000000000000000000e+00 0.000000000000000000e+00
1.536392607329721649e+01 0.000000000000000000e+00 0.000000000000000000e+00
1.537737432224052725e+01 0.000000000000000000e+00 0.000000000000000000e+00
1.539082257118383978e+01 0.000000000000000000e+00 0.000000000000000000e+00
1.540427082012715232e+01 0.000000000000000000e+00 0.000000000000000000e+00
1.541771906907046308e+01 0.000000000000000000e+00 0.000000000000000000e+00
1.543116731801377561e+01 0.000000000000000000e+00 0.000000000000000000e+00
1.544461556695708815e+01 0.000000000000000000e+00 0.000000000000000000e+00
1.545806381590039891e+01 0.000000000000000000e+00 0.000000000000000000e+00
1.547151206484371144e+01 0.000000000000000000e+00 0.000000000000000000e+00
1.548496031378702398e+01 0.000000000000000000e+00 0.000000000000000000e+00
1.549840856273033474e+01 0.000000000000000000e+00 0.000000000000000000e+00
1.551185681167364727e+01 0.000000000000000000e+00 0.000000000000000000e+00
1.552530506061695981e+01 0.000000000000000000e+00 0.000000000000000000e+00
1.553875330956027057e+01 0.000000000000000000e+00 0.000000000000000000e+00
1.555220155850358310e+01 0.000000000000000000e+00 0.000000000000000000e+00
1.556564980744689564e+01 0.000000000000000000e+00 0.000000000000000000e+00
1.557909805639020639e+01 0.000000000000000000e+00 0.000000000000000000e+00
1.559254630533351893e+01 0.000000000000000000e+00 0.000000000000000000e+00
1.560599455427682969e+01 0.000000000000000000e+00 0.000000000000000000e+00
1.561944280322014222e+01 0.000000000000000000e+00 0.000000000000000000e+00
1.563289105216345476e+01 0.000000000000000000e+00 0.000000000000000000e+00
1.564633930110676552e+01 0.000000000000000000e+00 0.000000000000000000e+00
1.565978755005007805e+01 0.000000000000000000e+00 0.000000000000000000e+00
1.567323579899339059e+01 0.000000000000000000e+00 0.000000000000000000e+00
1.568668404793670135e+01 0.000000000000000000e+00 0.000000000000000000e+00
1.570013229688001388e+01 0.000000000000000000e+00 0.000000000000000000e+00
1.571358054582332642e+01 0.000000000000000000e+00 0.000000000000000000e+00
1.572702879476663718e+01 0.000000000000000000e+00 0.000000000000000000e+00
1.574047704370994971e+01 0.000000000000000000e+00 0.000000000000000000e+00
1.575392529265326225e+01 0.000000000000000000e+00 0.000000000000000000e+00
1.576737354159657301e+01 0.000000000000000000e+00 0.000000000000000000e+00
1.578082179053988554e+01 0.000000000000000000e+00 0.000000000000000000e+00
1.579427003948319808e+01 0.000000000000000000e+00 0.000000000000000000e+00
1.580771828842650883e+01 0.000000000000000000e+00 0.000000000000000000e+00
1.582116653736982137e+01 0.000000000000000000e+00 0.000000000000000000e+00
1.583461478631313213e+01 0.000000000000000000e+00 0.000000000000000000e+00
1.584806303525644466e+01 0.000000000000000000e+00 0.000000000000000000e+00
1.586151128419975720e+01 0.000000000000000000e+00 0.000000000000000000e+00
1.587495953314306796e+01 0.000000000000000000e+00 0.000000000000000000e+00
1.588840778208638049e+01 0.000000000000000000e+00 0.000000000000000000e+00
1.590185603102969303e+01 0.000000000000000000e+00 0.000000000000000000e+00
1.591530427997300379e+01 0.000000000000000000e+00 0.000000000000000000e+00
1.592875252891631632e+01 0.000000000000000000e+00 0.000000000000000000e+00
1.594220077785962886e+01 0.000000000000000000e+00 0.000000000000000000e+00
1.595564902680293962e+01 0.000000000000000000e+00 0.000000000000000000e+00
1.596909727574625215e+01 0.000000000000000000e+00 0.000000000000000000e+00
1.598254552468956469e+01 0.000000000000000000e+00 0.000000000000000000e+00
1.599599377363287545e+01 0.000000000000000000e+00 0.000000000000000000e+00
1.600944202257618798e+01 0.000000000000000000e+00 0.000000000000000000e+00
1.602289027151950052e+01 0.000000000000000000e+00 0.000000000000000000e+00
1.603633852046281305e+01 0.000000000000000000e+00 0.000000000000000000e+00
1.604978676940612203e+01 0.000000000000000000e+00 0.000000000000000000e+00
1.606323501834943457e+01 0.000000000000000000e+00 0.000000000000000000e+00
1.607668326729274710e+01 0.000000000000000000e+00 0.000000000000000000e+00
1.609013151623605964e+01 0.000000000000000000e+00 0.000000000000000000e+00
1.610357976517937217e+01 0.000000000000000000e+00 0.000000000000000000e+00
1.611702801412268471e+01 0.000000000000000000e+00 0.000000000000000000e+00
1.613047626306599369e+01 0.000000000000000000e+00 0.000000000000000000e+00
1.614392451200930623e+01 0.000000000000000000e+00 0.000000000000000000e+00
1.615737276095261876e+01 0.000000000000000000e+00 0.000000000000000000e+00
1.617082100989593130e+01 0.000000000000000000e+00 0.000000000000000000e+00
1.618426925883924383e+01 0.000000000000000000e+00 0.000000000000000000e+00
1.619771750778255281e+01 0.000000000000000000e+00 0.000000000000000000e+00
1.621116575672586535e+01 0.000000000000000000e+00 0.000000000000000000e+00
1.622461400566917789e+01 0.000000000000000000e+00 0.000000000000000000e+00
1.623806225461249042e+01 0.000000000000000000e+00 0.000000000000000000e+00
1.625151050355580296e+01 0.000000000000000000e+00 0.000000000000000000e+00
1.626495875249911549e+01 0.000000000000000000e+00 0.000000000000000000e+00
1.627840700144242447e+01 0.000000000000000000e+00 0.000000000000000000e+00
1.629185525038573701e+01 0.000000000000000000e+00 0.000000000000000000e+00
1.630530349932904954e+01 0.000000000000000000e+00 0.000000000000000000e+00
1.631875174827236208e+01 0.000000000000000000e+00 0.000000000000000000e+00
1.633219999721567461e+01 0.000000000000000000e+00 0.000000000000000000e+00
1.634564824615898715e+01 0.000000000000000000e+00 0.000000000000000000e+00
1.635909649510229613e+01 0.000000000000000000e+00 0.000000000000000000e+00
1.637254474404560867e+01 0.000000000000000000e+00 0.000000000000000000e+00
1.638599299298892120e+01 0.000000000000000000e+00 0.000000000000000000e+00
1.639944124193223374e+01 0.000000000000000000e+00 0.000000000000000000e+00
1.641288949087554627e+01 0.000000000000000000e+00 0.000000000000000000e+00
1.642633773981885525e+01 0.000000000000000000e+00 0.000000000000000000e+00
1.643978598876216779e+01 0.000000000000000000e+00 0.000000000000000000e+00
1.645323423770548033e+01 0.000000000000000000e+00 0.000000000000000000e+00
1.646668248664879286e+01 0.000000000000000000e+00 0.000000000000000000e+00
1.648013073559210540e+01 0.000000000000000000e+00 0.000000000000000000e+00
1.649357898453541793e+01 0.000000000000000000e+00 0.000000000000000000e+00
1.650702723347872691e+01 0.000000000000000000e+00 0.000000000000000000e+00
1.652047548242203945e+01 0.000000000000000000e+00 0.000000000000000000e+00
1.653392373136535198e+01 0.000000000000000000e+00 0.000000000000000000e+00
1.654737198030866452e+01 0.000000000000000000e+00 0.000000000000000000e+00
1.656082022925197705e+01 0.000000000000000000e+00 0.000000000000000000e+00
1.657426847819528959e+01 0.000000000000000000e+00 0.000000000000000000e+00
1.658771672713859857e+01 0.000000000000000000e+00 0.000000000000000000e+00
1.660116497608191111e+01 0.000000000000000000e+00 0.000000000000000000e+00
1.661461322502522364e+01 0.000000000000000000e+00 0.000000000000000000e+00
1.662806147396853618e+01 0.000000000000000000e+00 0.000000000000000000e+00
1.664150972291184871e+01 0.000000000000000000e+00 0.000000000000000000e+00
1.665495797185515769e+01 0.000000000000000000e+00 0.000000000000000000e+00
1.666840622079847023e+01 0.000000000000000000e+00 0.000000000000000000e+00
1.668185446974178276e+01 0.000000000000000000e+00 0.000000000000000000e+00
1.669530271868509530e+01 0.000000000000000000e+00 0.000000000000000000e+00
1.670875096762840784e+01 0.000000000000000000e+00 0.000000000000000000e+00
1.672219921657172037e+01 0.000000000000000000e+00 0.000000000000000000e+00
1.673564746551502935e+01 0.000000000000000000e+00 0.000000000000000000e+00
1.674909571445834189e+01 0.000000000000000000e+00 0.000000000000000000e+00
1.676254396340165442e+01 0.000000000000000000e+00 0.000000000000000000e+00
1.677599221234496696e+01 0.000000000000000000e+00 0.000000000000000000e+00
1.678944046128827949e+01 0.000000000000000000e+00 0.000000000000000000e+00
1.680288871023159203e+01 0.000000000000000000e+00 0.000000000000000000e+00
1.681633695917490101e+01 0.000000000000000000e+00 0.000000000000000000e+00
1.682978520811821355e+01 0.000000000000000000e+00 0.000000000000000000e+00
1.684323345706152608e+01 0.000000000000000000e+00 0.000000000000000000e+00
1.685668170600483862e+01 0.000000000000000000e+00 0.000000000000000000e+00
1.687012995494815115e+01 0.000000000000000000e+00 0.000000000000000000e+00
1.688357820389146013e+01 0.000000000000000000e+00 0.000000000000000000e+00
1.689702645283477267e+01 0.000000000000000000e+00 0.000000000000000000e+00
1.691047470177808520e+01 0.000000000000000000e+00 0.000000000000000000e+00
1.692392295072139774e+01 0.000000000000000000e+00 0.000000000000000000e+00
1.693737119966471028e+01 0.000000000000000000e+00 0.000000000000000000e+00
1.695081944860802281e+01 0.000000000000000000e+00 0.000000000000000000e+00
1.696426769755133179e+01 0.000000000000000000e+00 0.000000000000000000e+00
1.697771594649464433e+01 0.000000000000000000e+00 0.000000000000000000e+00
1.699116419543795686e+01 0.000000000000000000e+00 0.000000000000000000e+00
1.700461244438126940e+01 0.000000000000000000e+00 0.000000000000000000e+00
1.701806069332458193e+01 0.000000000000000000e+00 0.000000000000000000e+00
1.703150894226789447e+01 0.000000000000000000e+00 0.000000000000000000e+00
1.704495719121120345e+01 0.000000000000000000e+00 0.000000000000000000e+00
1.705840544015451599e+01 0.000000000000000000e+00 0.000000000000000000e+00
1.707185368909782852e+01 0.000000000000000000e+00 0.000000000000000000e+00
1.708530193804114106e+01 0.000000000000000000e+00 0.000000000000000000e+00
1.709875018698445359e+01 0.000000000000000000e+00 0.000000000000000000e+00
1.711219843592776257e+01 0.000000000000000000e+00 0.000000000000000000e+00
1.712564668487107511e+01 0.000000000000000000e+00 0.000000000000000000e+00
1.713909493381438764e+01 0.000000000000000000e+00 0.000000000000000000e+00
1.715254318275770018e+01 0.000000000000000000e+00 0.000000000000000000e+00
1.716599143170101271e+01 0.000000000000000000e+00 0.000000000000000000e+00
1.717943968064432525e+01 0.000000000000000000e+00 0.000000000000000000e+00
1.719288792958763423e+01 0.000000000000000000e+00 0.000000000000000000e+00
1.720633617853094677e+01 0.000000000000000000e+00 0.000000000000000000e+00
1.721978442747425930e+01 0.000000000000000000e+00 0.000000000000000000e+00
1.723323267641757184e+01 0.000000000000000000e+00 0.000000000000000000e+00
1.724668092536088437e+01 0.000000000000000000e+00 0.000000000000000000e+00
1.726012917430419691e+01 0.000000000000000000e+00 0.000000000000000000e+00
1.727357742324750589e+01 0.000000000000000000e+00 0.000000000000000000e+00
1.728702567219081843e+01 0.000000000000000000e+00 0.000000000000000000e+00
1.730047392113413096e+01 0.000000000000000000e+00 0.000000000000000000e+00
1.731392217007744350e+01 0.000000000000000000e+00 0.000000000000000000e+00
1.732737041902075603e+01 0.000000000000000000e+00 0.000000000000000000e+00
1.734081866796406501e+01 0.000000000000000000e+00 0.000000000000000000e+00
1.735426691690737755e+01 0.000000000000000000e+00 0.000000000000000000e+00
1.736771516585069008e+01 0.000000000000000000e+00 0.000000000000000000e+00
1.738116341479400262e+01 0.000000000000000000e+00 0.000000000000000000e+00
1.739461166373731515e+01 0.000000000000000000e+00 0.000000000000000000e+00
1.740805991268062769e+01 0.000000000000000000e+00 0.000000000000000000e+00
1.742150816162393667e+01 0.000000000000000000e+00 0.000000000000000000e+00
1.743495641056724921e+01 0.000000000000000000e+00 0.000000000000000000e+00
1.744840465951056174e+01 0.000000000000000000e+00 0.000000000000000000e+00
1.746185290845387428e+01 0.000000000000000000e+00 0.000000000000000000e+00
1.747530115739718681e+01 0.000000000000000000e+00 0.000000000000000000e+00
1.748874940634049935e+01 0.000000000000000000e+00 0.000000000000000000e+00
1.750219765528380833e+01 0.000000000000000000e+00 0.000000000000000000e+00
1.751564590422712087e+01 0.000000000000000000e+00 0.000000000000000000e+00
1.752909415317043340e+01 0.000000000000000000e+00 0.000000000000000000e+00
1.754254240211374594e+01 0.000000000000000000e+00 0.000000000000000000e+00
1.755599065105705847e+01 0.000000000000000000e+00 0.000000000000000000e+00
1.756943890000036745e+01 0.000000000000000000e+00 0.000000000000000000e+00
1.758288714894367999e+01 0.000000000000000000e+00 0.000000000000000000e+00
1.759633539788699252e+01 0.000000000000000000e+00 0.000000000000000000e+00
1.760978364683030506e+01 0.000000000000000000e+00 0.000000000000000000e+00
1.762323189577361759e+01 0.000000000000000000e+00 0.000000000000000000e+00
1.763668014471693013e+01 0.000000000000000000e+00 0.000000000000000000e+00
1.765012839366023911e+01 0.000000000000000000e+00 0.000000000000000000e+00
1.766357664260355165e+01 0.000000000000000000e+00 0.000000000000000000e+00
1.767702489154686418e+01 0.000000000000000000e+00 0.000000000000000000e+00
1.769047314049017672e+01 0.000000000000000000e+00 0.000000000000000000e+00
1.770392138943348925e+01 0.000000000000000000e+00 0.000000000000000000e+00
1.771736963837680179e+01 0.000000000000000000e+00 0.000000000000000000e+00
1.773081788732011077e+01 0.000000000000000000e+00 0.000000000000000000e+00
1.774426613626342331e+01 0.000000000000000000e+00 0.000000000000000000e+00
1.775771438520673584e+01 0.000000000000000000e+00 0.000000000000000000e+00
1.777116263415004838e+01 0.000000000000000000e+00 0.000000000000000000e+00
1.778461088309336091e+01 0.000000000000000000e+00 0.000000000000000000e+00
1.779805913203666989e+01 0.000000000000000000e+00 0.000000000000000000e+00
1.781150738097998243e+01 0.000000000000000000e+00 0.000000000000000000e+00
1.782495562992329496e+01 0.000000000000000000e+00 0.000000000000000000e+00
1.783840387886660750e+01 0.000000000000000000e+00 0.000000000000000000e+00
1.785185212780992003e+01 0.000000000000000000e+00 0.000000000000000000e+00
1.786530037675323257e+01 0.000000000000000000e+00 0.000000000000000000e+00
1.787874862569654155e+01 0.000000000000000000e+00 0.000000000000000000e+00
1.789219687463985409e+01 0.000000000000000000e+00 0.000000000000000000e+00
1.790564512358316662e+01 0.000000000000000000e+00 0.000000000000000000e+00
1.791909337252647916e+01 0.000000000000000000e+00 0.000000000000000000e+00
1.793254162146979169e+01 0.000000000000000000e+00 0.000000000000000000e+00
1.794598987041310423e+01 0.000000000000000000e+00 0.000000000000000000e+00
1.795943811935641321e+01 0.000000000000000000e+00 0.000000000000000000e+00
1.797288636829972575e+01 0.000000000000000000e+00 0.000000000000000000e+00
1.798633461724303828e+01 0.000000000000000000e+00 0.000000000000000000e+00
1.799978286618635082e+01 0.000000000000000000e+00 0.000000000000000000e+00
1.801323111512966335e+01 0.000000000000000000e+00 0.000000000000000000e+00
1.802667936407297233e+01 0.000000000000000000e+00 0.000000000000000000e+00
1.804012761301628487e+01 0.000000000000000000e+00 0.000000000000000000e+00
1.805357586195959740e+01 0.000000000000000000e+00 0.000000000000000000e+00
1.806702411090290994e+01 0.000000000000000000e+00 0.000000000000000000e+00
1.808047235984622247e+01 0.000000000000000000e+00 0.000000000000000000e+00
1.809392060878953501e+01 0.000000000000000000e+00 0.000000000000000000e+00
1.810736885773284399e+01 0.000000000000000000e+00 0.000000000000000000e+00
1.812081710667615653e+01 0.000000000000000000e+00 0.000000000000000000e+00
1.813426535561946906e+01 0.000000000000000000e+00 0.000000000000000000e+00
1.814771360456278160e+01 0.000000000000000000e+00 0.000000000000000000e+00
1.816116185350609413e+01 0.000000000000000000e+00 0.000000000000000000e+00
1.817461010244940667e+01 0.000000000000000000e+00 0.000000000000000000e+00
1.818805835139271565e+01 0.000000000000000000e+00 0.000000000000000000e+00
1.820150660033602819e+01 0.000000000000000000e+00 0.000000000000000000e+00
1.821495484927934072e+01 0.000000000000000000e+00 0.000000000000000000e+00
1.822840309822265326e+01 0.000000000000000000e+00 0.000000000000000000e+00
1.824185134716596579e+01 0.000000000000000000e+00 0.000000000000000000e+00
1.825529959610927477e+01 0.000000000000000000e+00 0.000000000000000000e+00
1.826874784505258731e+01 0.000000000000000000e+00 0.000000000000000000e+00
1.828219609399589984e+01 0.000000000000000000e+00 0.000000000000000000e+00
1.829564434293921238e+01 0.000000000000000000e+00 0.000000000000000000e+00
1.830909259188252491e+01 0.000000000000000000e+00 0.000000000000000000e+00
1.832254084082583745e+01 0.000000000000000000e+00 0.000000000000000000e+00
1.833598908976914643e+01 0.000000000000000000e+00 0.000000000000000000e+00
1.834943733871245897e+01 0.000000000000000000e+00 0.000000000000000000e+00
1.836288558765577150e+01 0.000000000000000000e+00 0.000000000000000000e+00
1.837633383659908404e+01 0.000000000000000000e+00 0.000000000000000000e+00
1.838978208554239657e+01 0.000000000000000000e+00 0.000000000000000000e+00
1.840323033448570911e+01 0.000000000000000000e+00 0.000000000000000000e+00
1.841667858342901809e+01 0.000000000000000000e+00 0.000000000000000000e+00
1.843012683237233063e+01 0.000000000000000000e+00 0.000000000000000000e+00
1.844357508131564316e+01 0.000000000000000000e+00 0.000000000000000000e+00
1.845702333025895570e+01 0.000000000000000000e+00 0.000000000000000000e+00
1.847047157920226823e+01 0.000000000000000000e+00 0.000000000000000000e+00
1.848391982814557721e+01 0.000000000000000000e+00 0.000000000000000000e+00
1.849736807708888975e+01 0.000000000000000000e+00 0.000000000000000000e+00
1.851081632603220228e+01 0.000000000000000000e+00 0.000000000000000000e+00
1.852426457497551482e+01 0.000000000000000000e+00 0.000000000000000000e+00
1.853771282391882735e+01 1.000000000000000021e-03 1.000000000000000021e-03
1.855116107286213989e+01 0.000000000000000000e+00 0.000000000000000000e+00
1.856460932180544887e+01 0.000000000000000000e+00 0.000000000000000000e+00
1.857805757074876141e+01 0.000000000000000000e+00 0.000000000000000000e+00
1.859150581969207394e+01 0.000000000000000000e+00 0.000000000000000000e+00
1.860495406863538648e+01 0.000000000000000000e+00 0.000000000000000000e+00
1.861840231757869901e+01 0.000000000000000000e+00 0.000000000000000000e+00
1.863185056652201155e+01 0.000000000000000000e+00 0.000000000000000000e+00
1.864529881546532053e+01 0.000000000000000000e+00 0.000000000000000000e+00
1.865874706440863307e+01 0.000000000000000000e+00 0.000000000000000000e+00
1.867219531335194560e+01 0.000000000000000000e+00 0.000000000000000000e+00
1.868564356229525814e+01 0.000000000000000000e+00 0.000000000000000000e+00
1.869909181123857067e+01 0.000000000000000000e+00 0.000000000000000000e+00
1.871254006018187965e+01 0.000000000000000000e+00 0.000000000000000000e+00
1.872598830912519219e+01 0.000000000000000000e+00 0.000000000000000000e+00
1.873943655806850472e+01 0.000000000000000000e+00 0.000000000000000000e+00
1.875288480701181726e+01 0.000000000000000000e+00 0.000000000000000000e+00
1.876633305595512979e+01 0.000000000000000000e+00 0.000000000000000000e+00
1.877978130489844233e+01 0.000000000000000000e+00 0.000000000000000000e+00
1.879322955384175131e+01 0.000000000000000000e+00 0.000000000000000000e+00
1.880667780278506385e+01 0.000000000000000000e+00 0.000000000000000000e+00
1.882012605172837638e+01 0.000000000000000000e+00 0.000000000000000000e+00
1.883357430067168892e+01 0.000000000000000000e+00 0.000000000000000000e+00
1.884702254961500145e+01 0.000000000000000000e+00 0.000000000000000000e+00
1.886047079855831399e+01 0.000000000000000000e+00 0.000000000000000000e+00
1.887391904750162297e+01 0.000000000000000000e+00 0.000000000000000000e+00
1.888736729644493550e+01 0.000000000000000000e+00 0.000000000000000000e+00
1.890081554538824804e+01 0.000000000000000000e+00 0.000000000000000000e+00
1.891426379433156058e+01 0.000000000000000000e+00 0.000000000000000000e+00
1.892771204327487311e+01 0.000000000000000000e+00 0.000000000000000000e+00
1.894116029221818209e+01 0.000000000000000000e+00 0.000000000000000000e+00
1.895460854116149463e+01 0.000000000000000000e+00 0.000000000000000000e+00
1.896805679010480716e+01 0.000000000000000000e+00 0.000000000000000000e+00
1.898150503904811970e+01 0.000000000000000000e+00 0.000000000000000000e+00
1.899495328799143223e+01 0.000000000000000000e+00 0.000000000000000000e+00
1.900840153693474477e+01 0.000000000000000000e+00 0.000000000000000000e+00
1.902184978587805375e+01 0.000000000000000000e+00 0.000000000000000000e+00
1.903529803482136629e+01 0.000000000000000000e+00 0.000000000000000000e+00
1.904874628376467882e+01 0.000000000000000000e+00 0.000000000000000000e+00
1.906219453270799136e+01 0.000000000000000000e+00 0.000000000000000000e+00
1.907564278165130389e+01 0.000000000000000000e+00 0.000000000000000000e+00
1.908909103059461643e+01 0.000000000000000000e+00 0.000000000000000000e+00
1.910253927953792541e+01 0.000000000000000000e+00 0.000000000000000000e+00
1.911598752848123794e+01 0.000000000000000000e+00 0.000000000000000000e+00
1.912943577742455048e+01 0.000000000000000000e+00 0.000000000000000000e+00
1.914288402636786302e+01 0.000000000000000000e+00 0.000000000000000000e+00
1.915633227531117555e+01 0.000000000000000000e+00 0.000000000000000000e+00
1.916978052425448453e+01 0.000000000000000000e+00 0.000000000000000000e+00
1.918322877319779707e+01 0.000000000000000000e+00 0.000000000000000000e+00
1.919667702214110960e+01 0.000000000000000000e+00 0.000000000000000000e+00
1.921012527108442214e+01 0.000000000000000000e+00 0.000000000000000000e+00
1.922357352002773467e+01 0.000000000000000000e+00 0.000000000000000000e+00
1.923702176897104721e+01 0.000000000000000000e+00 0.000000000000000000e+00
1.925047001791435619e+01 0.000000000000000000e+00 0.000000000000000000e+00
1.926391826685766873e+01 0.000000000000000000e+00 0.000000000000000000e+00
1.927736651580098126e+01 0.000000000000000000e+00 0.000000000000000000e+00
1.929081476474429380e+01 0.000000000000000000e+00 0.000000000000000000e+00
1.930426301368760633e+01 0.000000000000000000e+00 0.000000000000000000e+00
1.931771126263091887e+01 0.000000000000000000e+00 0.000000000000000000e+00
1.933115951157422785e+01 0.000000000000000000e+00 0.000000000000000000e+00
1.934460776051754038e+01 0.000000000000000000e+00 0.000000000000000000e+00
1.935805600946085292e+01 0.000000000000000000e+00 0.000000000000000000e+00
1.937150425840416545e+01 0.000000000000000000e+00 0.000000000000000000e+00
1.938495250734747799e+01 0.000000000000000000e+00 0.000000000000000000e+00
1.939840075629078697e+01 0.000000000000000000e+00 0.000000000000000000e+00
1.941184900523409951e+01 0.000000000000000000e+00 0.000000000000000000e+00
1.942529725417741204e+01 0.000000000000000000e+00 0.000000000000000000e+00
1.943874550312072458e+01 0.000000000000000000e+00 0.000000000000000000e+00
1.945219375206403711e+01 0.000000000000000000e+00 0.000000000000000000e+00
1.946564200100734965e+01 0.000000000000000000e+00 0.000000000000000000e+00
1.947909024995065863e+01 0.000000000000000000e+00 0.000000000000000000e+00
1.949253849889397117e+01 0.000000000000000000e+00 0.000000000000000000e+00
1.950598674783728370e+01 0.000000000000000000e+00 0.000000000000000000e+00
1.951943499678059624e+01 0.000000000000000000e+00 0.000000000000000000e+00
1.953288324572390877e+01 0.000000000000000000e+00 0.000000000000000000e+00
1.954633149466722131e+01 0.000000000000000000e+00 0.000000000000000000e+00
1.955977974361053029e+01 0.000000000000000000e+00 0.000000000000000000e+00
1.957322799255384282e+01 0.000000000000000000e+00 0.000000000000000000e+00
1.958667624149715536e+01 0.000000000000000000e+00 0.000000000000000000e+00
1.960012449044046789e+01 0.000000000000000000e+00 0.000000000000000000e+00
1.961357273938378043e+01 0.000000000000000000e+00 0.000000000000000000e+00
1.962702098832708941e+01 0.000000000000000000e+00 0.000000000000000000e+00
1.964046923727040195e+01 0.000000000000000000e+00 0.000000000000000000e+00
1.965391748621371448e+01 0.000000000000000000e+00 0.000000000000000000e+00
1.966736573515702702e+01 0.000000000000000000e+00 0.000000000000000000e+00
1.968081398410033955e+01 0.000000000000000000e+00 0.000000000000000000e+00
1.969426223304365209e+01 0.000000000000000000e+00 0.000000000000000000e+00
1.970771048198696107e+01 0.000000000000000000e+00 0.000000000000000000e+00
1.972115873093027361e+01 0.000000000000000000e+00 0.000000000000000000e+00
1.973460697987358614e+01 0.000000000000000000e+00 0.000000000000000000e+00
1.974805522881689868e+01 0.000000000000000000e+00 0.000000000000000000e+00
1.976150347776021121e+01 0.000000000000000000e+00 0.000000000000000000e+00
1.977495172670352375e+01 0.000000000000000000e+00 0.000000000000000000e+00
1.978839997564683273e+01 0.000000000000000000e+00 0.000000000000000000e+00
1.980184822459014526e+01 0.000000000000000000e+00 0.000000000000000000e+00
1.981529647353345780e+01 0.000000000000000000e+00 0.000000000000000000e+00
1.982874472247677033e+01 0.000000000000000000e+00 0.000000000000000000e+00
1.984219297142008287e+01 0.000000000000000000e+00 0.000000000000000000e+00
1.985564122036339185e+01 0.000000000000000000e+00 0.000000000000000000e+00
1.986908946930670439e+01 0.000000000000000000e+00 0.000000000000000000e+00
1.988253771825001692e+01 0.000000000000000000e+00 0.000000000000000000e+00
1.989598596719332946e+01 0.000000000000000000e+00 0.000000000000000000e+00
1.990943421613664199e+01 0.000000000000000000e+00 0.000000000000000000e+00
1.992288246507995453e+01 0.000000000000000000e+00 0.000000000000000000e+00
1.993633071402326351e+01 0.000000000000000000e+00 0.000000000000000000e+00
1.994977896296657605e+01 0.000000000000000000e+00 0.000000000000000000e+00
1.996322721190988858e+01 0.000000000000000000e+00 0.000000000000000000e+00
1.997667546085320112e+01 0.000000000000000000e+00 0.000000000000000000e+00
1.999012370979651365e+01 0.000000000000000000e+00 0.000000000000000000e+00
2.000357195873982619e+01 0.000000000000000000e+00 0.000000000000000000e+00
2.001702020768313517e+01 0.000000000000000000e+00 0.000000000000000000e+00
2.003046845662644770e+01 0.000000000000000000e+00 0.000000000000000000e+00
2.004391670556976024e+01 0.000000000000000000e+00 0.000000000000000000e+00
2.005736495451307277e+01 0.000000000000000000e+00 0.000000000000000000e+00
2.007081320345638531e+01 0.000000000000000000e+00 0.000000000000000000e+00
2.008426145239969429e+01 0.000000000000000000e+00 0.000000000000000000e+00
2.009770970134300683e+01 0.000000000000000000e+00 0.000000000000000000e+00
2.011115795028631936e+01 0.000000000000000000e+00 0.000000000000000000e+00
2.012460619922963190e+01 0.000000000000000000e+00 0.000000000000000000e+00
2.013805444817294443e+01 0.000000000000000000e+00 0.000000000000000000e+00
2.015150269711625697e+01 0.000000000000000000e+00 0.000000000000000000e+00
2.016495094605956595e+01 0.000000000000000000e+00 0.000000000000000000e+00
2.017839919500287849e+01 0.000000000000000000e+00 0.000000000000000000e+00
2.019184744394619102e+01 0.000000000000000000e+00 0.000000000000000000e+00
2.020529569288950356e+01 0.000000000000000000e+00 0.000000000000000000e+00
2.021874394183281609e+01 0.000000000000000000e+00 0.000000000000000000e+00
2.023219219077612863e+01 0.000000000000000000e+00 0.000000000000000000e+00
2.024564043971943761e+01 0.000000000000000000e+00 0.000000000000000000e+00
2.025908868866275014e+01 0.000000000000000000e+00 0.000000000000000000e+00
2.027253693760606268e+01 0.000000000000000000e+00 0.000000000000000000e+00
2.028598518654937521e+01 0.000000000000000000e+00 0.000000000000000000e+00
2.029943343549268775e+01 0.000000000000000000e+00 0.000000000000000000e+00
2.031288168443599673e+01 0.000000000000000000e+00 0.000000000000000000e+00
2.032632993337930927e+01 0.000000000000000000e+00 0.000000000000000000e+00
2.033977818232262180e+01 0.000000000000000000e+00 0.000000000000000000e+00
2.035322643126593434e+01 0.000000000000000000e+00 0.000000000000000000e+00
2.036667468020924687e+01 0.000000000000000000e+00 0.000000000000000000e+00
2.038012292915255941e+01 0.000000000000000000e+00 0.000000000000000000e+00
2.039357117809586839e+01 0.000000000000000000e+00 0.000000000000000000e+00
2.040701942703918093e+01 0.000000000000000000e+00 0.000000000000000000e+00
2.042046767598249346e+01 0.000000000000000000e+00 0.000000000000000000e+00
2.043391592492580600e+01 0.000000000000000000e+00 0.000000000000000000e+00
2.044736417386911853e+01 0.000000000000000000e+00 0.000000000000000000e+00
2.046081242281243107e+01 0.000000000000000000e+00 0.000000000000000000e+00
2.047426067175574005e+01 0.000000000000000000e+00 0.000000000000000000e+00
2.048770892069905258e+01 0.000000000000000000e+00 0.000000000000000000e+00
2.050115716964236512e+01 0.000000000000000000e+00 0.000000000000000000e+00
2.051460541858567765e+01 0.000000000000000000e+00 0.000000000000000000e+00
2.052805366752899019e+01 0.000000000000000000e+00 0.000000000000000000e+00
2.054150191647229917e+01 0.000000000000000000e+00 0.000000000000000000e+00
2.055495016541561171e+01 0.000000000000000000e+00 0.000000000000000000e+00
2.056839841435892424e+01 0.000000000000000000e+00 0.000000000000000000e+00
2.058184666330223678e+01 0.000000000000000000e+00 0.000000000000000000e+00
2.059529491224554931e+01 0.000000000000000000e+00 0.000000000000000000e+00
2.060874316118886185e+01 0.000000000000000000e+00 0.000000000000000000e+00
2.062219141013217083e+01 0.000000000000000000e+00 0.000000000000000000e+00
2.063563965907548337e+01 0.000000000000000000e+00 0.000000000000000000e+00
2.064908790801879590e+01 0.000000000000000000e+00 0.000000000000000000e+00
2.066253615696210844e+01 0.000000000000000000e+00 0.000000000000000000e+00
2.067598440590542097e+01 0.000000000000000000e+00 0.000000000000000000e+00
2.068943265484873351e+01 0.000000000000000000e+00 0.000000000000000000e+00
2.070288090379204249e+01 0.000000000000000000e+00 0.000000000000000000e+00
2.071632915273535502e+01 0.000000000000000000e+00 0.000000000000000000e+00
2.072977740167866756e+01 0.000000000000000000e+00 0.000000000000000000e+00
2.074322565062198009e+01 0.000000000000000000e+00 0.000000000000000000e+00
2.075667389956529263e+01 0.000000000000000000e+00 0.000000000000000000e+00
2.077012214850860161e+01 0.000000000000000000e+00 0.000000000000000000e+00
2.078357039745191415e+01 0.000000000000000000e+00 0.000000000000000000e+00
2.079701864639522668e+01 0.000000000000000000e+00 0.000000000000000000e+00
2.081046689533853922e+01 0.000000000000000000e+00 0.000000000000000000e+00
2.082391514428185175e+01 0.000000000000000000e+00 0.000000000000000000e+00
2.083736339322516429e+01 0.000000000000000000e+00 0.000000000000000000e+00
2.085081164216847327e+01 0.000000000000000000e+00 0.000000000000000000e+00
2.086425989111178581e+01 0.000000000000000000e+00 0.000000000000000000e+00
2.087770814005509834e+01 0.000000000000000000e+00 0.000000000000000000e+00
2.089115638899841088e+01 0.000000000000000000e+00 0.000000000000000000e+00
2.090460463794172341e+01 0.000000000000000000e+00 0.000000000000000000e+00
2.091805288688503595e+01 0.000000000000000000e+00 0.000000000000000000e+00
2.093150113582834493e+01 0.000000000000000000e+00 0.000000000000000000e+00
2.094494938477165746e+01 0.000000000000000000e+00 0.000000000000000000e+00
2.095839763371497000e+01 0.000000000000000000e+00 0.000000000000000000e+00
2.097184588265828253e+01 0.000000000000000000e+00 0.000000000000000000e+00
2.098529413160159507e+01 0.000000000000000000e+00 0.000000000000000000e+00
2.099874238054490405e+01 0.000000000000000000e+00 0.000000000000000000e+00
2.101219062948821659e+01 0.000000000000000000e+00 0.000000000000000000e+00
2.102563887843152912e+01 0.000000000000000000e+00 0.000000000000000000e+00
2.103908712737484166e+01 0.000000000000000000e+00 0.000000000000000000e+00
2.105253537631815419e+01 0.000000000000000000e+00 0.000000000000000000e+00
2.106598362526146673e+01 0.000000000000000000e+00 0.000000000000000000e+00
2.107943187420477571e+01 0.000000000000000000e+00 0.000000000000000000e+00
2.109288012314808824e+01 0.000000000000000000e+00 0.000000000000000000e+00
2.110632837209140078e+01 0.000000000000000000e+00 0.000000000000000000e+00
2.111977662103471332e+01 0.000000000000000000e+00 0.000000000000000000e+00
2.113322486997802585e+01 0.000000000000000000e+00 0.000000000000000000e+00
2.114667311892133839e+01 0.000000000000000000e+00 0.000000000000000000e+00
2.116012136786464737e+01 0.000000000000000000e+00 0.000000000000000000e+00
2.117356961680795990e+01 0.000000000000000000e+00 0.000000000000000000e+00
2.118701786575127244e+01 0.000000000000000000e+00 0.000000000000000000e+00
2.120046611469458497e+01 0.000000000000000000e+00 0.000000000000000000e+00
2.121391436363789751e+01 0.000000000000000000e+00 0.000000000000000000e+00
2.122736261258121004e+01 0.000000000000000000e+00 0.000000000000000000e+00
2.124081086152451903e+01 0.000000000000000000e+00 0.000000000000000000e+00
2.125425911046783156e+01 0.000000000000000000e+00 0.000000000000000000e+00
2.126770735941114410e+01 0.000000000000000000e+00 0.000000000000000000e+00
2.128115560835445663e+01 0.000000000000000000e+00 0.000000000000000000e+00
2.129460385729776917e+01 0.000000000000000000e+00 0.000000000000000000e+00
2.130805210624107815e+01 0.000000000000000000e+00 0.000000000000000000e+00
2.132150035518439068e+01 0.000000000000000000e+00 0.000000000000000000e+00
2.133494860412770322e+01 0.000000000000000000e+00 0.000000000000000000e+00
2.134839685307101576e+01 0.000000000000000000e+00 0.000000000000000000e+00
2.136184510201432829e+01 0.000000000000000000e+00 0.000000000000000000e+00
2.137529335095764083e+01 0.000000000000000000e+00 0.000000000000000000e+00
2.138874159990094981e+01 0.000000000000000000e+00 0.000000000000000000e+00
2.140218984884426234e+01 0.000000000000000000e+00 0.000000000000000000e+00
2.141563809778757488e+01 0.000000000000000000e+00 0.000000000000000000e+00
2.142908634673088741e+01 0.000000000000000000e+00 0.000000000000000000e+00
2.144253459567419995e+01 0.000000000000000000e+00 0.000000000000000000e+00
2.145598284461751248e+01 0.000000000000000000e+00 0.000000000000000000e+00
2.146943109356082147e+01 0.000000000000000000e+00 0.000000000000000000e+00
2.148287934250413400e+01 0.000000000000000000e+00 0.000000000000000000e+00
2.149632759144744654e+01 0.000000000000000000e+00 0.000000000000000000e+00
2.150977584039075907e+01 0.000000000000000000e+00 0.000000000000000000e+00
2.152322408933407161e+01 0.000000000000000000e+00 0.000000000000000000e+00
2.153667233827738059e+01 0.000000000000000000e+00 0.000000000000000000e+00
2.155012058722069312e+01 0.000000000000000000e+00 0.000000000000000000e+00
2.156356883616400566e+01 0.000000000000000000e+00 0.000000000000000000e+00
2.157701708510731820e+01 0.000000000000000000e+00 0.000000000000000000e+00
2.159046533405063073e+01 0.000000000000000000e+00 0.000000000000000000e+00
2.160391358299394327e+01 0.000000000000000000e+00 0.000000000000000000e+00
2.161736183193725225e+01 0.000000000000000000e+00 0.000000000000000000e+00
2.163081008088056478e+01 0.000000000000000000e+00 0.000000000000000000e+00
2.164425832982387732e+01 0.000000000000000000e+00 0.000000000000000000e+00
2.165770657876718985e+01 0.000000000000000000e+00 0.000000000000000000e+00
2.167115482771050239e+01 0.000000000000000000e+00 0.000000000000000000e+00
2.168460307665381492e+01 0.000000000000000000e+00 0.000000000000000000e+00
2.169805132559712391e+01 0.000000000000000000e+00 0.000000000000000000e+00
2.171149957454043644e+01 0.000000000000000000e+00 0.000000000000000000e+00
2.172494782348374898e+01 0.000000000000000000e+00 0.000000000000000000e+00
2.173839607242706151e+01 0.000000000000000000e+00 0.000000000000000000e+00
2.175184432137037405e+01 0.000000000000000000e+00 0.000000000000000000e+00
2.176529257031368303e+01 0.000000000000000000e+00 0.000000000000000000e+00
2.177874081925699556e+01 0.000000000000000000e+00 0.000000000000000000e+00
2.179218906820030810e+01 0.000000000000000000e+00 0.000000000000000000e+00
2.180563731714362063e+01 0.000000000000000000e+00 0.000000000000000000e+00
2.181908556608693317e+01 0.000000000000000000e+00 0.000000000000000000e+00
2.183253381503024571e+01 0.000000000000000000e+00 0.000000000000000000e+00
2.184598206397355469e+01 0.000000000000000000e+00 0.000000000000000000e+00
2.185943031291686722e+01 0.000000000000000000e+00 0.000000000000000000e+00
2.187287856186017976e+01 0.000000000000000000e+00 0.000000000000000000e+00
2.188632681080349229e+01 0.000000000000000000e+00 0.000000000000000000e+00
2.189977505974680483e+01 0.000000000000000000e+00 0.000000000000000000e+00
2.191322330869011736e+01 0.000000000000000000e+00 0.000000000000000000e+00
2.192667155763342635e+01 0.000000000000000000e+00 0.000000000000000000e+00
2.194011980657673888e+01 0.000000000000000000e+00 0.000000000000000000e+00
2.195356805552005142e+01 0.000000000000000000e+00 0.000000000000000000e+00
2.196701630446336395e+01 0.000000000000000000e+00 0.000000000000000000e+00
2.198046455340667649e+01 0.000000000000000000e+00 0.000000000000000000e+00
2.199391280234998547e+01 0.000000000000000000e+00 0.000000000000000000e+00
2.200736105129329800e+01 0.000000000000000000e+00 0.000000000000000000e+00
2.202080930023661054e+01 0.000000000000000000e+00 0.000000000000000000e+00
2.203425754917992307e+01 0.000000000000000000e+00 0.000000000000000000e+00
2.204770579812323561e+01 0.000000000000000000e+00 0.000000000000000000e+00
2.206115404706654815e+01 0.000000000000000000e+00 0.000000000000000000e+00
2.207460229600985713e+01 0.000000000000000000e+00 0.000000000000000000e+00
2.208805054495316966e+01 0.000000000000000000e+00 0.000000000000000000e+00
2.210149879389648220e+01 0.000000000000000000e+00 0.000000000000000000e+00
2.211494704283979473e+01 0.000000000000000000e+00 0.000000000000000000e+00
2.212839529178310727e+01 0.000000000000000000e+00 0.000000000000000000e+00
2.214184354072641980e+01 0.000000000000000000e+00 0.000000000000000000e+00
2.215529178966972879e+01 0.000000000000000000e+00 0.000000000000000000e+00
2.216874003861304132e+01 0.000000000000000000e+00 0.000000000000000000e+00
2.218218828755635386e+01 0.000000000000000000e+00 0.000000000000000000e+00
2.219563653649966639e+01 0.000000000000000000e+00 0.000000000000000000e+00
2.220908478544297893e+01 0.000000000000000000e+00 0.000000000000000000e+00
2.222253303438628791e+01 0.000000000000000000e+00 0.000000000000000000e+00
2.223598128332960044e+01 0.000000000000000000e+00 0.000000000000000000e+00
2.224942953227291298e+01 0.000000000000000000e+00 0.000000000000000000e+00
2.226287778121622551e+01 0.000000000000000000e+00 0.000000000000000000e+00
2.227632603015953805e+01 0.000000000000000000e+00 0.000000000000000000e+00
2.228977427910285058e+01 0.000000000000000000e+00 0.000000000000000000e+00
2.230322252804615957e+01 0.000000000000000000e+00 0.000000000000000000e+00
2.231667077698947210e+01 0.000000000000000000e+00 0.000000000000000000e+00
2.233011902593278464e+01 0.000000000000000000e+00 0.000000000000000000e+00
2.234356727487609717e+01 0.000000000000000000e+00 0.000000000000000000e+00
2.235701552381940971e+01 0.000000000000000000e+00 0.000000000000000000e+00
2.237046377276272224e+01 0.000000000000000000e+00 0.000000000000000000e+00
2.238391202170603123e+01 0.000000000000000000e+00 0.000000000000000000e+00
2.239736027064934376e+01 0.000000000000000000e+00 0.000000000000000000e+00
2.241080851959265630e+01 0.000000000000000000e+00 0.000000000000000000e+00
2.242425676853596883e+01 0.000000000000000000e+00 0.000000000000000000e+00
2.243770501747928137e+01 0.000000000000000000e+00 0.000000000000000000e+00
2.245115326642259035e+01 0.000000000000000000e+00 0.000000000000000000e+00
2.246460151536590288e+01 0.000000000000000000e+00 0.000000000000000000e+00
2.247804976430921542e+01 0.000000000000000000e+00 0.000000000000000000e+00
2.249149801325252795e+01 0.000000000000000000e+00 0.000000000000000000e+00
2.250494626219584049e+01 0.000000000000000000e+00 0.000000000000000000e+00
2.251839451113915302e+01 0.000000000000000000e+00 0.000000000000000000e+00
2.253184276008246201e+01 0.000000000000000000e+00 0.000000000000000000e+00
2.254529100902577454e+01 0.000000000000000000e+00 0.000000000000000000e+00
2.255873925796908708e+01 0.000000000000000000e+00 0.000000000000000000e+00
2.257218750691239961e+01 0.000000000000000000e+00 0.000000000000000000e+00
2.258563575585571215e+01 0.000000000000000000e+00 0.000000000000000000e+00
2.259908400479902468e+01 0.000000000000000000e+00 0.000000000000000000e+00
2.261253225374233367e+01 0.000000000000000000e+00 0.000000000000000000e+00
2.262598050268564620e+01 0.000000000000000000e+00 0.000000000000000000e+00
2.263942875162895874e+01 0.000000000000000000e+00 0.000000000000000000e+00
2.265287700057227127e+01 0.000000000000000000e+00 0.000000000000000000e+00
2.266632524951558381e+01 0.000000000000000000e+00 0.000000000000000000e+00
2.267977349845889279e+01 0.000000000000000000e+00 0.000000000000000000e+00
2.269322174740220532e+01 0.000000000000000000e+00 0.000000000000000000e+00
2.270666999634551786e+01 0.000000000000000000e+00 0.000000000000000000e+00
2.272011824528883039e+01 0.000000000000000000e+00 0.000000000000000000e+00
2.273356649423214293e+01 0.000000000000000000e+00 0.000000000000000000e+00
2.274701474317545546e+01 0.000000000000000000e+00 0.000000000000000000e+00
2.276046299211876445e+01 0.000000000000000000e+00 0.000000000000000000e+00
2.277391124106207698e+01 0.000000000000000000e+00 0.000000000000000000e+00
2.278735949000538952e+01 0.000000000000000000e+00 0.000000000000000000e+00
2.280080773894870205e+01 0.000000000000000000e+00 0.000000000000000000e+00
2.281425598789201459e+01 0.000000000000000000e+00 0.000000000000000000e+00
2.282770423683532712e+01 0.000000000000000000e+00 0.000000000000000000e+00
2.284115248577863611e+01 0.000000000000000000e+00 0.000000000000000000e+00
2.285460073472194864e+01 0.000000000000000000e+00 0.000000000000000000e+00
2.286804898366526118e+01 0.000000000000000000e+00 0.000000000000000000e+00
2.288149723260857371e+01 0.000000000000000000e+00 0.000000000000000000e+00
2.289494548155188625e+01 0.000000000000000000e+00 0.000000000000000000e+00
2.290839373049519523e+01 0.000000000000000000e+00 0.000000000000000000e+00
2.292184197943850776e+01 0.000000000000000000e+00 0.000000000000000000e+00
2.293529022838182030e+01 0.000000000000000000e+00 0.000000000000000000e+00
2.294873847732513283e+01 0.000000000000000000e+00 0.000000000000000000e+00
2.296218672626844537e+01 0.000000000000000000e+00 0.000000000000000000e+00
2.297563497521175790e+01 0.000000000000000000e+00 0.000000000000000000e+00
2.298908322415506689e+01 0.000000000000000000e+00 0.000000000000000000e+00
2.300253147309837942e+01 0.000000000000000000e+00 0.000000000000000000e+00
2.301597972204169196e+01 0.000000000000000000e+00 0.000000000000000000e+00
2.302942797098500449e+01 0.000000000000000000e+00 0.000000000000000000e+00
2.304287621992831703e+01 0.000000000000000000e+00 0.000000000000000000e+00
2.305632446887162956e+01 0.000000000000000000e+00 0.000000000000000000e+00
2.306977271781493855e+01 0.000000000000000000e+00 0.000000000000000000e+00
2.308322096675825108e+01 0.000000000000000000e+00 0.000000000000000000e+00
2.309666921570156362e+01 0.000000000000000000e+00 0.000000000000000000e+00
2.311011746464487615e+01 0.000000000000000000e+00 0.000000000000000000e+00
2.312356571358818869e+01 0.000000000000000000e+00 0.000000000000000000e+00
2.313701396253149767e+01 0.000000000000000000e+00 0.000000000000000000e+00
2.315046221147481020e+01 0.000000000000000000e+00 0.000000000000000000e+00
2.316391046041812274e+01 0.000000000000000000e+00 0.000000000000000000e+00
2.317735870936143527e+01 0.000000000000000000e+00 0.000000000000000000e+00
2.319080695830474781e+01 0.000000000000000000e+00 0.000000000000000000e+00
2.320425520724806034e+01 0.000000000000000000e+00 0.000000000000000000e+00
2.321770345619136933e+01 0.000000000000000000e+00 0.000000000000000000e+00
2.323115170513468186e+01 0.000000000000000000e+00 0.000000000000000000e+00
2.324459995407799440e+01 0.000000000000000000e+00 0.000000000000000000e+00
2.325804820302130693e+01 0.000000000000000000e+00 0.000000000000000000e+00
2.327149645196461947e+01 0.000000000000000000e+00 0.000000000000000000e+00
2.328494470090793200e+01 0.000000000000000000e+00 0.000000000000000000e+00
2.329839294985124099e+01 0.000000000000000000e+00 0.000000000000000000e+00
2.331184119879455352e+01 0.000000000000000000e+00 0.000000000000000000e+00
2.332528944773786606e+01 0.000000000000000000e+00 0.000000000000000000e+00
2.333873769668117859e+01 0.000000000000000000e+00 0.000000000000000000e+00
2.335218594562449113e+01 0.000000000000000000e+00 0.000000000000000000e+00
2.336563419456780011e+01 0.000000000000000000e+00 0.000000000000000000e+00
2.337908244351111264e+01 0.000000000000000000e+00 0.000000000000000000e+00
2.339253069245442518e+01 0.000000000000000000e+00 0.000000000000000000e+00
2.340597894139773771e+01 0.000000000000000000e+00 0.000000000000000000e+00
2.341942719034105025e+01 0.000000000000000000e+00 0.000000000000000000e+00
2.343287543928436278e+01 0.000000000000000000e+00 0.000000000000000000e+00
2.344632368822767177e+01 0.000000000000000000e+00 0.000000000000000000e+00
2.345977193717098430e+01 0.000000000000000000e+00 0.000000000000000000e+00
2.347322018611429684e+01 0.000000000000000000e+00 0.000000000000000000e+00
2.348666843505760937e+01 0.000000000000000000e+00 0.000000000000000000e+00
2.350011668400092191e+01 0.000000000000000000e+00 0.000000000000000000e+00
2.351356493294423444e+01 0.000000000000000000e+00 0.000000000000000000e+00
2.352701318188754342e+01 0.000000000000000000e+00 0.000000000000000000e+00
2.354046143083085596e+01 0.000000000000000000e+00 0.000000000000000000e+00
2.355390967977416850e+01 0.000000000000000000e+00 0.000000000000000000e+00
2.356735792871748103e+01 0.000000000000000000e+00 0.000000000000000000e+00
2.358080617766079357e+01 0.000000000000000000e+00 0.000000000000000000e+00
2.359425442660410255e+01 0.000000000000000000e+00 0.000000000000000000e+00
2.360770267554741508e+01 0.000000000000000000e+00 0.000000000000000000e+00
2.362115092449072762e+01 0.000000000000000000e+00 0.000000000000000000e+00
2.363459917343404015e+01 0.000000000000000000e+00 0.000000000000000000e+00
2.364804742237735269e+01 0.000000000000000000e+00 0.000000000000000000e+00
2.366149567132066522e+01 0.000000000000000000e+00 0.000000000000000000e+00
2.367494392026397421e+01 0.000000000000000000e+00 0.000000000000000000e+00
2.368839216920728674e+01 0.000000000000000000e+00 0.000000000000000000e+00
2.370184041815059928e+01 0.000000000000000000e+00 0.000000000000000000e+00
2.371528866709391181e+01 0.000000000000000000e+00 0.000000000000000000e+00
2.372873691603722435e+01 0.000000000000000000e+00 0.000000000000000000e+00
2.374218516498053688e+01 0.000000000000000000e+00 0.000000000000000000e+00
2.375563341392384586e+01 0.000000000000000000e+00 0.000000000000000000e+00
2.376908166286715840e+01 0.000000000000000000e+00 0.000000000000000000e+00
2.378252991181047094e+01 0.000000000000000000e+00 0.000000000000000000e+00
2.379597816075378347e+01 0.000000000000000000e+00 0.000000000000000000e+00
2.380942640969709601e+01 0.000000000000000000e+00 0.000000000000000000e+00
2.382287465864040499e+01 0.000000000000000000e+00 0.000000000000000000e+00
2.383632290758371752e+01 0.000000000000000000e+00 0.000000000000000000e+00
2.384977115652703006e+01 0.000000000000000000e+00 0.000000000000000000e+00
2.386321940547034259e+01 0.000000000000000000e+00 0.000000000000000000e+00
2.387666765441365513e+01 0.000000000000000000e+00 0.000000000000000000e+00
2.389011590335696766e+01 0.000000000000000000e+00 0.000000000000000000e+00
2.390356415230027665e+01 0.000000000000000000e+00 0.000000000000000000e+00
2.391701240124358918e+01 0.000000000000000000e+00 0.000000000000000000e+00
2.393046065018690172e+01 0.000000000000000000e+00 0.000000000000000000e+00
2.394390889913021425e+01 0.000000000000000000e+00 0.000000000000000000e+00
2.395735714807352679e+01 0.000000000000000000e+00 0.000000000000000000e+00
2.397080539701683932e+01 0.000000000000000000e+00 0.000000000000000000e+00
2.398425364596014830e+01 0.000000000000000000e+00 0.000000000000000000e+00
2.399770189490346084e+01 0.000000000000000000e+00 0.000000000000000000e+00
2.401115014384677337e+01 0.000000000000000000e+00 0.000000000000000000e+00
2.402459839279008591e+01 0.000000000000000000e+00 0.000000000000000000e+00
2.403804664173339845e+01 0.000000000000000000e+00 0.000000000000000000e+00
2.405149489067670743e+01 0.000000000000000000e+00 0.000000000000000000e+00
2.406494313962001996e+01 0.000000000000000000e+00 0.000000000000000000e+00
2.407839138856333250e+01 0.000000000000000000e+00 0.000000000000000000e+00
2.409183963750664503e+01 0.000000000000000000e+00 0.000000000000000000e+00
2.410528788644995757e+01 0.000000000000000000e+00 0.000000000000000000e+00
2.411873613539327010e+01 0.000000000000000000e+00 0.000000000000000000e+00
2.413218438433657909e+01 0.000000000000000000e+00 0.000000000000000000e+00
2.414563263327989162e+01 0.000000000000000000e+00 0.000000000000000000e+00
2.415908088222320416e+01 0.000000000000000000e+00 0.000000000000000000e+00
2.417252913116651669e+01 0.000000000000000000e+00 0.000000000000000000e+00
2.418597738010982923e+01 0.000000000000000000e+00 0.000000000000000000e+00
2.419942562905314176e+01 0.000000000000000000e+00 0.000000000000000000e+00
2.421287387799645074e+01 0.000000000000000000e+00 0.000000000000000000e+00
2.422632212693976328e+01 0.000000000000000000e+00 0.000000000000000000e+00
2.423977037588307581e+01 0.000000000000000000e+00 0.000000000000000000e+00
2.425321862482638835e+01 0.000000000000000000e+00 0.000000000000000000e+00
2.426666687376970089e+01 0.000000000000000000e+00 0.000000000000000000e+00
2.428011512271300987e+01 0.000000000000000000e+00 0.000000000000000000e+00
2.429356337165632240e+01 0.000000000000000000e+00 0.000000000000000000e+00
2.430701162059963494e+01 0.000000000000000000e+00 0.000000000000000000e+00
2.432045986954294747e+01 0.000000000000000000e+00 0.000000000000000000e+00
2.433390811848626001e+01 0.000000000000000000e+00 0.000000000000000000e+00
2.434735636742957254e+01 0.000000000000000000e+00 0.000000000000000000e+00
2.436080461637288153e+01 0.000000000000000000e+00 0.000000000000000000e+00
2.437425286531619406e+01 0.000000000000000000e+00 0.000000000000000000e+00
2.438770111425950660e+01 0.000000000000000000e+00 0.000000000000000000e+00
2.440114936320281913e+01 0.000000000000000000e+00 0.000000000000000000e+00
2.441459761214613167e+01 0.000000000000000000e+00 0.000000000000000000e+00
2.442804586108944420e+01 0.000000000000000000e+00 0.000000000000000000e+00
2.444149411003275318e+01 0.000000000000000000e+00 0.000000000000000000e+00
2.445494235897606572e+01 0.000000000000000000e+00 0.000000000000000000e+00
2.446839060791937825e+01 0.000000000000000000e+00 0.000000000000000000e+00
2.448183885686269079e+01 0.000000000000000000e+00 0.000000000000000000e+00
2.449528710580600332e+01 0.000000000000000000e+00 0.000000000000000000e+00
2.450873535474931231e+01 0.000000000000000000e+00 0.000000000000000000e+00
2.452218360369262484e+01 0.000000000000000000e+00 0.000000000000000000e+00
2.453563185263593738e+01 0.000000000000000000e+00 0.000000000000000000e+00
2.454908010157924991e+01 0.000000000000000000e+00 0.000000000000000000e+00
2.456252835052256245e+01 0.000000000000000000e+00 0.000000000000000000e+00
2.457597659946587498e+01 0.000000000000000000e+00 0.000000000000000000e+00
2.458942484840918397e+01 0.000000000000000000e+00 0.000000000000000000e+00
2.460287309735249650e+01 0.000000000000000000e+00 0.000000000000000000e+00
2.461632134629580904e+01 0.000000000000000000e+00 0.000000000000000000e+00
2.462976959523912157e+01 0.000000000000000000e+00 0.000000000000000000e+00
2.464321784418243411e+01 0.000000000000000000e+00 0.000000000000000000e+00
2.465666609312574664e+01 0.000000000000000000e+00 0.000000000000000000e+00
2.467011434206905562e+01 0.000000000000000000e+00 0.000000000000000000e+00
2.468356259101236816e+01 0.000000000000000000e+00 0.000000000000000000e+00
2.469701083995568069e+01 0.000000000000000000e+00 0.000000000000000000e+00
2.471045908889899323e+01 0.000000000000000000e+00 0.000000000000000000e+00
2.472390733784230576e+01 0.000000000000000000e+00 0.000000000000000000e+00
2.473735558678561475e+01 0.000000000000000000e+00 0.000000000000000000e+00
2.475080383572892728e+01 0.000000000000000000e+00 0.000000000000000000e+00
2.476425208467223982e+01 0.000000000000000000e+00 0.000000000000000000e+00
2.477770033361555235e+01 0.000000000000000000e+00 0.000000000000000000e+00
2.479114858255886489e+01 0.000000000000000000e+00 0.000000000000000000e+00
2.480459683150217742e+01 0.000000000000000000e+00 0.000000000000000000e+00
2.481804508044548641e+01 0.000000000000000000e+00 0.000000000000000000e+00
2.483149332938879894e+01 0.000000000000000000e+00 0.000000000000000000e+00
2.484494157833211148e+01 0.000000000000000000e+00 0.000000000000000000e+00
2.485838982727542401e+01 0.000000000000000000e+00 0.000000000000000000e+00
2.487183807621873655e+01 0.000000000000000000e+00 0.000000000000000000e+00
2.488528632516204908e+01 0.000000000000000000e+00 0.000000000000000000e+00
2.489873457410535806e+01 0.000000000000000000e+00 0.000000000000000000e+00
2.491218282304867060e+01 0.000000000000000000e+00 0.000000000000000000e+00
2.492563107199198313e+01 0.000000000000000000e+00 0.000000000000000000e+00
2.493907932093529567e+01 0.000000000000000000e+00 0.000000000000000000e+00
2.495252756987860820e+01 0.000000000000000000e+00 0.000000000000000000e+00
2.496597581882191719e+01 0.000000000000000000e+00 0.000000000000000000e+00
2.497942406776522972e+01 0.000000000000000000e+00 0.000000000000000000e+00
2.499287231670854226e+01 0.000000000000000000e+00 0.000000000000000000e+00
2.500632056565185479e+01 0.000000000000000000e+00 0.000000000000000000e+00
2.501976881459516733e+01 0.000000000000000000e+00 0.000000000000000000e+00
2.503321706353847986e+01 0.000000000000000000e+00 0.000000000000000000e+00
2.504666531248178885e+01 0.000000000000000000e+00 0.000000000000000000e+00
2.506011356142510138e+01 0.000000000000000000e+00 0.000000000000000000e+00
2.507356181036841392e+01 0.000000000000000000e+00 0.000000000000000000e+00
2.508701005931172645e+01 0.000000000000000000e+00 0.000000000000000000e+00
2.510045830825503899e+01 0.000000000000000000e+00 0.000000000000000000e+00
2.511390655719835152e+01 0.000000000000000000e+00 0.000000000000000000e+00
2.512735480614166050e+01 0.000000000000000000e+00 0.000000000000000000e+00
2.514080305508497304e+01 0.000000000000000000e+00 0.000000000000000000e+00
2.515425130402828557e+01 0.000000000000000000e+00 0.000000000000000000e+00
2.516769955297159811e+01 0.000000000000000000e+00 0.000000000000000000e+00
2.518114780191491064e+01 0.000000000000000000e+00 0.000000000000000000e+00
2.519459605085821963e+01 0.000000000000000000e+00 0.000000000000000000e+00
2.520804429980153216e+01 0.000000000000000000e+00 0.000000000000000000e+00
2.522149254874484470e+01 0.000000000000000000e+00 0.000000000000000000e+00
2.523494079768815723e+01 0.000000000000000000e+00 0.000000000000000000e+00
2.524838904663146977e+01 0.000000000000000000e+00 0.000000000000000000e+00
2.526183729557478230e+01 0.000000000000000000e+00 0.000000000000000000e+00
2.527528554451809129e+01 0.000000000000000000e+00 0.000000000000000000e+00
2.528873379346140382e+01 0.000000000000000000e+00 0.000000000000000000e+00
2.530218204240471636e+01 0.000000000000000000e+00 0.000000000000000000e+00
2.531563029134802889e+01 0.000000000000000000e+00 0.000000000000000000e+00
2.532907854029134143e+01 0.000000000000000000e+00 0.000000000000000000e+00
2.534252678923465396e+01 0.000000000000000000e+00 0.000000000000000000e+00
2.535597503817796294e+01 0.000000000000000000e+00 0.000000000000000000e+00
2.536942328712127548e+01 0.000000000000000000e+00 0.000000000000000000e+00
2.538287153606458801e+01 0.000000000000000000e+00 0.000000000000000000e+00
2.539631978500790055e+01 0.000000000000000000e+00 0.000000000000000000e+00
2.540976803395121308e+01 0.000000000000000000e+00 0.000000000000000000e+00
2.542321628289452207e+01 0.000000000000000000e+00 0.000000000000000000e+00
2.543666453183783460e+01 0.000000000000000000e+00 0.000000000000000000e+00
2.545011278078114714e+01 0.000000000000000000e+00 0.000000000000000000e+00
2.546356102972445967e+01 0.000000000000000000e+00 0.000000000000000000e+00
2.547700927866777221e+01 0.000000000000000000e+00 0.000000000000000000e+00
2.549045752761108474e+01 0.000000000000000000e+00 0.000000000000000000e+00
2.550390577655439373e+01 0.000000000000000000e+00 0.000000000000000000e+00
2.551735402549770626e+01 0.000000000000000000e+00 0.000000000000000000e+00
2.553080227444101880e+01 0.000000000000000000e+00 0.000000000000000000e+00
2.554425052338433133e+01 0.000000000000000000e+00 0.000000000000000000e+00
2.555769877232764387e+01 0.000000000000000000e+00 0.000000000000000000e+00
2.557114702127095640e+01 0.000000000000000000e+00 0.000000000000000000e+00
2.558459527021426538e+01 0.000000000000000000e+00 0.000000000000000000e+00
2.559804351915757792e+01 0.000000000000000000e+00 0.000000000000000000e+00
2.561149176810089045e+01 0.000000000000000000e+00 0.000000000000000000e+00
2.562494001704420299e+01 0.000000000000000000e+00 0.000000000000000000e+00
2.563838826598751552e+01 0.000000000000000000e+00 0.000000000000000000e+00
2.565183651493082451e+01 0.000000000000000000e+00 0.000000000000000000e+00
2.566528476387413704e+01 0.000000000000000000e+00 0.000000000000000000e+00
2.567873301281744958e+01 0.000000000000000000e+00 0.000000000000000000e+00
2.569218126176076211e+01 0.000000000000000000e+00 0.000000000000000000e+00
2.570562951070407465e+01 0.000000000000000000e+00 0.000000000000000000e+00
2.571907775964738718e+01 0.000000000000000000e+00 0.000000000000000000e+00
2.573252600859069616e+01 0.000000000000000000e+00 0.000000000000000000e+00
2.574597425753400870e+01 0.000000000000000000e+00 0.000000000000000000e+00
2.575942250647732124e+01 0.000000000000000000e+00 0.000000000000000000e+00
2.577287075542063377e+01 0.000000000000000000e+00 0.000000000000000000e+00
2.578631900436394631e+01 0.000000000000000000e+00 0.000000000000000000e+00
2.579976725330725884e+01 0.000000000000000000e+00 0.000000000000000000e+00
2.581321550225056782e+01 0.000000000000000000e+00 0.000000000000000000e+00
2.582666375119388036e+01 0.000000000000000000e+00 0.000000000000000000e+00
2.584011200013719289e+01 0.000000000000000000e+00 0.000000000000000000e+00
2.585356024908050543e+01 0.000000000000000000e+00 0.000000000000000000e+00
2.586700849802381796e+01 0.000000000000000000e+00 0.000000000000000000e+00
2.588045674696712695e+01 0.000000000000000000e+00 0.000000000000000000e+00
2.589390499591043948e+01 0.000000000000000000e+00 0.000000000000000000e+00
2.590735324485375202e+01 0.000000000000000000e+00 0.000000000000000000e+00
2.592080149379706455e+01 0.000000000000000000e+00 0.000000000000000000e+00
2.593424974274037709e+01 0.000000000000000000e+00 0.000000000000000000e+00
2.594769799168368962e+01 0.000000000000000000e+00 0.000000000000000000e+00
2.596114624062699860e+01 0.000000000000000000e+00 0.000000000000000000e+00
2.597459448957031114e+01 0.000000000000000000e+00 0.000000000000000000e+00
2.598804273851362368e+01 0.000000000000000000e+00 0.000000000000000000e+00
2.600149098745693621e+01 0.000000000000000000e+00 0.000000000000000000e+00
2.601493923640024875e+01 0.000000000000000000e+00 0.000000000000000000e+00
2.602838748534356128e+01 0.000000000000000000e+00 0.000000000000000000e+00
2.604183573428687026e+01 0.000000000000000000e+00 0.000000000000000000e+00
2.605528398323018280e+01 0.000000000000000000e+00 0.000000000000000000e+00
2.606873223217349533e+01 0.000000000000000000e+00 0.000000000000000000e+00
2.608218048111680787e+01 0.000000000000000000e+00 0.000000000000000000e+00
2.609562873006012040e+01 0.000000000000000000e+00 0.000000000000000000e+00
2.610907697900342939e+01 0.000000000000000000e+00 0.000000000000000000e+00
2.612252522794674192e+01 0.000000000000000000e+00 0.000000000000000000e+00
2.613597347689005446e+01 0.000000000000000000e+00 0.000000000000000000e+00
2.614942172583336699e+01 0.000000000000000000e+00 0.000000000000000000e+00
2.616286997477667953e+01 0.000000000000000000e+00 0.000000000000000000e+00
2.617631822371999206e+01 0.000000000000000000e+00 0.000000000000000000e+00
2.618976647266330104e+01 0.000000000000000000e+00 0.000000000000000000e+00
2.620321472160661358e+01 0.000000000000000000e+00 0.000000000000000000e+00
2.621666297054992611e+01 0.000000000000000000e+00 0.000000000000000000e+00
2.623011121949323865e+01 0.000000000000000000e+00 0.000000000000000000e+00
2.624355946843655119e+01 0.000000000000000000e+00 0.000000000000000000e+00
2.625700771737986372e+01 0.000000000000000000e+00 0.000000000000000000e+00
2.627045596632317270e+01 0.000000000000000000e+00 0.000000000000000000e+00
2.628390421526648524e+01 0.000000000000000000e+00 0.000000000000000000e+00
2.629735246420979777e+01 0.000000000000000000e+00 0.000000000000000000e+00
2.631080071315311031e+01 0.000000000000000000e+00 0.000000000000000000e+00
2.632424896209642284e+01 0.000000000000000000e+00 0.000000000000000000e+00
2.633769721103973183e+01 0.000000000000000000e+00 0.000000000000000000e+00
2.635114545998304436e+01 0.000000000000000000e+00 0.000000000000000000e+00
2.636459370892635690e+01 0.000000000000000000e+00 0.000000000000000000e+00
2.637804195786966943e+01 0.000000000000000000e+00 0.000000000000000000e+00
2.639149020681298197e+01 0.000000000000000000e+00 0.000000000000000000e+00
2.640493845575629450e+01 0.000000000000000000e+00 0.000000000000000000e+00
2.641838670469960348e+01 0.000000000000000000e+00 0.000000000000000000e+00
2.643183495364291602e+01 0.000000000000000000e+00 0.000000000000000000e+00
2.644528320258622855e+01 0.000000000000000000e+00 0.000000000000000000e+00
2.645873145152954109e+01 0.000000000000000000e+00 0.000000000000000000e+00
2.647217970047285363e+01 0.000000000000000000e+00 0.000000000000000000e+00
2.648562794941616616e+01 0.000000000000000000e+00 0.000000000000000000e+00
2.649907619835947514e+01 0.000000000000000000e+00 0.000000000000000000e+00
2.651252444730278768e+01 0.000000000000000000e+00 0.000000000000000000e+00
2.652597269624610021e+01 0.000000000000000000e+00 0.000000000000000000e+00
2.653942094518941275e+01 0.000000000000000000e+00 0.000000000000000000e+00
2.655286919413272528e+01 0.000000000000000000e+00 0.000000000000000000e+00
2.656631744307603427e+01 0.000000000000000000e+00 0.000000000000000000e+00
2.657976569201934680e+01 0.000000000000000000e+00 0.000000000000000000e+00
2.659321394096265934e+01 0.000000000000000000e+00 0.000000000000000000e+00
2.660666218990597187e+01 0.000000000000000000e+00 0.000000000000000000e+00
2.662011043884928441e+01 0.000000000000000000e+00 0.000000000000000000e+00
2.663355868779259694e+01 0.000000000000000000e+00 0.000000000000000000e+00
2.664700693673590592e+01 0.000000000000000000e+00 0.000000000000000000e+00
2.666045518567921846e+01 0.000000000000000000e+00 0.000000000000000000e+00
2.667390343462253099e+01 0.000000000000000000e+00 0.000000000000000000e+00
2.668735168356584353e+01 0.000000000000000000e+00 0.000000000000000000e+00
2.670079993250915606e+01 0.000000000000000000e+00 0.000000000000000000e+00
2.671424818145246860e+01 0.000000000000000000e+00 0.000000000000000000e+00
2.672769643039577758e+01 0.000000000000000000e+00 0.000000000000000000e+00
2.674114467933909012e+01 0.000000000000000000e+00 0.000000000000000000e+00
2.675459292828240265e+01 0.000000000000000000e+00 0.000000000000000000e+00
2.676804117722571519e+01 0.000000000000000000e+00 0.000000000000000000e+00
2.678148942616902772e+01 0.000000000000000000e+00 0.000000000000000000e+00
2.679493767511233671e+01 0.000000000000000000e+00 0.000000000000000000e+00
2.680838592405564924e+01 0.000000000000000000e+00 0.000000000000000000e+00
2.682183417299896178e+01 0.000000000000000000e+00 0.000000000000000000e+00
2.683528242194227431e+01 0.000000000000000000e+00 0.000000000000000000e+00
2.684873067088558685e+01 0.000000000000000000e+00 0.000000000000000000e+00
2.686217891982889938e+01 0.000000000000000000e+00 0.000000000000000000e+00
2.687562716877220836e+01 0.000000000000000000e+00 0.000000000000000000e+00
2.688907541771552090e+01 0.000000000000000000e+00 0.000000000000000000e+00
2.690252366665883343e+01 0.000000000000000000e+00 0.000000000000000000e+00
2.691597191560214597e+01 0.000000000000000000e+00 0.000000000000000000e+00
2.692942016454545850e+01 0.000000000000000000e+00 0.000000000000000000e+00
2.694286841348877104e+01 0.000000000000000000e+00 0.000000000000000000e+00
2.695631666243208002e+01 0.000000000000000000e+00 0.000000000000000000e+00
2.696976491137539256e+01 0.000000000000000000e+00 0.000000000000000000e+00
2.698321316031870509e+01 0.000000000000000000e+00 0.000000000000000000e+00
2.699666140926201763e+01 0.000000000000000000e+00 0.000000000000000000e+00
2.701010965820533016e+01 0.000000000000000000e+00 0.000000000000000000e+00
2.702355790714863915e+01 0.000000000000000000e+00 0.000000000000000000e+00
2.703700615609195168e+01 0.000000000000000000e+00 0.000000000000000000e+00
2.705045440503526422e+01 0.000000000000000000e+00 0.000000000000000000e+00
2.706390265397857675e+01 0.000000000000000000e+00 0.000000000000000000e+00
2.707735090292188929e+01 0.000000000000000000e+00 0.000000000000000000e+00
2.709079915186520182e+01 0.000000000000000000e+00 0.000000000000000000e+00
2.710424740080851080e+01 0.000000000000000000e+00 0.000000000000000000e+00
2.711769564975182334e+01 0.000000000000000000e+00 0.000000000000000000e+00
2.713114389869513587e+01 0.000000000000000000e+00 0.000000000000000000e+00
2.714459214763844841e+01 0.000000000000000000e+00 0.000000000000000000e+00
2.715804039658176094e+01 0.000000000000000000e+00 0.000000000000000000e+00
2.717148864552507348e+01 0.000000000000000000e+00 0.000000000000000000e+00
2.718493689446838246e+01 0.000000000000000000e+00 0.000000000000000000e+00
2.719838514341169500e+01 0.000000000000000000e+00 0.000000000000000000e+00
2.721183339235500753e+01 0.000000000000000000e+00 0.000000000000000000e+00
2.722528164129832007e+01 0.000000000000000000e+00 0.000000000000000000e+00
2.723872989024163260e+01 0.000000000000000000e+00 0.000000000000000000e+00
2.725217813918494159e+01 0.000000000000000000e+00 0.000000000000000000e+00
2.726562638812825412e+01 0.000000000000000000e+00 0.000000000000000000e+00
2.727907463707156666e+01 0.000000000000000000e+00 0.000000000000000000e+00
2.729252288601487919e+01 0.000000000000000000e+00 0.000000000000000000e+00
2.730597113495819173e+01 0.000000000000000000e+00 0.000000000000000000e+00
2.731941938390150426e+01 0.000000000000000000e+00 0.000000000000000000e+00
2.733286763284481324e+01 0.000000000000000000e+00 0.000000000000000000e+00
2.734631588178812578e+01 0.000000000000000000e+00 0.000000000000000000e+00
2.735976413073143831e+01 0.000000000000000000e+00 0.000000000000000000e+00
2.737321237967475085e+01 0.000000000000000000e+00 0.000000000000000000e+00
2.738666062861806338e+01 0.000000000000000000e+00 0.000000000000000000e+00
2.740010887756137592e+01 0.000000000000000000e+00 0.000000000000000000e+00
2.741355712650468490e+01 0.000000000000000000e+00 0.000000000000000000e+00
2.742700537544799744e+01 0.000000000000000000e+00 0.000000000000000000e+00
2.744045362439130997e+01 0.000000000000000000e+00 0.000000000000000000e+00
2.745390187333462251e+01 0.000000000000000000e+00 0.000000000000000000e+00
2.746735012227793504e+01 0.000000000000000000e+00 0.000000000000000000e+00
2.748079837122124403e+01 0.000000000000000000e+00 0.000000000000000000e+00
