-4.776721573822968053e-02 0.000000000000000000e+00 0.000000000000000000e+00
-3.431896679491777680e-02 0.000000000000000000e+00 0.000000000000000000e+00
-2.087071785160586612e-02 0.000000000000000000e+00 0.000000000000000000e+00
-7.422468908293957182e-03 0.000000000000000000e+00 0.000000000000000000e+00
6.025780035017951758e-03 0.000000000000000000e+00 0.000000000000000000e+00
1.947402897832985896e-02 0.000000000000000000e+00 0.000000000000000000e+00
3.292227792164176964e-02 0.000000000000000000e+00 0.000000000000000000e+00
4.637052686495367337e-02 0.000000000000000000e+00 0.000000000000000000e+00
5.981877580826557711e-02 0.000000000000000000e+00 0.000000000000000000e+00
7.326702475157748085e-02 0.000000000000000000e+00 0.000000000000000000e+00
8.671527369488939152e-02 0.000000000000000000e+00 0.000000000000000000e+00
1.001635226382013022e-01 0.000000000000000000e+00 0.000000000000000000e+00
1.136117715815132129e-01 0.000000000000000000e+00 0.000000000000000000e+00
1.270600205248251235e-01 0.000000000000000000e+00 0.000000000000000000e+00
1.405082694681370203e-01 0.000000000000000000e+00 0.000000000000000000e+00
1.539565184114489449e-01 0.000000000000000000e+00 0.000000000000000000e+00
1.674047673547608417e-01 0.000000000000000000e+00 0.000000000000000000e+00
1.808530162980727662e-01 0.000000000000000000e+00 0.000000000000000000e+00
1.943012652413846630e-01 0.000000000000000000e+00 0.000000000000000000e+00
2.077495141846965598e-01 0.000000000000000000e+00 0.000000000000000000e+00
2.211977631280085121e-01 0.000000000000000000e+00 0.000000000000000000e+00
2.346460120713204089e-01 0.000000000000000000e+00 0.000000000000000000e+00
2.480942610146323335e-01 0.000000000000000000e+00 0.000000000000000000e+00
2.615425099579442025e-01 0.000000000000000000e+00 0.000000000000000000e+00
2.749907589012561271e-01 0.000000000000000000e+00 0.000000000000000000e+00
2.884390078445680516e-01 0.000000000000000000e+00 0.000000000000000000e+00
3.018872567878799762e-01 0.000000000000000000e+00 0.000000000000000000e+00
3.153355057311918452e-01 0.000000000000000000e+00 0.000000000000000000e+00
3.287837546745037698e-01 0.000000000000000000e+00 0.000000000000000000e+00
3.422320036178156943e-01 0.000000000000000000e+00 0.000000000000000000e+00
3.556802525611275634e-01 0.000000000000000000e+00 0.000000000000000000e+00
3.691285015044394879e-01 0.000000000000000000e+00 0.000000000000000000e+00
3.825767504477514125e-01 0.000000000000000000e+00 0.000000000000000000e+00
3.960249993910633370e-01 0.000000000000000000e+00 0.000000000000000000e+00
4.094732483343752061e-01 0.000000000000000000e+00 0.000000000000000000e+00
4.229214972776871306e-01 0.000000000000000000e+00 0.000000000000000000e+00
4.363697462209990552e-01 0.000000000000000000e+00 0.000000000000000000e+00
4.498179951643109242e-01 0.000000000000000000e+00 0.000000000000000000e+00
4.632662441076228488e-01 0.000000000000000000e+00 0.000000000000000000e+00
4.767144930509347733e-01 0.000000000000000000e+00 0.000000000000000000e+00
4.901627419942466979e-01 0.000000000000000000e+00 0.000000000000000000e+00
5.036109909375585669e-01 0.000000000000000000e+00 0.000000000000000000e+00
5.170592398808704360e-01 0.000000000000000000e+00 0.000000000000000000e+00
5.305074888241824160e-01 0.000000000000000000e+00 0.000000000000000000e+00
5.439557377674942851e-01 0.000000000000000000e+00 0.000000000000000000e+00
5.574039867108062651e-01 0.000000000000000000e+00 0.000000000000000000e+00
5.708522356541181342e-01 0.000000000000000000e+00 0.000000000000000000e+00
5.843004845974300032e-01 0.000000000000000000e+00 0.000000000000000000e+00
5.977487335407419833e-01 0.000000000000000000e+00 0.000000000000000000e+00
6.111969824840538523e-01 0.000000000000000000e+00 0.000000000000000000e+00
6.246452314273657214e-01 0.000000000000000000e+00 0.000000000000000000e+00
6.380934803706777014e-01 0.000000000000000000e+00 0.000000000000000000e+00
6.515417293139895705e-01 0.000000000000000000e+00 0.000000000000000000e+00
6.649899782573014395e-01 0.000000000000000000e+00 0.000000000000000000e+00
6.784382272006134196e-01 0.000000000000000000e+00 0.000000000000000000e+00
6.918864761439252886e-01 0.000000000000000000e+00 0.000000000000000000e+00
7.053347250872371577e-01 0.000000000000000000e+00 0.000000000000000000e+00
7.187829740305491377e-01 0.000000000000000000e+00 0.000000000000000000e+00
7.322312229738610068e-01 0.000000000000000000e+00 0.000000000000000000e+00
7.456794719171728758e-01 0.000000000000000000e+00 0.000000000000000000e+00
7.591277208604848559e-01 0.000000000000000000e+00 0.000000000000000000e+00
7.725759698037967249e-01 9.400000000000000022e-02 1.371130920080208815e-02
7.860242187471087050e-01 4.440000000000000058e-01 2.979932885150268079e-02
7.994724676904205740e-01 4.979999999999999982e-01 3.155946767611900183e-02
8.129207166337324431e-01 5.360000000000000320e-01 3.274141108748979817e-02
8.263689655770444231e-01 5.420000000000000373e-01 3.292415526630865924e-02
8.398172145203562922e-01 5.759999999999999565e-01 3.394112549695427888e-02
8.532654634636681612e-01 5.759999999999999565e-01 3.394112549695427888e-02
8.667137124069801413e-01 6.720000000000000417e-01 3.666060555964671674e-02
8.801619613502920103e-01 7.439999999999999947e-01 3.857460304397181822e-02
8.936102102936038794e-01 7.800000000000000266e-01 3.949683531626299593e-02
9.070584592369158594e-01 8.780000000000000027e-01 4.190465367951392434e-02
9.205067081802277285e-01 9.020000000000000240e-01 4.247352116319060705e-02
9.339549571235395975e-01 9.340000000000000524e-01 4.322036556994861972e-02
9.474032060668515776e-01 1.106000000000000094e+00 4.703190406521938483e-02
9.608514550101634466e-01 1.086000000000000076e+00 4.660472079092417563e-02
9.742997039534754267e-01 1.096000000000000085e+00 4.681879964287850165e-02
9.877479528967872957e-01 1.149999999999999911e+00 4.795831523312719252e-02
1.001196201840099276e+00 1.217999999999999972e+00 4.935585071701226872e-02
1.014644450783411145e+00 1.328000000000000069e+00 5.153639490690050534e-02
1.028092699726723014e+00 1.340000000000000080e+00 5.176871642217913821e-02
1.041540948670034883e+00 1.479999999999999982e+00 5.440588203494177433e-02
1.054989197613346752e+00 1.534000000000000030e+00 5.538952969650491609e-02
1.068437446556658843e+00 1.645999999999999908e+00 5.737595315112421074e-02
1.081885695499970712e+00 1.701999999999999957e+00 5.834380858325929203e-02
1.095333944443282581e+00 1.812000000000000055e+00 6.019966777316964474e-02
1.108782193386594450e+00 1.796000000000000041e+00 5.993329625508678898e-02
1.122230442329906319e+00 1.957999999999999963e+00 6.257795138864806483e-02
1.135678691273218188e+00 2.008000000000000007e+00 6.337191807101943963e-02
1.149126940216530279e+00 2.017999999999999794e+00 6.352952069707436256e-02
1.162575189159842148e+00 2.251999999999999780e+00 6.711184694225007241e-02
1.176023438103154017e+00 2.291999999999999815e+00 6.770524351924302187e-02
1.189471687046465886e+00 2.443999999999999950e+00 6.991423317179414065e-02
1.202919935989777755e+00 2.451999999999999957e+00 7.002856560004638853e-02
1.216368184933089625e+00 2.466000000000000192e+00 7.022819946431775595e-02
1.229816433876401716e+00 2.818000000000000060e+00 7.507329751649384486e-02
1.243264682819713585e+00 2.930000000000000160e+00 7.655063683601855129e-02
1.256712931763025454e+00 2.875999999999999890e+00 7.584194090343415739e-02
1.270161180706337323e+00 3.012000000000000011e+00 7.761443164772902081e-02
1.283609429649649192e+00 3.363999999999999879e+00 8.202438661763951366e-02
1.297057678592961283e+00 3.751999999999999780e+00 8.662563131083085566e-02
1.310505927536273152e+00 3.943999999999999950e+00 8.881441324469807608e-02
1.323954176479585021e+00 4.480000000000000426e+00 9.465727652959385341e-02
1.337402425422896890e+00 4.761999999999999567e+00 9.759098319004681776e-02
1.350850674366208759e+00 5.437999999999999723e+00 1.042880625958695212e-01
1.364298923309520628e+00 5.836000000000000298e+00 1.080370306885560377e-01
1.377747172252832719e+00 6.171999999999999709e+00 1.111035552986491953e-01
1.391195421196144588e+00 6.322000000000000064e+00 1.124455423749647770e-01
1.404643670139456457e+00 6.586000000000000298e+00 1.147693338832285886e-01
1.418091919082768326e+00 6.477999999999999758e+00 1.138244262010575658e-01
1.431540168026080195e+00 6.817999999999999616e+00 1.167732846159599963e-01
1.444988416969392064e+00 7.011999999999999567e+00 1.184229707446996932e-01
1.458436665912704155e+00 7.440000000000000391e+00 1.219836054558152555e-01
1.471884914856016024e+00 7.809999999999999609e+00 1.249799983997439551e-01
1.485333163799327894e+00 8.183999999999999275e+00 1.279374847337557963e-01
1.498781412742639763e+00 8.240000000000000213e+00 1.283744522870497173e-01
1.512229661685951632e+00 7.862000000000000099e+00 1.253953747153378762e-01
1.525677910629263723e+00 7.097999999999999865e+00 1.191469680688518329e-01
1.539126159572575592e+00 6.910000000000000142e+00 1.175584960774847670e-01
1.552574408515887461e+00 6.668000000000000149e+00 1.154816002660164070e-01
1.566022657459199330e+00 6.336000000000000298e+00 1.125699782357622997e-01
1.579470906402511199e+00 6.498000000000000220e+00 1.140000000000000041e-01
1.592919155345823068e+00 6.389999999999999680e+00 1.130486620885006316e-01
1.606367404289135159e+00 6.605999999999999872e+00 1.149434643640080966e-01
1.619815653232447028e+00 6.902000000000000135e+00 1.174904251417961260e-01
1.633263902175758897e+00 7.250000000000000000e+00 1.204159457879229456e-01
1.646712151119070766e+00 7.950000000000000178e+00 1.260952021291849023e-01
1.660160400062382635e+00 9.146000000000000796e+00 1.352479205015736929e-01
1.673608649005694504e+00 1.085599999999999987e+01 1.473499236511509047e-01
1.687056897949006595e+00 1.338799999999999990e+01 1.636337373526620675e-01
1.700505146892318464e+00 1.772400000000000020e+01 1.882763925721968878e-01
1.713953395835630333e+00 2.410999999999999943e+01 2.195905280288746875e-01
1.727401644778942202e+00 3.189999999999999858e+01 2.525866188063017881e-01
1.740849893722254071e+00 4.018200000000000216e+01 2.834854493620440063e-01
1.754298142665566163e+00 4.678199999999999648e+01 3.058823303167412244e-01
1.767746391608878032e+00 5.257600000000000051e+01 3.242714911921799059e-01
1.781194640552189901e+00 5.536200000000000188e+01 3.327521600230417542e-01
1.794642889495501770e+00 5.366199999999999903e+01 3.276034187855798585e-01
1.808091138438813639e+00 5.072800000000000153e+01 3.185215848258952653e-01
1.821539387382125508e+00 4.618399999999999750e+01 3.039210423777859993e-01
1.834987636325437599e+00 3.955799999999999983e+01 2.812756654956130586e-01
1.848435885268749468e+00 3.360199999999999676e+01 2.592373429890069136e-01
1.861884134212061337e+00 2.714999999999999858e+01 2.330236039546208782e-01
1.875332383155373206e+00 2.142599999999999838e+01 2.070072462499803478e-01
1.888780632098685075e+00 1.690800000000000125e+01 1.838912722235614972e-01
1.902228881041996944e+00 1.347000000000000064e+01 1.641340915227546549e-01
1.915677129985309035e+00 1.099200000000000088e+01 1.482700239428050848e-01
1.929125378928620904e+00 9.816000000000000725e+00 1.401142391050959612e-01
1.942573627871932773e+00 9.178000000000000824e+00 1.354843164355195861e-01
1.956021876815244642e+00 8.900000000000000355e+00 1.334166406412633510e-01
1.969470125758556511e+00 8.782000000000000028e+00 1.325292420562345364e-01
1.982918374701868602e+00 9.304000000000000270e+00 1.364111432398394663e-01
1.996366623645180471e+00 9.685999999999999943e+00 1.391833323354488561e-01
2.009814872588492118e+00 1.006199999999999939e+01 1.418590850104426704e-01
2.023263121531804209e+00 1.019999999999999929e+01 1.428285685708569897e-01
2.036711370475116301e+00 1.061200000000000010e+01 1.456845908117944954e-01
2.050159619418427948e+00 1.045199999999999996e+01 1.445821565754225324e-01
2.063607868361740039e+00 9.976000000000000867e+00 1.412515486640766038e-01
2.077056117305051686e+00 1.001200000000000045e+01 1.415061836104698212e-01
2.090504366248363777e+00 9.884000000000000341e+00 1.405987197665754251e-01
2.103952615191675868e+00 9.679999999999999716e+00 1.391402170474086986e-01
2.117400864134987515e+00 9.641999999999999460e+00 1.388668426947196055e-01
2.130849113078299606e+00 9.881999999999999673e+00 1.405844941663197956e-01
2.144297362021611253e+00 9.935999999999999943e+00 1.409680814936487558e-01
2.157745610964923344e+00 9.913999999999999702e+00 1.408119313126554861e-01
2.171193859908235435e+00 1.008999999999999986e+01 1.420563268566381043e-01
2.184642108851547082e+00 1.030400000000000027e+01 1.435548675594108814e-01
2.198090357794859173e+00 1.029599999999999937e+01 1.434991289172167783e-01
2.211538606738170820e+00 1.076999999999999957e+01 1.467651184716586565e-01
2.224986855681482911e+00 1.083999999999999986e+01 1.472412985544477027e-01
2.238435104624794558e+00 1.127399999999999913e+01 1.501599147575677085e-01
2.251883353568106649e+00 1.173199999999999932e+01 1.531796331109328557e-01
2.265331602511418740e+00 1.213400000000000034e+01 1.557818988201132293e-01
2.278779851454730387e+00 1.235399999999999920e+01 1.571877857850284554e-01
2.292228100398042479e+00 1.276200000000000045e+01 1.597623234683321625e-01
2.305676349341354125e+00 1.307600000000000051e+01 1.617158000938683782e-01
2.319124598284666217e+00 1.276800000000000068e+01 1.597998748435054128e-01
2.332572847227978308e+00 1.296199999999999974e+01 1.610093165006298566e-01
2.346021096171289955e+00 1.254599999999999937e+01 1.584045453893290212e-01
2.359469345114602046e+00 1.268200000000000038e+01 1.592607924129476327e-01
2.372917594057913693e+00 1.291799999999999926e+01 1.607358080827044622e-01
2.386365843001225784e+00 1.246799999999999997e+01 1.579113675452150645e-01
2.399814091944537875e+00 1.255199999999999960e+01 1.584424185627068826e-01
2.413262340887849522e+00 1.245599999999999952e+01 1.578353572555908912e-01
2.426710589831161613e+00 1.274600000000000044e+01 1.596621432901362547e-01
2.440158838774473260e+00 1.269800000000000040e+01 1.593612248948909071e-01
2.453607087717785351e+00 1.272400000000000020e+01 1.595242928208741306e-01
2.467055336661096998e+00 1.283799999999999919e+01 1.602373239916343450e-01
2.480503585604409089e+00 1.297199999999999953e+01 1.610714127336070889e-01
2.493951834547721180e+00 1.278599999999999959e+01 1.599124760611253804e-01
2.507400083491032827e+00 1.304400000000000048e+01 1.615178008765597306e-01
2.520848332434344918e+00 1.307399999999999984e+01 1.617034322455772610e-01
2.534296581377656565e+00 1.327599999999999980e+01 1.629478444165494422e-01
2.547744830320968656e+00 1.352999999999999936e+01 1.644992401198254739e-01
2.561193079264280748e+00 1.317200000000000060e+01 1.623083485221878675e-01
2.574641328207592395e+00 1.336800000000000033e+01 1.635114674877575502e-01
2.588089577150904486e+00 1.365199999999999925e+01 1.652392205258787772e-01
2.601537826094216133e+00 1.359800000000000075e+01 1.649120977975842561e-01
2.614986075037528224e+00 1.384600000000000009e+01 1.664091343646736387e-01
2.628434323980840315e+00 1.430199999999999960e+01 1.691271710873211709e-01
2.641882572924151962e+00 1.393999999999999950e+01 1.669730517179344176e-01
2.655330821867464053e+00 1.407199999999999918e+01 1.677617358040861539e-01
2.668779070810775700e+00 1.444800000000000040e+01 1.699882348870062343e-01
2.682227319754087791e+00 1.452200000000000024e+01 1.704230031421814784e-01
2.695675568697399438e+00 1.422000000000000064e+01 1.686416318706623618e-01
2.709123817640711529e+00 1.458799999999999919e+01 1.708098357823693847e-01
2.722572066584023620e+00 1.442999999999999972e+01 1.698823122046553558e-01
2.736020315527335267e+00 1.460999999999999943e+01 1.709385854627328005e-01
2.749468564470647358e+00 1.496000000000000085e+01 1.729739864835172225e-01
2.762916813413959005e+00 1.515799999999999947e+01 1.741149045888949753e-01
2.776365062357271096e+00 1.503599999999999959e+01 1.734128022955629678e-01
2.789813311300583187e+00 1.495400000000000063e+01 1.729392957080605198e-01
2.803261560243894834e+00 1.524000000000000021e+01 1.745852227423615732e-01
2.816709809187206925e+00 1.527399999999999913e+01 1.747798615401671696e-01
2.830158058130518572e+00 1.550999999999999979e+01 1.761249556422939122e-01
2.843606307073830664e+00 1.547000000000000064e+01 1.758976975403601095e-01
2.857054556017142755e+00 1.560599999999999987e+01 1.766691823720255017e-01
2.870502804960454402e+00 1.616199999999999903e+01 1.797887649437528157e-01
2.883951053903766493e+00 1.577599999999999980e+01 1.776288264893961522e-01
2.897399302847078140e+00 1.586999999999999922e+01 1.781572339255411697e-01
2.910847551790390231e+00 1.587800000000000011e+01 1.782021324227069936e-01
2.924295800733701878e+00 1.612000000000000099e+01 1.795550054997075429e-01
2.937744049677013969e+00 1.623600000000000065e+01 1.801998890121744856e-01
2.951192298620326060e+00 1.626599999999999824e+01 1.803662939686902777e-01
2.964640547563637707e+00 1.640800000000000125e+01 1.811518699875880323e-01
2.978088796506949798e+00 1.658200000000000074e+01 1.821098569545316903e-01
2.991537045450261445e+00 1.683599999999999852e+01 1.834993187998255060e-01
3.004985294393573536e+00 1.653399999999999892e+01 1.818460887673969129e-01
3.018433543336885627e+00 1.680199999999999960e+01 1.833139383680357226e-01
3.031881792280197274e+00 1.665800000000000125e+01 1.825267103741257946e-01
3.045330041223509365e+00 1.709600000000000009e+01 1.849107893012195136e-01
3.058778290166821012e+00 1.673799999999999955e+01 1.829644774266305507e-01
3.072226539110133103e+00 1.683599999999999852e+01 1.834993187998255060e-01
3.085674788053445194e+00 1.709199999999999875e+01 1.848891559827130493e-01
3.099123036996756841e+00 1.742200000000000060e+01 1.866654761866800016e-01
3.112571285940068933e+00 1.756800000000000139e+01 1.874459922217596997e-01
3.126019534883380580e+00 1.780999999999999872e+01 1.887326150934172664e-01
3.139467783826692671e+00 1.722599999999999909e+01 1.856124995790962295e-01
3.152916032770004318e+00 1.778000000000000114e+01 1.885735930611706634e-01
3.166364281713316409e+00 1.805600000000000094e+01 1.900315763235152500e-01
3.179812530656628500e+00 1.742800000000000082e+01 1.866976164818394124e-01
3.193260779599940147e+00 1.797599999999999909e+01 1.896101263118613045e-01
3.206709028543252238e+00 1.805799999999999983e+01 1.900421005987883716e-01
3.220157277486563885e+00 1.848400000000000176e+01 1.922706425848730583e-01
3.233605526429875976e+00 1.825000000000000000e+01 1.910497317454279975e-01
3.247053775373188067e+00 1.840200000000000102e+01 1.918436863699193862e-01
3.260502024316499714e+00 1.883599999999999852e+01 1.940927613281855646e-01
3.273950273259811805e+00 1.844399999999999906e+01 1.920624898307840001e-01
3.287398522203123452e+00 1.862000000000000099e+01 1.929766825292631161e-01
3.300846771146435543e+00 1.873199999999999932e+01 1.935561933909633325e-01
3.314295020089747634e+00 1.908200000000000074e+01 1.953560851368597862e-01
3.327743269033059281e+00 1.899200000000000088e+01 1.948948434412773045e-01
3.341191517976371372e+00 1.920400000000000063e+01 1.959795907741415655e-01
3.354639766919683019e+00 1.892200000000000060e+01 1.945353438324254614e-01
3.368088015862995110e+00 1.928200000000000003e+01 1.963771880845634199e-01
3.381536264806306757e+00 1.943400000000000105e+01 1.971496893226058478e-01
3.394984513749618849e+00 1.932000000000000028e+01 1.965705980048898238e-01
3.408432762692930940e+00 1.946600000000000108e+01 1.973119357768302884e-01
3.421881011636242587e+00 1.939999999999999858e+01 1.969771560359220852e-01
3.435329260579554678e+00 1.938200000000000145e+01 1.968857536745612091e-01
3.448777509522866325e+00 1.971000000000000085e+01 1.985447052932915735e-01
3.462225758466177972e+00 1.947200000000000131e+01 1.973423421367041519e-01
3.475674007409490063e+00 1.922400000000000020e+01 1.960816156604182903e-01
3.489122256352801710e+00 1.953399999999999892e+01 1.976562672924893627e-01
3.502570505296113801e+00 1.959199999999999875e+01 1.979494885065379572e-01
3.516018754239425892e+00 1.982799999999999940e+01 1.991381430063060565e-01
3.529467003182737539e+00 1.966000000000000014e+01 1.982927129271270239e-01
3.542915252126049630e+00 1.970799999999999841e+01 1.985346317396539106e-01
3.556363501069361277e+00 2.025799999999999912e+01 2.012858663692013994e-01
3.569811750012673368e+00 1.996199999999999974e+01 1.998099096641605676e-01
3.583259998955985015e+00 2.004200000000000159e+01 2.002098898656107795e-01
3.596708247899297106e+00 2.015599999999999881e+01 2.007784849031389873e-01
3.610156496842609197e+00 2.024399999999999977e+01 2.012163015264916421e-01
3.623604745785920844e+00 2.023400000000000176e+01 2.011665976249536192e-01
3.637052994729232935e+00 1.987399999999999878e+01 1.993690046120509540e-01
3.650501243672544582e+00 2.060200000000000031e+01 2.029876843554800359e-01
3.663949492615856673e+00 2.055999999999999872e+01 2.027806696901852113e-01
3.677397741559168765e+00 2.080600000000000094e+01 2.039901958428394502e-01
3.690845990502480412e+00 2.106599999999999895e+01 2.052608097031676515e-01
3.704294239445792503e+00 2.102400000000000091e+01 2.050560898876207516e-01
3.717742488389104150e+00 2.051399999999999935e+01 2.025536965843872106e-01
3.731190737332416241e+00 2.040599999999999881e+01 2.020198010097030150e-01
3.744638986275728332e+00 2.071199999999999974e+01 2.035288677313368266e-01
3.758087235219039979e+00 2.076399999999999935e+01 2.037841995837753883e-01
3.771535484162352070e+00 2.080199999999999960e+01 2.039705861147631250e-01
3.784983733105663717e+00 2.071600000000000108e+01 2.035485200142707896e-01
3.798431982048975808e+00 2.033200000000000074e+01 2.016531675922796085e-01
3.811880230992287455e+00 2.097800000000000153e+01 2.048316381812145814e-01
3.825328479935599546e+00 2.045200000000000173e+01 2.022473732833136029e-01
3.838776728878911637e+00 2.073799999999999955e+01 2.036565736724449405e-01
3.852224977822223284e+00 2.123400000000000176e+01 2.060776552661641448e-01
3.865673226765535375e+00 2.111199999999999832e+01 2.054847926246611556e-01
3.879121475708847022e+00 2.087600000000000122e+01 2.043330614462574024e-01
3.892569724652159113e+00 2.087199999999999989e+01 2.043134846259541393e-01
3.906017973595471204e+00 2.072599999999999909e+01 2.035976424224995862e-01
3.919466222538782851e+00 2.126399999999999935e+01 2.062231800744038779e-01
3.932914471482094942e+00 2.093400000000000105e+01 2.046167148597591856e-01
3.946362720425406589e+00 2.148000000000000043e+01 2.072679425285058330e-01
3.959810969368718681e+00 2.107400000000000162e+01 2.052997808084558173e-01
3.973259218312030772e+00 2.144000000000000128e+01 2.070748656887165529e-01
3.986707467255342419e+00 2.101999999999999957e+01 2.050365821018288459e-01
4.000155716198654510e+00 2.181200000000000117e+01 2.088635918488428167e-01
4.013603965141966157e+00 2.168799999999999883e+01 2.082690567511170099e-01
4.027052214085277804e+00 2.137999999999999901e+01 2.067849124090052892e-01
4.040500463028590339e+00 2.135999999999999943e+01 2.066881709242210097e-01
4.053948711971901986e+00 2.123199999999999932e+01 2.060679499582601382e-01
4.067396960915213633e+00 2.130799999999999983e+01 2.064364308933866465e-01
4.080845209858526168e+00 2.108800000000000097e+01 2.053679624478949584e-01
4.094293458801837815e+00 2.128600000000000136e+01 2.063298330343918130e-01
4.107741707745149462e+00 2.105799999999999983e+01 2.052218311973655618e-01
4.121189956688461997e+00 2.141799999999999926e+01 2.069685966517625930e-01
4.134638205631773644e+00 2.118599999999999994e+01 2.058446015809013152e-01
4.148086454575085291e+00 2.146999999999999886e+01 2.072196901841135419e-01
4.161534703518396938e+00 2.168599999999999994e+01 2.082594535669389513e-01
4.174982952461709473e+00 2.144200000000000017e+01 2.070845238061019278e-01
4.188431201405021120e+00 2.176200000000000045e+01 2.086240638085645194e-01
4.201879450348332767e+00 2.159799999999999898e+01 2.078364741810252991e-01
4.215327699291645303e+00 2.151800000000000068e+01 2.074511990806512662e-01
4.228775948234956950e+00 2.151399999999999935e+01 2.074319165413076038e-01
4.242224197178268597e+00 2.167800000000000082e+01 2.082210364012243575e-01
4.255672446121580244e+00 2.182600000000000051e+01 2.089306104906602790e-01
4.269120695064892779e+00 2.155999999999999872e+01 2.076535576386785709e-01
4.282568944008204426e+00 2.171799999999999997e+01 2.084130514147326529e-01
4.296017192951516073e+00 2.151800000000000068e+01 2.074511990806512662e-01
4.309465441894828608e+00 2.145400000000000063e+01 2.071424630538123146e-01
4.322913690838140255e+00 2.137399999999999878e+01 2.067558947164505889e-01
4.336361939781451902e+00 2.171000000000000085e+01 2.083746625672132646e-01
4.349810188724764437e+00 2.174399999999999977e+01 2.085377663637932033e-01
4.363258437668076084e+00 2.155000000000000071e+01 2.076053949202669446e-01
4.376706686611387731e+00 2.156599999999999895e+01 2.076824499085081488e-01
4.390154935554699378e+00 2.162999999999999901e+01 2.079903843931252549e-01
4.403603184498011913e+00 2.148400000000000176e+01 2.072872403212508430e-01
4.417051433441323560e+00 2.145400000000000063e+01 2.071424630538123146e-01
4.430499682384635207e+00 2.198799999999999955e+01 2.097045540754897408e-01
4.443947931327947742e+00 2.171999999999999886e+01 2.084226475218084462e-01
4.457396180271259389e+00 2.190800000000000125e+01 2.093227173528950658e-01
4.470844429214571036e+00 2.160999999999999943e+01 2.078942038634074008e-01
4.484292678157882683e+00 2.154400000000000048e+01 2.075764919252659491e-01
4.497740927101195219e+00 2.225799999999999912e+01 2.109881513260875030e-01
4.511189176044506866e+00 2.187600000000000122e+01 2.091697874933184376e-01
4.524637424987818513e+00 2.229799999999999827e+01 2.111776503326050214e-01
4.538085673931131048e+00 2.229799999999999827e+01 2.111776503326050214e-01
4.551533922874442695e+00 2.290599999999999881e+01 2.140373799129488275e-01
4.564982171817754342e+00 2.284799999999999898e+01 2.137662274541982099e-01
4.578430420761066877e+00 2.348000000000000043e+01 2.167025611293046106e-01
4.591878669704378524e+00 2.379400000000000048e+01 2.181467396043314522e-01
4.605326918647690171e+00 2.498600000000000065e+01 2.235441790787673355e-01
4.618775167591001818e+00 2.592800000000000082e+01 2.277191252398445553e-01
4.632223416534314353e+00 2.617200000000000060e+01 2.287881115792514131e-01
4.645671665477626000e+00 2.656200000000000117e+01 2.304864421175354117e-01
4.659119914420937647e+00 2.619600000000000151e+01 2.288929880970581587e-01
4.672568163364250182e+00 2.648199999999999932e+01 2.301390883791799569e-01
4.686016412307561829e+00 2.581400000000000006e+01 2.272179570368504098e-01
4.699464661250873476e+00 2.484400000000000119e+01 2.229080527930742961e-01
4.712912910194185123e+00 2.383800000000000097e+01 2.183483455398735340e-01
4.726361159137497658e+00 2.353999999999999915e+01 2.169792616818483066e-01
4.739809408080809305e+00 2.262000000000000099e+01 2.126969675383267033e-01
4.753257657024120952e+00 2.196399999999999864e+01 2.095900761009452107e-01
4.766705905967433488e+00 2.196600000000000108e+01 2.095996183202631646e-01
4.780154154910745135e+00 2.172400000000000020e+01 2.084418384106223598e-01
4.793602403854056782e+00 2.171799999999999997e+01 2.084130514147326529e-01
4.807050652797369317e+00 2.140200000000000102e+01 2.068912757948000170e-01
4.820498901740680964e+00 2.114399999999999835e+01 2.056404629444312515e-01
4.833947150683992611e+00 2.107600000000000051e+01 2.053095224289414322e-01
4.847395399627304258e+00 2.123999999999999844e+01 2.061067684478120055e-01
4.860843648570616793e+00 2.152199999999999847e+01 2.074704798278540763e-01
4.874291897513928440e+00 2.130399999999999849e+01 2.064170535590506839e-01
4.887740146457240087e+00 2.084799999999999898e+01 2.041959842896035049e-01
4.901188395400552622e+00 2.113200000000000145e+01 2.055821003881417863e-01
4.914636644343864269e+00 2.125600000000000023e+01 2.061843835017579674e-01
4.928084893287175916e+00 2.072800000000000153e+01 2.036074654819906016e-01
4.941533142230487563e+00 2.115399999999999991e+01 2.056890857580926657e-01
4.954981391173800098e+00 2.132000000000000028e+01 2.064945519862449175e-01
4.968429640117111745e+00 2.112399999999999878e+01 2.055431828108147396e-01
4.981877889060423392e+00 2.085000000000000142e+01 2.042057785666213654e-01
4.995326138003735927e+00 2.096799999999999997e+01 2.047828117787232616e-01
5.008774386947047574e+00 2.064799999999999969e+01 2.032141727340885939e-01
5.022222635890359221e+00 2.110999999999999943e+01 2.054750593137765757e-01
5.035670884833671757e+00 2.120200000000000173e+01 2.059223154492975383e-01
5.049119133776983404e+00 2.082000000000000028e+01 2.040588150509553556e-01
5.062567382720295051e+00 2.137800000000000011e+01 2.067752402972851122e-01
5.076015631663606698e+00 2.100799999999999912e+01 2.049780476051033251e-01
5.089463880606919233e+00 2.087600000000000122e+01 2.043330614462574024e-01
5.102912129550230880e+00 2.083399999999999963e+01 2.041274111921277390e-01
5.116360378493542527e+00 2.070400000000000063e+01 2.034895574716304723e-01
5.129808627436855062e+00 2.090200000000000102e+01 2.044602650883540207e-01
5.143256876380166709e+00 2.082400000000000162e+01 2.040784163011855612e-01
5.156705125323478356e+00 2.085399999999999920e+01 2.042253657115099819e-01
5.170153374266790003e+00 2.140200000000000102e+01 2.068912757948000170e-01
5.183601623210102538e+00 2.094000000000000128e+01 2.046460358765837262e-01
5.197049872153414185e+00 2.095799999999999841e+01 2.047339737317673547e-01
5.210498121096725832e+00 2.082999999999999829e+01 2.041078146470634291e-01
5.223946370040038367e+00 2.081200000000000117e+01 2.040196069009054813e-01
5.237394618983350014e+00 2.099200000000000088e+01 2.048999755978511417e-01
5.250842867926661661e+00 2.102199999999999847e+01 2.050463362267173073e-01
5.264291116869974196e+00 2.054200000000000159e+01 2.026918843959964744e-01
5.277739365813285843e+00 2.071199999999999974e+01 2.035288677313368266e-01
5.291187614756597490e+00 2.112199999999999989e+01 2.055334522650753282e-01
5.304635863699909137e+00 2.110600000000000165e+01 2.054555913086816010e-01
5.318084112643221673e+00 2.123199999999999932e+01 2.060679499582601382e-01
5.331532361586533320e+00 2.086599999999999966e+01 2.042841158778626043e-01
5.344980610529844967e+00 2.061799999999999855e+01 2.030664915735730103e-01
5.358428859473157502e+00 2.053000000000000114e+01 2.026326725876160528e-01
5.371877108416469149e+00 2.066199999999999903e+01 2.032830538928417363e-01
5.385325357359780796e+00 2.073199999999999932e+01 2.036271101793668270e-01
5.398773606303092443e+00 2.060600000000000165e+01 2.030073890280843785e-01
5.412221855246404978e+00 2.039999999999999858e+01 2.019900987672415549e-01
5.425670104189716625e+00 2.061199999999999832e+01 2.030369424513677190e-01
5.439118353133028272e+00 2.040399999999999991e+01 2.020099007474633890e-01
5.452566602076340807e+00 2.033599999999999852e+01 2.016730026552884802e-01
5.466014851019652454e+00 2.051200000000000045e+01 2.025438224187546266e-01
5.479463099962964101e+00 2.042800000000000082e+01 2.021286718899622248e-01
5.492911348906276636e+00 2.046999999999999886e+01 2.023363536292971665e-01
5.506359597849588283e+00 2.048999999999999844e+01 2.024351748091225422e-01
5.519807846792899930e+00 2.033200000000000074e+01 2.016531675922796085e-01
5.533256095736211577e+00 2.032400000000000162e+01 2.016134916120446430e-01
5.546704344679524112e+00 1.971600000000000108e+01 1.985749228880625827e-01
5.560152593622835759e+00 1.954400000000000048e+01 1.977068537001183679e-01
5.573600842566147406e+00 2.024800000000000111e+01 2.012361796496842659e-01
5.587049091509459942e+00 2.030799999999999983e+01 2.015341162185698143e-01
5.600497340452771589e+00 1.992800000000000082e+01 1.996396754154844688e-01
5.613945589396083236e+00 2.028600000000000136e+01 2.014249239791342239e-01
5.627393838339394883e+00 2.012999999999999901e+01 2.006489471689298643e-01
5.640842087282707418e+00 1.973400000000000176e+01 1.986655480952849995e-01
5.654290336226019065e+00 1.967399999999999949e+01 1.983633030577984790e-01
5.667738585169330712e+00 1.957199999999999918e+01 1.978484268322596717e-01
5.681186834112643247e+00 1.939000000000000057e+01 1.969263821837998196e-01
5.694635083055954894e+00 1.912600000000000122e+01 1.955811851891689490e-01
5.708083331999266541e+00 1.935399999999999920e+01 1.967434878210712335e-01
5.721531580942579076e+00 1.945599999999999952e+01 1.972612480950072245e-01
5.734979829885890723e+00 1.949599999999999866e+01 1.974639207551597275e-01
5.748428078829202370e+00 1.918799999999999883e+01 1.958979326077741057e-01
5.761876327772514017e+00 1.954200000000000159e+01 1.976967374541117595e-01
5.775324576715826552e+00 1.914799999999999969e+01 1.956936381183609353e-01
5.788772825659138199e+00 1.884400000000000119e+01 1.941339743579160448e-01
5.802221074602449846e+00 1.889999999999999858e+01 1.944222209522358247e-01
5.815669323545762381e+00 1.910000000000000142e+01 1.954482028569206331e-01
5.829117572489074028e+00 1.893599999999999994e+01 1.946072968827222693e-01
5.842565821432385675e+00 1.925400000000000134e+01 1.962345535322461976e-01
5.856014070375697322e+00 1.940599999999999881e+01 1.970076140660558250e-01
5.869462319319009858e+00 1.909799999999999898e+01 1.954379696988279569e-01
5.882910568262321505e+00 1.892000000000000171e+01 1.945250626526052462e-01
5.896358817205633152e+00 1.891400000000000148e+01 1.944942158522972586e-01
5.909807066148945687e+00 1.914999999999999858e+01 1.957038579078092533e-01
5.923255315092257334e+00 1.944000000000000128e+01 1.971801207018598068e-01
5.936703564035568981e+00 1.926200000000000045e+01 1.962753168383635505e-01
5.950151812978881516e+00 1.925199999999999889e+01 1.962243613825765398e-01
5.963600061922193163e+00 1.937600000000000122e+01 1.968552767898285039e-01
5.977048310865504810e+00 1.917200000000000060e+01 1.958162403887890035e-01
5.990496559808816457e+00 1.912000000000000099e+01 1.955505049852850619e-01
6.003944808752128992e+00 1.958800000000000097e+01 1.979292802998080802e-01
6.017393057695440639e+00 1.910399999999999920e+01 1.954686675659298434e-01
6.030841306638752286e+00 1.907799999999999940e+01 1.953356086329371688e-01
6.044289555582064821e+00 1.941199999999999903e+01 1.970380673880050004e-01
6.057737804525376468e+00 1.959400000000000119e+01 1.979595918363138973e-01
6.071186053468688115e+00 2.018199999999999861e+01 2.009079391164022843e-01
6.084634302411999762e+00 2.002799999999999869e+01 2.001399510342700139e-01
6.098082551355312297e+00 2.000400000000000134e+01 2.000199990001000072e-01
6.111530800298623944e+00 2.061599999999999966e+01 2.030566423439528756e-01
6.124979049241935591e+00 2.072400000000000020e+01 2.035878188890484775e-01
6.138427298185248127e+00 2.125600000000000023e+01 2.061843835017579674e-01
6.151875547128559774e+00 2.184799999999999898e+01 2.090358820872627033e-01
6.165323796071871421e+00 2.261599999999999966e+01 2.126781606089351295e-01
6.178772045015183956e+00 2.442399999999999949e+01 2.210158365366608757e-01
6.192220293958495603e+00 2.628200000000000003e+01 2.292684016605864572e-01
6.205668542901807250e+00 3.080399999999999849e+01 2.482095888558699393e-01
6.219116791845118897e+00 3.800800000000000267e+01 2.757099925646511185e-01
6.232565040788431432e+00 5.021600000000000108e+01 3.169100818844361456e-01
6.246013289731743079e+00 7.224800000000000466e+01 3.801262948021355004e-01
6.259461538675054726e+00 1.063979999999999961e+02 4.612981682166101827e-01
6.272909787618367261e+00 1.574039999999999964e+02 5.610775347489863618e-01
6.286358036561678908e+00 2.316680000000000064e+02 6.806878873610135994e-01
6.299806285504990555e+00 3.312400000000000091e+02 8.139287438099235272e-01
6.313254534448302202e+00 4.590960000000000036e+02 9.582233560083994739e-01
6.326702783391614737e+00 6.121359999999999673e+02 1.106468255306043647e+00
6.340151032334926384e+00 7.856680000000000064e+02 1.253529417285450087e+00
6.353599281278238031e+00 9.575839999999999463e+02 1.383895949845941331e+00
6.367047530221550566e+00 1.118897999999999911e+03 1.495926468781136220e+00
6.380495779164862213e+00 1.244637999999999920e+03 1.577743958948979675e+00
6.393944028108173860e+00 1.315278000000000020e+03 1.621898887107331433e+00
6.407392277051486396e+00 1.332506000000000085e+03 1.632486447110664374e+00
6.420840525994798043e+00 1.277634000000000015e+03 1.598520566023471812e+00
6.434288774938109690e+00 1.176056000000000040e+03 1.533659675416942036e+00
6.447737023881421337e+00 1.027932000000000016e+03 1.433828441620544680e+00
6.461185272824733872e+00 8.560900000000000318e+02 1.308502961402839171e+00
6.474633521768045519e+00 6.848139999999999645e+02 1.170311069758805722e+00
6.488081770711357166e+00 5.217459999999999809e+02 1.021514561814955258e+00
6.501530019654669701e+00 3.812500000000000000e+02 8.732124598286490347e-01
6.514978268597981348e+00 2.706419999999999959e+02 7.357200554558778194e-01
6.528426517541292995e+00 1.840279999999999916e+02 6.066761904014363882e-01
6.541874766484604642e+00 1.254360000000000070e+02 5.008712409392257481e-01
6.555323015427917177e+00 8.267600000000000193e+01 4.066349714424474238e-01
6.568771264371228824e+00 5.680799999999999983e+01 3.370697257245153788e-01
6.582219513314540471e+00 4.062599999999999767e+01 2.850473644852728472e-01
6.595667762257853006e+00 3.079799999999999827e+01 2.481854145593572203e-01
6.609116011201164653e+00 2.499200000000000088e+01 2.235710177997139170e-01
6.622564260144476300e+00 2.220799999999999841e+01 2.107510379571118642e-01
6.636012509087788835e+00 2.051399999999999935e+01 2.025536965843872106e-01
6.649460758031100482e+00 1.957799999999999940e+01 1.978787507540918367e-01
6.662909006974412129e+00 1.894200000000000017e+01 1.946381257616297544e-01
6.676357255917723776e+00 1.854599999999999937e+01 1.925928347576825184e-01
6.689805504861036312e+00 1.834600000000000009e+01 1.915515596386518637e-01
6.703253753804347959e+00 1.847400000000000020e+01 1.922186255283290512e-01
6.716702002747659606e+00 1.849399999999999977e+01 1.923226455724858230e-01
6.730150251690972141e+00 1.812399999999999878e+01 1.903890753168364092e-01
6.743598500634283788e+00 1.835000000000000142e+01 1.915724406066801611e-01
6.757046749577595435e+00 1.830000000000000071e+01 1.913112646970899222e-01
6.770494998520907082e+00 1.871999999999999886e+01 1.934941859591651769e-01
6.783943247464219617e+00 1.883999999999999986e+01 1.941133689368148563e-01
6.797391496407531264e+00 1.895599999999999952e+01 1.947100408299479446e-01
6.810839745350842911e+00 1.974399999999999977e+01 1.987158775739875372e-01
6.824287994294155446e+00 1.989000000000000057e+01 1.994492416631359621e-01
6.837736243237467093e+00 2.028800000000000026e+01 2.014348529922267428e-01
6.851184492180778740e+00 2.115800000000000125e+01 2.057085316655583029e-01
6.864632741124091275e+00 2.217999999999999972e+01 2.106181378704122809e-01
6.878080990067402922e+00 2.396399999999999864e+01 2.189246445697697330e-01
6.891529239010715457e+00 2.652400000000000091e+01 2.303215144097485179e-01
6.904977487954027104e+00 3.044399999999999906e+01 2.467549391602932018e-01
6.918425736897339640e+00 3.663600000000000279e+01 2.706880122945971578e-01
6.931873985840651287e+00 4.471399999999999864e+01 2.990451470932106726e-01
6.945322234783962934e+00 5.645199999999999818e+01 3.360119045510143732e-01
6.958770483727274581e+00 6.973600000000000421e+01 3.734595024898951787e-01
6.972218732670587116e+00 8.709799999999999898e+01 4.173679431868240752e-01
6.985666981613898763e+00 1.083679999999999950e+02 4.655491381154088226e-01
6.999115230557210410e+00 1.301320000000000050e+02 5.101607589770110751e-01
7.012563479500522945e+00 1.502980000000000018e+02 5.482663586250755561e-01
7.026011728443834592e+00 1.684840000000000089e+02 5.804894486551844812e-01
7.039459977387146239e+00 1.806059999999999945e+02 6.010091513446363942e-01
7.052908226330458774e+00 1.879240000000000066e+02 6.130644338077361200e-01
7.066356475273770421e+00 1.857379999999999995e+02 6.094883099781324143e-01
7.079804724217082068e+00 1.779979999999999905e+02 5.966540035900202987e-01
7.093252973160393715e+00 1.637139999999999986e+02 5.722132469630530904e-01
7.106701222103706250e+00 1.429159999999999968e+02 5.346325841173543703e-01
7.120149471047017897e+00 1.216479999999999961e+02 4.932504434868761334e-01
7.133597719990329544e+00 9.835800000000000409e+01 4.435267748400315013e-01
7.147045968933642079e+00 7.766400000000000148e+01 3.941167339761152411e-01
7.160494217876953726e+00 5.892999999999999972e+01 3.433074423894710847e-01
7.173942466820265373e+00 4.439600000000000080e+01 2.979798650915863600e-01
7.187390715763577020e+00 3.276200000000000045e+01 2.559765614270181899e-01
7.200838964706889556e+00 2.454599999999999937e+01 2.215671455789418320e-01
7.214287213650201203e+00 1.817000000000000171e+01 1.906305327065945243e-01
7.227735462593512850e+00 1.416600000000000037e+01 1.683211216692664658e-01
7.241183711536825385e+00 1.146599999999999930e+01 1.514331535694875552e-01
7.254631960480137032e+00 9.804000000000000270e+00 1.400285685137143687e-01
7.268080209423448679e+00 8.945999999999999730e+00 1.337609808576477322e-01
7.281528458366761214e+00 8.385999999999999233e+00 1.295067565804966236e-01
7.294976707310072861e+00 7.871999999999999886e+00 1.254750971308649932e-01
7.308424956253384508e+00 7.717999999999999972e+00 1.242416999239788350e-01
7.321873205196696155e+00 7.714000000000000412e+00 1.242095004417939075e-01
7.335321454140008690e+00 8.019999999999999574e+00 1.266491215919005042e-01
7.348769703083320337e+00 7.855999999999999872e+00 1.253475169279391899e-01
7.362217952026631984e+00 7.967999999999999972e+00 1.262378707044760073e-01
7.375666200969944519e+00 7.975999999999999979e+00 1.263012272307755535e-01
7.389114449913256166e+00 8.051999999999999602e+00 1.269015366337224449e-01
7.402562698856567813e+00 8.023999999999999133e+00 1.266807009769049253e-01
7.416010947799879460e+00 8.066000000000000725e+00 1.270118104744594190e-01
7.429459196743191995e+00 7.993999999999999773e+00 1.264436633445899516e-01
7.442907445686503642e+00 7.897999999999999687e+00 1.256821387469198026e-01
7.456355694629815289e+00 7.645999999999999908e+00 1.236608264568856835e-01
7.469803943573127825e+00 7.967999999999999972e+00 1.262378707044760073e-01
7.483252192516439472e+00 7.650000000000000355e+00 1.236931687685298153e-01
7.496700441459751119e+00 7.932000000000000384e+00 1.259523719506702999e-01
7.510148690403063654e+00 7.977999999999999758e+00 1.263170613971050238e-01
7.523596939346375301e+00 7.985999999999999766e+00 1.263803782238366313e-01
7.537045188289686948e+00 7.716000000000000192e+00 1.242256012261562653e-01
7.550493437232998595e+00 7.918000000000000149e+00 1.258411697339149871e-01
7.563941686176311130e+00 7.716000000000000192e+00 1.242256012261562653e-01
7.577389935119622777e+00 7.570000000000000284e+00 1.230447073221761917e-01
7.590838184062934424e+00 7.637999999999999901e+00 1.235961164438429960e-01
7.604286433006246959e+00 7.666000000000000369e+00 1.238224535373128599e-01
7.617734681949558606e+00 7.790000000000000036e+00 1.248198702130393911e-01
7.631182930892870253e+00 7.708000000000000185e+00 1.241611855613500570e-01
7.644631179836181900e+00 7.684000000000000163e+00 1.239677377384938856e-01
7.658079428779494435e+00 7.862000000000000099e+00 1.253953747153378762e-01
7.671527677722806082e+00 7.589999999999999858e+00 1.232071426500915140e-01
7.684975926666117729e+00 7.793999999999999595e+00 1.248519122801088621e-01
7.698424175609430264e+00 7.607999999999999652e+00 1.233531515608742024e-01
7.711872424552741911e+00 7.700000000000000178e+00 1.240967364599085687e-01
7.725320673496053558e+00 7.647999999999999687e+00 1.236769986699224610e-01
7.738768922439366094e+00 7.998000000000000220e+00 1.264752940300990225e-01
7.752217171382677741e+00 7.661999999999999922e+00 1.237901450035502615e-01
7.765665420325989388e+00 7.631999999999999673e+00 1.235475616918440128e-01
7.779113669269301035e+00 7.790000000000000036e+00 1.248198702130393911e-01
7.792561918212613570e+00 7.876000000000000334e+00 1.255069719178978638e-01
7.806010167155925217e+00 7.921999999999999709e+00 1.258729518204765030e-01
7.819458416099236864e+00 7.653999999999999915e+00 1.237255026257723517e-01
7.832906665042549399e+00 7.774000000000000021e+00 1.246916196061307186e-01
7.846354913985861046e+00 7.823999999999999844e+00 1.250919661688951190e-01
7.859803162929172693e+00 7.687999999999999723e+00 1.239999999999999991e-01
7.873251411872484340e+00 7.767999999999999794e+00 1.246434916070630755e-01
7.886699660815796875e+00 7.644000000000000128e+00 1.236446521285898548e-01
7.900147909759108522e+00 7.753999999999999559e+00 1.245311206084647737e-01
7.913596158702420169e+00 7.695999999999999730e+00 1.240644993541665797e-01
7.927044407645732704e+00 7.881999999999999673e+00 1.255547689257560662e-01
7.940492656589044351e+00 7.725999999999999979e+00 1.243060738660826670e-01
7.953940905532355998e+00 7.554000000000000270e+00 1.229146045024756273e-01
7.967389154475668533e+00 7.849999999999999645e+00 1.252996408614166779e-01
7.980837403418980180e+00 8.076000000000000512e+00 1.270905189225380316e-01
7.994285652362291827e+00 8.051999999999999602e+00 1.269015366337224449e-01
8.007733901305604363e+00 7.967999999999999972e+00 1.262378707044760073e-01
8.021182150248915121e+00 8.227999999999999758e+00 1.282809416865965946e-01
8.034630399192227657e+00 7.854000000000000092e+00 1.253315602711463916e-01
8.048078648135540192e+00 8.108000000000000540e+00 1.273420590378528394e-01
8.061526897078850951e+00 8.273999999999999133e+00 1.286390298470879989e-01
8.074975146022163486e+00 7.956000000000000405e+00 1.261427762497718263e-01
8.088423394965476021e+00 8.374000000000000554e+00 1.294140641506942302e-01
8.101871643908786780e+00 8.160000000000000142e+00 1.277497553813704834e-01
8.115319892852099315e+00 8.284000000000000696e+00 1.287167432776326892e-01
8.128768141795411850e+00 8.172000000000000597e+00 1.278436545159750970e-01
8.142216390738722609e+00 7.972000000000000419e+00 1.262695529413167816e-01
8.155664639682035144e+00 8.240000000000000213e+00 1.283744522870497173e-01
8.169112888625345903e+00 7.969999999999999751e+00 1.262537128166930367e-01
8.182561137568658438e+00 7.932000000000000384e+00 1.259523719506702999e-01
8.196009386511970973e+00 8.140000000000000568e+00 1.275931032618926597e-01
8.209457635455281732e+00 8.263999999999999346e+00 1.285612694399055622e-01
8.222905884398594267e+00 8.317999999999999616e+00 1.289806186990898329e-01
8.236354133341906802e+00 8.609999999999999432e+00 1.312249976185939915e-01
8.249802382285217561e+00 8.766000000000000014e+00 1.324084589442834636e-01
8.263250631228530096e+00 8.951999999999999957e+00 1.338058294694218497e-01
8.276698880171842632e+00 9.784000000000000696e+00 1.398856676003656652e-01
8.290147129115153390e+00 1.020400000000000063e+01 1.428565714274285803e-01
8.303595378058465926e+00 1.081600000000000072e+01 1.470782104868018914e-01
8.317043627001778461e+00 1.154800000000000004e+01 1.519736819321029775e-01
8.330491875945089220e+00 1.257000000000000028e+01 1.585559838038287372e-01
8.343940124888401755e+00 1.320199999999999996e+01 1.624930767755968231e-01
8.357388373831714290e+00 1.391000000000000014e+01 1.667932852365466012e-01
8.370836622775025049e+00 1.463199999999999967e+01 1.710672382427447513e-01
8.384284871718337584e+00 1.488799999999999990e+01 1.725572368809839274e-01
8.397733120661648343e+00 1.475999999999999979e+01 1.718138527593162379e-01
8.411181369604960878e+00 1.471799999999999997e+01 1.715692280101533684e-01
8.424629618548273413e+00 1.443800000000000061e+01 1.699293971036206496e-01
8.438077867491584172e+00 1.380199999999999960e+01 1.661445154075210651e-01
8.451526116434896707e+00 1.299200000000000088e+01 1.611955334368790904e-01
8.464974365378209242e+00 1.241999999999999993e+01 1.576071064387643550e-01
8.478422614321520001e+00 1.166999999999999993e+01 1.527743433957416685e-01
8.491870863264832536e+00 1.048199999999999932e+01 1.447895023819061044e-01
8.505319112208145071e+00 9.650000000000000355e+00 1.389244398944980419e-01
8.518767361151455830e+00 9.342000000000000526e+00 1.366894289987342082e-01
8.532215610094768365e+00 8.894000000000000128e+00 1.333716611578336653e-01
8.545663859038080901e+00 8.516000000000000014e+00 1.305067048086036019e-01
8.559112107981391659e+00 7.967999999999999972e+00 1.262378707044760073e-01
8.572560356924704195e+00 8.089999999999999858e+00 1.272006289292627601e-01
8.586008605868016730e+00 7.817999999999999616e+00 1.250439922587246733e-01
8.599456854811327489e+00 7.597999999999999865e+00 1.232720568498798241e-01
8.612905103754640024e+00 7.629999999999999893e+00 1.235313725334580698e-01
8.626353352697950783e+00 7.961999999999999744e+00 1.261903324347788402e-01
8.639801601641263318e+00 7.496000000000000441e+00 1.224418229201117286e-01
8.653249850584575853e+00 7.693999999999999950e+00 1.240483776596856547e-01
8.666698099527886612e+00 7.525999999999999801e+00 1.226865925845200128e-01
8.680146348471199147e+00 7.764000000000000234e+00 1.246113959475617233e-01
8.693594597414511682e+00 7.700000000000000178e+00 1.240967364599085687e-01
8.707042846357822441e+00 7.709999999999999964e+00 1.241772926102030911e-01
8.720491095301134976e+00 7.506000000000000227e+00 1.225234671399728220e-01
8.733939344244447511e+00 7.668000000000000149e+00 1.238386046433017640e-01
8.747387593187758270e+00 7.548000000000000043e+00 1.228657804272613591e-01
8.760835842131070805e+00 7.482000000000000206e+00 1.223274294669842305e-01
8.774284091074383340e+00 7.652000000000000135e+00 1.237093367535369165e-01
8.787732340017694099e+00 7.480000000000000426e+00 1.223110788113652425e-01
8.801180588961006634e+00 7.496000000000000441e+00 1.224418229201117286e-01
8.814628837904319170e+00 7.437999999999999723e+00 1.219672087079146094e-01
8.828077086847629928e+00 7.605999999999999872e+00 1.233369368842927027e-01
8.841525335790942464e+00 7.467999999999999972e+00 1.222129289396175073e-01
8.854973584734253222e+00 7.711999999999999744e+00 1.241933975700801884e-01
8.868421833677565758e+00 7.610000000000000320e+00 1.233693641063290936e-01
8.881870082620878293e+00 7.362000000000000099e+00 1.213424904969400975e-01
8.895318331564189052e+00 7.450000000000000178e+00 1.220655561573370240e-01
8.908766580507501587e+00 7.509999999999999787e+00 1.225561095988282473e-01
8.922214829450814122e+00 7.605999999999999872e+00 1.233369368842927027e-01
8.935663078394124881e+00 7.418000000000000149e+00 1.218031198286809030e-01
8.949111327337437416e+00 7.532000000000000028e+00 1.227354879405300608e-01
8.962559576280749951e+00 7.475999999999999979e+00 1.222783709410621839e-01
8.976007825224060710e+00 7.751999999999999780e+00 1.245150593301870418e-01
8.989456074167373245e+00 7.296000000000000263e+00 1.207973509643320009e-01
9.002904323110685780e+00 7.461999999999999744e+00 1.221638244326036238e-01
9.016352572053996539e+00 7.464000000000000412e+00 1.221801947944101130e-01
9.029800820997309074e+00 7.394000000000000128e+00 1.216059209084820875e-01
9.043249069940621609e+00 7.450000000000000178e+00 1.220655561573370240e-01
9.056697318883932368e+00 7.277999999999999581e+00 1.206482490548453773e-01
9.070145567827244903e+00 7.459999999999999964e+00 1.221474518768197598e-01
9.083593816770555662e+00 7.363999999999999879e+00 1.213589716502245230e-01
9.097042065713868197e+00 7.341999999999999638e+00 1.211775556776088780e-01
9.110490314657180733e+00 7.107999999999999652e+00 1.192308684863110368e-01
9.123938563600491491e+00 7.261999999999999567e+00 1.205155591614626293e-01
9.137386812543804027e+00 7.304000000000000270e+00 1.208635594379050271e-01
9.150835061487116562e+00 7.214000000000000412e+00 1.201166100087743827e-01
9.164283310430427321e+00 7.233999999999999986e+00 1.202829996300391613e-01
9.177731559373739856e+00 7.285999999999999588e+00 1.207145393065806316e-01
9.191179808317052391e+00 7.333999999999999631e+00 1.211115188576214613e-01
9.204628057260363150e+00 7.283999999999999808e+00 1.206979701569168978e-01
9.218076306203675685e+00 7.258000000000000007e+00 1.204823638546322628e-01
9.231524555146988220e+00 7.261999999999999567e+00 1.205155591614626293e-01
9.244972804090298979e+00 7.328000000000000291e+00 1.210619676033724557e-01
9.258421053033611514e+00 7.246000000000000441e+00 1.203827230128974995e-01
9.271869301976924049e+00 7.096000000000000085e+00 1.191301808946834545e-01
9.285317550920234808e+00 7.251999999999999780e+00 1.204325537385967787e-01
9.298765799863547343e+00 7.086000000000000298e+00 1.190462095154650318e-01
9.312214048806858102e+00 7.261999999999999567e+00 1.205155591614626293e-01
9.325662297750170637e+00 7.238000000000000433e+00 1.203162499415602604e-01
9.339110546693483172e+00 7.217999999999999972e+00 1.201499063670047190e-01
9.352558795636793931e+00 7.054000000000000270e+00 1.187771021704099317e-01
9.366007044580106466e+00 7.073999999999999844e+00 1.189453656095940531e-01
9.379455293523419002e+00 7.258000000000000007e+00 1.204823638546322628e-01
9.392903542466729760e+00 7.096000000000000085e+00 1.191301808946834545e-01
9.406351791410042296e+00 7.461999999999999744e+00 1.221638244326036238e-01
9.419800040353354831e+00 7.086000000000000298e+00 1.190462095154650318e-01
9.433248289296665590e+00 7.078000000000000291e+00 1.189789897418867815e-01
9.446696538239978125e+00 7.251999999999999780e+00 1.204325537385967787e-01
9.460144787183290660e+00 7.330000000000000071e+00 1.210784869413224774e-01
9.473593036126601419e+00 7.530000000000000249e+00 1.227191916531395616e-01
9.487041285069913954e+00 7.450000000000000178e+00 1.220655561573370240e-01
9.500489534013226489e+00 7.347999999999999865e+00 1.212270596855339055e-01
9.513937782956537248e+00 7.692000000000000171e+00 1.240322538697092164e-01
9.527386031899849783e+00 7.812000000000000277e+00 1.249959999359979562e-01
9.540834280843160542e+00 7.706000000000000405e+00 1.241450764227079590e-01
9.554282529786473077e+00 7.940000000000000391e+00 1.260158720161869139e-01
9.567730778729785612e+00 8.163999999999999702e+00 1.277810627597062987e-01
9.581179027673096371e+00 8.523999999999999133e+00 1.305679899515957143e-01
9.594627276616408906e+00 8.705999999999999517e+00 1.319545376256534841e-01
9.608075525559721441e+00 8.944000000000000838e+00 1.337460279784039030e-01
9.621523774503032200e+00 9.288000000000000256e+00 1.362938002992065689e-01
9.634972023446344735e+00 9.464000000000000412e+00 1.375790681753587263e-01
9.648420272389657271e+00 9.513999999999999346e+00 1.379420168041630423e-01
9.661868521332968029e+00 9.644000000000000128e+00 1.388812442340577602e-01
9.675316770276280565e+00 9.762000000000000455e+00 1.397283077976685384e-01
9.688765019219593100e+00 9.445999999999999730e+00 1.374481720504132365e-01
9.702213268162903859e+00 9.733999999999999986e+00 1.395277750127192351e-01
9.715661517106216394e+00 9.445999999999999730e+00 1.374481720504132365e-01
9.729109766049528929e+00 9.125999999999999446e+00 1.350999629903724408e-01
9.742558014992839688e+00 8.836000000000000298e+00 1.329360748630709355e-01
9.756006263936152223e+00 8.528000000000000469e+00 1.305986217385160797e-01
9.769454512879462982e+00 8.359999999999999432e+00 1.293058390019569126e-01
9.782902761822775517e+00 8.285999999999999588e+00 1.287322803340327781e-01
9.796351010766088052e+00 8.224000000000000199e+00 1.282497563350512015e-01
9.809799259709398811e+00 7.865999999999999659e+00 1.254272697622012267e-01
9.823247508652711346e+00 7.919999999999999929e+00 1.258570617804181946e-01
9.836695757596023881e+00 7.822000000000000064e+00 1.250759769100365515e-01
9.850144006539334640e+00 7.636000000000000121e+00 1.235799336462032605e-01
9.863592255482647175e+00 7.602000000000000313e+00 1.233045011343868180e-01
9.877040504425959710e+00 7.870000000000000107e+00 1.254591567004975650e-01
9.890488753369270469e+00 7.596000000000000085e+00 1.232558315050448217e-01
9.903937002312583004e+00 7.828000000000000291e+00 1.251239385569364315e-01
9.917385251255895540e+00 8.098000000000000753e+00 1.272635061594642736e-01
9.930833500199206298e+00 7.937999999999999723e+00 1.260000000000000009e-01
9.944281749142518834e+00 8.141999999999999460e+00 1.276087771275941640e-01
9.957729998085831369e+00 8.205999999999999517e+00 1.281093283098463376e-01
9.971178247029142128e+00 7.959999999999999964e+00 1.261744823647000524e-01
9.984626495972454663e+00 8.201999999999999957e+00 1.280781011726829233e-01
9.998074744915765422e+00 7.934000000000000163e+00 1.259682499679978807e-01
1.001152299385907796e+01 7.503999999999999559e+00 1.225071426489084403e-01
1.002497124280239049e+01 7.772000000000000242e+00 1.246755790040696005e-01
1.003841949174570125e+01 7.503999999999999559e+00 1.225071426489084403e-01
1.005186774068901379e+01 7.386000000000000121e+00 1.215401168339079740e-01
1.006531598963232632e+01 7.030000000000000249e+00 1.185748708622531011e-01
1.007876423857563708e+01 7.054000000000000270e+00 1.187771021704099317e-01
1.009221248751894962e+01 6.895999999999999908e+00 1.174393460472255846e-01
1.010566073646226215e+01 6.690000000000000391e+00 1.156719499273700380e-01
1.011910898540557291e+01 6.746000000000000441e+00 1.161550687658528258e-01
1.013255723434888544e+01 6.645999999999999908e+00 1.152909363306587054e-01
1.014600548329219798e+01 6.453999999999999737e+00 1.136133794937902453e-01
1.015945373223550874e+01 6.769999999999999574e+00 1.163615056623108490e-01
1.017290198117882127e+01 6.496000000000000441e+00 1.139824547902000551e-01
1.018635023012213381e+01 6.365999999999999659e+00 1.128361644154922544e-01
1.019979847906544457e+01 6.541999999999999815e+00 1.143853137426304456e-01
1.021324672800875710e+01 6.424000000000000377e+00 1.133490185224380331e-01
1.022669497695206786e+01 6.506000000000000227e+00 1.140701538527935932e-01
1.024014322589538040e+01 6.365999999999999659e+00 1.128361644154922544e-01
1.025359147483869293e+01 6.459999999999999964e+00 1.136661779070625711e-01
1.026703972378200369e+01 6.435999999999999943e+00 1.134548368294626824e-01
1.028048797272531623e+01 6.306000000000000050e+00 1.123031611309316530e-01
1.029393622166862876e+01 6.379999999999999893e+00 1.129601699715435115e-01
1.030738447061193952e+01 6.241999999999999993e+00 1.117318217877073805e-01
1.032083271955525205e+01 6.349999999999999645e+00 1.126942766958464598e-01
1.033428096849856459e+01 6.330000000000000071e+00 1.125166654322816290e-01
1.034772921744187535e+01 6.538000000000000256e+00 1.143503388713824481e-01
1.036117746638518788e+01 6.282000000000000028e+00 1.120892501536164265e-01
1.037462571532850042e+01 6.274000000000000021e+00 1.120178557195235652e-01
1.038807396427181118e+01 6.089999999999999858e+00 1.103630372905711615e-01
1.040152221321512371e+01 6.001999999999999780e+00 1.095627673984187062e-01
1.041497046215843625e+01 6.314000000000000057e+00 1.123743743030411607e-01
1.042841871110174701e+01 6.330000000000000071e+00 1.125166654322816290e-01
1.044186696004505954e+01 6.091999999999999638e+00 1.103811578123730375e-01
1.045531520898837030e+01 6.240000000000000213e+00 1.117139203501515271e-01
1.046876345793168284e+01 6.040000000000000036e+00 1.099090533122726865e-01
1.048221170687499537e+01 5.969999999999999751e+00 1.092703070371818797e-01
1.049565995581830613e+01 6.144000000000000128e+00 1.108512516844081391e-01
1.050910820476161867e+01 6.230000000000000426e+00 1.116243700990066090e-01
1.052255645370493120e+01 6.080000000000000071e+00 1.102723900167217747e-01
1.053600470264824196e+01 5.911999999999999922e+00 1.087382177525454963e-01
1.054945295159155449e+01 5.945999999999999730e+00 1.090504470417246741e-01
1.056290120053486703e+01 6.163999999999999702e+00 1.110315270542560767e-01
1.057634944947817779e+01 6.115999999999999659e+00 1.105983725015879382e-01
1.058979769842149032e+01 6.222000000000000419e+00 1.115526781390747263e-01
1.060324594736480286e+01 6.049999999999999822e+00 1.100000000000000006e-01
1.061669419630811362e+01 5.959999999999999964e+00 1.091787525116494489e-01
1.063014244525142615e+01 5.887999999999999901e+00 1.085172797300042874e-01
1.064359069419473869e+01 5.815999999999999837e+00 1.078517501017021152e-01
1.065703894313804945e+01 6.120000000000000107e+00 1.106345334875146469e-01
1.067048719208136198e+01 5.972000000000000419e+00 1.092886087385139954e-01
1.068393544102467274e+01 6.064000000000000057e+00 1.101271991834896352e-01
1.069738368996798528e+01 5.919999999999999929e+00 1.088117640698835487e-01
1.071083193891129781e+01 5.935999999999999943e+00 1.089587077750098776e-01
1.072428018785460857e+01 5.905999999999999694e+00 1.086830253535482071e-01
1.073772843679792111e+01 6.179999999999999716e+00 1.111755368774983710e-01
1.075117668574123364e+01 5.900000000000000355e+00 1.086278049120021627e-01
1.076462493468454440e+01 5.777999999999999581e+00 1.074988372030135086e-01
1.077807318362785693e+01 5.831999999999999851e+00 1.079999999999999988e-01
1.079152143257116947e+01 5.889999999999999680e+00 1.085357084097210850e-01
1.080496968151448023e+01 5.785999999999999588e+00 1.075732308708816365e-01
1.081841793045779276e+01 5.870000000000000107e+00 1.083512805646523053e-01
1.083186617940110530e+01 5.958000000000000185e+00 1.091604323919615066e-01
1.084531442834441606e+01 5.764000000000000234e+00 1.073685242517563865e-01
1.085876267728772859e+01 5.785999999999999588e+00 1.075732308708816365e-01
1.087221092623104113e+01 5.719999999999999751e+00 1.069579356569675122e-01
1.088565917517435189e+01 5.854000000000000092e+00 1.082035119577918342e-01
1.089910742411766442e+01 5.967999999999999972e+00 1.092520022699813020e-01
1.091255567306097518e+01 5.951999999999999957e+00 1.091054535758868432e-01
1.092600392200428772e+01 5.639999999999999680e+00 1.062073443788140309e-01
1.093945217094760025e+01 5.847999999999999865e+00 1.081480466767661963e-01
1.095290041989091101e+01 5.546000000000000263e+00 1.053185643654526854e-01
1.096634866883422355e+01 5.743999999999999773e+00 1.071820880557941003e-01
1.097979691777753608e+01 5.698000000000000398e+00 1.067520491606601535e-01
1.099324516672084684e+01 5.602000000000000313e+00 1.058489489791939325e-01
1.100669341566415937e+01 5.692000000000000171e+00 1.066958293467931140e-01
1.102014166460747191e+01 5.735999999999999766e+00 1.071074227119670763e-01
1.103358991355078267e+01 5.701999999999999957e+00 1.067895125936999534e-01
1.104703816249409520e+01 5.785999999999999588e+00 1.075732308708816365e-01
1.106048641143740774e+01 5.676000000000000156e+00 1.065457648149376324e-01
1.107393466038071850e+01 5.517999999999999794e+00 1.050523678933511784e-01
1.108738290932403103e+01 5.588000000000000078e+00 1.057166022912200826e-01
1.110083115826734357e+01 5.591999999999999638e+00 1.057544325312182870e-01
1.111427940721065433e+01 5.774000000000000021e+00 1.074616210560775109e-01
1.112772765615396686e+01 5.687999999999999723e+00 1.066583330077870706e-01
1.114117590509727762e+01 5.879999999999999893e+00 1.084435336938076727e-01
1.115462415404059016e+01 5.703999999999999737e+00 1.068082393825495191e-01
1.116807240298390269e+01 5.623999999999999666e+00 1.060565886685028159e-01
1.118152065192721345e+01 5.676000000000000156e+00 1.065457648149376324e-01
1.119496890087052599e+01 5.666000000000000369e+00 1.064518670573701142e-01
1.120841714981383852e+01 5.791999999999999815e+00 1.076289923765896828e-01
1.122186539875714928e+01 5.764000000000000234e+00 1.073685242517563865e-01
1.123531364770046181e+01 5.889999999999999680e+00 1.085357084097210850e-01
1.124876189664377435e+01 5.977999999999999758e+00 1.093434954626931604e-01
1.126221014558708511e+01 5.945999999999999730e+00 1.090504470417246741e-01
1.127565839453039764e+01 5.669999999999999929e+00 1.064894360957931024e-01
1.128910664347371018e+01 5.895999999999999908e+00 1.085909756839858187e-01
1.130255489241702094e+01 5.895999999999999908e+00 1.085909756839858187e-01
1.131600314136033347e+01 5.769999999999999574e+00 1.074243920159662774e-01
1.132945139030364601e+01 5.790000000000000036e+00 1.076104084185168369e-01
1.134289963924695677e+01 5.756000000000000227e+00 1.072939886480132748e-01
1.135634788819026930e+01 5.636000000000000121e+00 1.061696755198959785e-01
1.136979613713358006e+01 5.533999999999999808e+00 1.052045626386992755e-01
1.138324438607689260e+01 5.472000000000000419e+00 1.046135746449761705e-01
1.139669263502020513e+01 5.548000000000000043e+00 1.053375526581095400e-01
1.141014088396351589e+01 5.469999999999999751e+00 1.045944549199430557e-01
1.142358913290682843e+01 5.400000000000000355e+00 1.039230484541326383e-01
1.143703738185014096e+01 5.325999999999999623e+00 1.032085267795253419e-01
1.145048563079345172e+01 5.290000000000000036e+00 1.028591269649903189e-01
1.146393387973676425e+01 5.171999999999999709e+00 1.017054570807289643e-01
1.147738212868007679e+01 5.185999999999999943e+00 1.018430164517921260e-01
1.149083037762338755e+01 5.230000000000000426e+00 1.022741414043647629e-01
1.150427862656670008e+01 5.225999999999999979e+00 1.022350233530564673e-01
1.151772687551001262e+01 5.241999999999999993e+00 1.023914058893616308e-01
1.153117512445332338e+01 5.160000000000000142e+00 1.015874007936023588e-01
1.154462337339663591e+01 5.091999999999999638e+00 1.009158064923429132e-01
1.155807162233994845e+01 5.193999999999999950e+00 1.019215384499272542e-01
1.157151987128325921e+01 5.192000000000000171e+00 1.019019136228559719e-01
1.158496812022657174e+01 5.160000000000000142e+00 1.015874007936023588e-01
1.159841636916988250e+01 5.043999999999999595e+00 1.004390362359177530e-01
1.161186461811319504e+01 5.227999999999999758e+00 1.022545842493137319e-01
1.162531286705650757e+01 5.241999999999999993e+00 1.023914058893616308e-01
1.163876111599981833e+01 5.032000000000000028e+00 1.003194896318756330e-01
1.165220936494313086e+01 5.235999999999999766e+00 1.023327904437282554e-01
1.166565761388644340e+01 5.200000000000000178e+00 1.019803902718556948e-01
1.167910586282975416e+01 5.094000000000000306e+00 1.009356230475643296e-01
1.169255411177306669e+01 5.062000000000000277e+00 1.006180898248421329e-01
1.170600236071637923e+01 5.185999999999999943e+00 1.018430164517921260e-01
1.171945060965968999e+01 4.985999999999999766e+00 9.985990186255942758e-02
1.173289885860300252e+01 5.118000000000000327e+00 1.011731189595339031e-01
1.174634710754631506e+01 4.993999999999999773e+00 9.993998198919189224e-02
1.175979535648962582e+01 5.009999999999999787e+00 1.000999500499375888e-01
1.177324360543293835e+01 5.008000000000000007e+00 1.000799680255744367e-01
1.178669185437625089e+01 4.996000000000000441e+00 9.995999199679839187e-02
1.180014010331956165e+01 4.910000000000000142e+00 9.909591313469995333e-02
1.181358835226287418e+01 4.889999999999999680e+00 9.889388252060891948e-02
1.182703660120618672e+01 4.902000000000000135e+00 9.901515035589250613e-02
1.184048485014949748e+01 4.812000000000000277e+00 9.810198774744577355e-02
1.185393309909281001e+01 4.927999999999999936e+00 9.927738916792686052e-02
1.186738134803612077e+01 4.852000000000000313e+00 9.850888284819801777e-02
1.188082959697943330e+01 4.791999999999999815e+00 9.789790600416332922e-02
1.189427784592274584e+01 5.006000000000000227e+00 1.000599820107919147e-01
1.190772609486605660e+01 4.950000000000000178e+00 9.949874371066200207e-02
1.192117434380936913e+01 4.746000000000000441e+00 9.742689567054879651e-02
1.193462259275268167e+01 4.766000000000000014e+00 9.763196197967138890e-02
1.194807084169599243e+01 4.706000000000000405e+00 9.701546268507922621e-02
1.196151909063930496e+01 4.777999999999999581e+00 9.775479527879948893e-02
1.197496733958261750e+01 4.774000000000000021e+00 9.771386800244885595e-02
1.198841558852592826e+01 4.748000000000000220e+00 9.744742172063865226e-02
1.200186383746924079e+01 4.554000000000000270e+00 9.543584232352120278e-02
1.201531208641255333e+01 4.698000000000000398e+00 9.693296652842108008e-02
1.202876033535586409e+01 4.554000000000000270e+00 9.543584232352120278e-02
1.204220858429917662e+01 4.708000000000000185e+00 9.703607576566562753e-02
1.205565683324248916e+01 4.557999999999999829e+00 9.547774609824008496e-02
1.206910508218579992e+01 4.698000000000000398e+00 9.693296652842108008e-02
1.208255333112911245e+01 4.685999999999999943e+00 9.680909048224758950e-02
1.209600158007242321e+01 4.597999999999999865e+00 9.589577675789481837e-02
1.210944982901573574e+01 4.604000000000000092e+00 9.595832428716125073e-02
1.212289807795904828e+01 4.612000000000000099e+00 9.604165762834375453e-02
1.213634632690235904e+01 4.419999999999999929e+00 9.402127418834527184e-02
1.214979457584567157e+01 4.541999999999999815e+00 9.531002045955083712e-02
1.216324282478898411e+01 4.540000000000000036e+00 9.528903399657276396e-02
1.217669107373229487e+01 4.549999999999999822e+00 9.539392014169456591e-02
1.219013932267560740e+01 4.381999999999999673e+00 9.361623790774760423e-02
1.220358757161891994e+01 4.459999999999999964e+00 9.444575162494076026e-02
1.221703582056223070e+01 4.482000000000000206e+00 9.467840302835699162e-02
1.223048406950554323e+01 4.581999999999999851e+00 9.572878355019456831e-02
1.224393231844885577e+01 4.408000000000000362e+00 9.389355675444402416e-02
1.225738056739216653e+01 4.474000000000000199e+00 9.459386872308374328e-02
1.227082881633547906e+01 4.238000000000000433e+00 9.206519429187123849e-02
1.228427706527879160e+01 4.198000000000000398e+00 9.162968951164245091e-02
1.229772531422210236e+01 4.362000000000000099e+00 9.340235543068493851e-02
1.231117356316541489e+01 4.192000000000000171e+00 9.156418513807677850e-02
1.232462181210872565e+01 4.307999999999999829e+00 9.282241108697834864e-02
1.233807006105203818e+01 4.370000000000000107e+00 9.348796714016194276e-02
1.235151830999535072e+01 4.275999999999999801e+00 9.247702417357513138e-02
1.236496655893866148e+01 4.137999999999999901e+00 9.097252332435327993e-02
1.237841480788197401e+01 4.328000000000000291e+00 9.303762679690406878e-02
1.239186305682528655e+01 4.179999999999999716e+00 9.143303560529968121e-02
1.240531130576859731e+01 4.267999999999999794e+00 9.239047569960877337e-02
1.241875955471190984e+01 4.155999999999999694e+00 9.117017056033185907e-02
1.243220780365522238e+01 4.142000000000000348e+00 9.101648202386201925e-02
1.244565605259853314e+01 4.171999999999999709e+00 9.134549797335388133e-02
1.245910430154184567e+01 4.080000000000000071e+00 9.033271832508971144e-02
1.247255255048515821e+01 4.211999999999999744e+00 9.178235124467012951e-02
1.248600079942846897e+01 4.123999999999999666e+00 9.081850031794182210e-02
1.249944904837178150e+01 4.091999999999999638e+00 9.046546302318912713e-02
1.251289729731509404e+01 4.059999999999999609e+00 9.011104260855047621e-02
1.252634554625840480e+01 4.104000000000000092e+00 9.059801322324899375e-02
1.253979379520171733e+01 4.250000000000000000e+00 9.219544457292887241e-02
1.255324204414502809e+01 4.217999999999999972e+00 9.184770002564027203e-02
1.256669029308834062e+01 4.121999999999999886e+00 9.079647570252934174e-02
1.258013854203165316e+01 4.025999999999999801e+00 8.973293709669821760e-02
1.259358679097496392e+01 4.096000000000000085e+00 9.050966799187809553e-02
1.260703503991827645e+01 4.219999999999999751e+00 9.186947262284680948e-02
1.262048328886158899e+01 4.230000000000000426e+00 9.197825830053533991e-02
1.263393153780489975e+01 4.163999999999999702e+00 9.125787637239866912e-02
1.264737978674821228e+01 4.448000000000000398e+00 9.431860898041276309e-02
1.266082803569152482e+01 4.360000000000000320e+00 9.338094023943001309e-02
1.267427628463483558e+01 4.535999999999999588e+00 9.524704719832526034e-02
1.268772453357814811e+01 4.653999999999999915e+00 9.647797676153870017e-02
1.270117278252146065e+01 4.814000000000000057e+00 9.812237257628864118e-02
1.271462103146477141e+01 5.030000000000000249e+00 1.002995513449586734e-01
1.272806928040808394e+01 5.033999999999999808e+00 1.003394239568874552e-01
1.274151752935139648e+01 5.250000000000000000e+00 1.024695076595959903e-01
1.275496577829470723e+01 5.506000000000000227e+00 1.049380769787592455e-01
1.276841402723801977e+01 5.613999999999999879e+00 1.059622574315968457e-01
1.278186227618133053e+01 5.700000000000000178e+00 1.067707825203131067e-01
1.279531052512464306e+01 5.743999999999999773e+00 1.071820880557941003e-01
1.280875877406795560e+01 5.612000000000000099e+00 1.059433811051922192e-01
1.282220702301126636e+01 5.839999999999999858e+00 1.080740486888503715e-01
1.283565527195457889e+01 5.637999999999999901e+00 1.061885116196662759e-01
1.284910352089789143e+01 5.605999999999999872e+00 1.058867319355923792e-01
1.286255176984120219e+01 5.440000000000000391e+00 1.043072384832423871e-01
1.287600001878451472e+01 5.373999999999999666e+00 1.036725614615554847e-01
1.288944826772782726e+01 4.905999999999999694e+00 9.905553997631834362e-02
1.290289651667113802e+01 4.913999999999999702e+00 9.913626985114983026e-02
1.291634476561445055e+01 4.490000000000000213e+00 9.476286192385707796e-02
1.292979301455776309e+01 4.363999999999999879e+00 9.342376571301329313e-02
1.294324126350107385e+01 4.203999999999999737e+00 9.169514709078120662e-02
1.295668951244438638e+01 4.105999999999999872e+00 9.062008607367352808e-02
1.297013776138769892e+01 4.016000000000000014e+00 8.962142600963231287e-02
1.298358601033100967e+01 3.911999999999999922e+00 8.845337754998393309e-02
1.299703425927432221e+01 3.839999999999999858e+00 8.763560920082658079e-02
1.301048250821763297e+01 3.799999999999999822e+00 8.717797887081348007e-02
1.302393075716094550e+01 3.685999999999999943e+00 8.586035173466273485e-02
1.303737900610425804e+01 3.748000000000000220e+00 8.657944328765344866e-02
1.305082725504756880e+01 3.648000000000000131e+00 8.541662601625049644e-02
1.306427550399088133e+01 3.637999999999999901e+00 8.529947244854449440e-02
1.307772375293419387e+01 3.576000000000000068e+00 8.456949804746390076e-02
1.309117200187750463e+01 3.750000000000000000e+00 8.660254037844386521e-02
1.310462025082081716e+01 3.625999999999999890e+00 8.515867542417507319e-02
1.311806849976412970e+01 3.668000000000000149e+00 8.565045242145542803e-02
1.313151674870744046e+01 3.521999999999999797e+00 8.392854103342914374e-02
1.314496499765075299e+01 3.565999999999999837e+00 8.445116932286964029e-02
1.315841324659406553e+01 3.544000000000000039e+00 8.419026071939675337e-02
1.317186149553737629e+01 3.548000000000000043e+00 8.423775875461075868e-02
1.318530974448068882e+01 3.786000000000000032e+00 8.701723967122836079e-02
1.319875799342400136e+01 3.624000000000000110e+00 8.513518661517105457e-02
1.321220624236731211e+01 3.479999999999999982e+00 8.342661445845683810e-02
1.322565449131062465e+01 3.688000000000000167e+00 8.588364221433554546e-02
1.323910274025393541e+01 3.584000000000000075e+00 8.466404195406690425e-02
1.325255098919724794e+01 3.588000000000000078e+00 8.471127433818947949e-02
1.326599923814056048e+01 3.487999999999999989e+00 8.352245207128440596e-02
1.327944748708387124e+01 3.443999999999999950e+00 8.299397568498571853e-02
1.329289573602718377e+01 3.402000000000000135e+00 8.248636250920511614e-02
1.330634398497049631e+01 3.552000000000000046e+00 8.428523002282189980e-02
1.331979223391380707e+01 3.487999999999999989e+00 8.352245207128440596e-02
1.333324048285711960e+01 3.580000000000000071e+00 8.461678320522472707e-02
1.334668873180043214e+01 3.648000000000000131e+00 8.541662601625049644e-02
1.336013698074374290e+01 3.537999999999999812e+00 8.411896337925237055e-02
1.337358522968705543e+01 3.705999999999999961e+00 8.609297300012352938e-02
1.338703347863036797e+01 3.689999999999999947e+00 8.590692637965811895e-02
1.340048172757367873e+01 3.676000000000000156e+00 8.574380444090407005e-02
1.341392997651699126e+01 3.786000000000000032e+00 8.701723967122836079e-02
1.342737822546030380e+01 3.672000000000000153e+00 8.569714114251419934e-02
1.344082647440361455e+01 3.862000000000000099e+00 8.788629017087931650e-02
1.345427472334692709e+01 3.794000000000000039e+00 8.710912696153026713e-02
1.346772297229023785e+01 3.771999999999999797e+00 8.685620300243385161e-02
1.348117122123355038e+01 3.653999999999999915e+00 8.548684109265003439e-02
1.349461947017686292e+01 3.652000000000000135e+00 8.546344247688598961e-02
1.350806771912017368e+01 3.697999999999999954e+00 8.599999999999999312e-02
1.352151596806348621e+01 3.532000000000000028e+00 8.404760555780278752e-02
1.353496421700679875e+01 3.529999999999999805e+00 8.402380615040001832e-02
1.354841246595010951e+01 3.705999999999999961e+00 8.609297300012352938e-02
1.356186071489342204e+01 3.275999999999999801e+00 8.094442537939224025e-02
1.357530896383673458e+01 3.431999999999999940e+00 8.284926070883191773e-02
1.358875721278004534e+01 3.350000000000000089e+00 8.185352771872449196e-02
1.360220546172335787e+01 3.258000000000000007e+00 8.072174428244226208e-02
1.361565371066667041e+01 3.362000000000000099e+00 8.200000000000000344e-02
1.362910195960998117e+01 3.141999999999999904e+00 7.927168473042565944e-02
1.364255020855329370e+01 3.217999999999999972e+00 8.022468448052631762e-02
1.365599845749660624e+01 3.092000000000000082e+00 7.863841300535000245e-02
1.366944670643991699e+01 3.017999999999999794e+00 7.769169839822012702e-02
1.368289495538322953e+01 3.120000000000000107e+00 7.899367063252599186e-02
1.369634320432654029e+01 3.192000000000000171e+00 7.989993742175270641e-02
1.370979145326985282e+01 3.081999999999999851e+00 7.851114570556208538e-02
1.372323970221316536e+01 3.045999999999999819e+00 7.805126520435141935e-02
1.373668795115647612e+01 3.032000000000000028e+00 7.787168933572713447e-02
1.375013620009978865e+01 3.004000000000000004e+00 7.751128950030440612e-02
1.376358444904310119e+01 2.967999999999999972e+00 7.704544113703289121e-02
1.377703269798641017e+01 2.855999999999999872e+00 7.557777451076473640e-02
1.379048094692972271e+01 2.942000000000000171e+00 7.670723564306042297e-02
1.380392919587303524e+01 2.867999999999999883e+00 7.573638491504594561e-02
1.381737744481634600e+01 2.962000000000000188e+00 7.696752561957542760e-02
1.383082569375965853e+01 3.012000000000000011e+00 7.761443164772902081e-02
1.384427394270297107e+01 2.971999999999999975e+00 7.709734106958553157e-02
1.385772219164628183e+01 2.983999999999999986e+00 7.725283166331187168e-02
1.387117044058959436e+01 2.887999999999999901e+00 7.599999999999999811e-02
1.388461868953290690e+01 2.890000000000000124e+00 7.602631123499284382e-02
1.389806693847621766e+01 2.938000000000000167e+00 7.665507158694720435e-02
1.391151518741953019e+01 2.755999999999999783e+00 7.424284477308233654e-02
1.392496343636284273e+01 2.782000000000000028e+00 7.459222479588606403e-02
1.393841168530615349e+01 2.798000000000000043e+00 7.480641683706017175e-02
1.395185993424946602e+01 2.802000000000000046e+00 7.485986908885161606e-02
1.396530818319277856e+01 2.839999999999999858e+00 7.536577472566709235e-02
1.397875643213608932e+01 2.790000000000000036e+00 7.469939758793239792e-02
1.399220468107940185e+01 2.802000000000000046e+00 7.485986908885161606e-02
1.400565293002271261e+01 2.791999999999999815e+00 7.472616676907761768e-02
1.401910117896602515e+01 2.790000000000000036e+00 7.469939758793239792e-02
1.403254942790933768e+01 2.716000000000000192e+00 7.370210309075311828e-02
1.404599767685264844e+01 2.895999999999999908e+00 7.610519036176179031e-02
1.405944592579596097e+01 2.875999999999999890e+00 7.584194090343415739e-02
1.407289417473927351e+01 2.759999999999999787e+00 7.429670248402683863e-02
1.408634242368258427e+01 2.774000000000000021e+00 7.448489779814429501e-02
1.409979067262589680e+01 2.725999999999999979e+00 7.383765976789892493e-02
1.411323892156920934e+01 2.720000000000000195e+00 7.375635565834309793e-02
1.412668717051252010e+01 2.744000000000000217e+00 7.408103670980854816e-02
1.414013541945583263e+01 2.629999999999999893e+00 7.252585745787497318e-02
1.415358366839914517e+01 2.750000000000000000e+00 7.416198487095662650e-02
1.416703191734245593e+01 2.834000000000000075e+00 7.528612089887484760e-02
1.418048016628576846e+01 2.612000000000000099e+00 7.227724399837061331e-02
1.419392841522908100e+01 2.624000000000000110e+00 7.244308110509933840e-02
1.420737666417239176e+01 2.589999999999999858e+00 7.197221686178632838e-02
1.422082491311570429e+01 2.596000000000000085e+00 7.205553413860728285e-02
1.423427316205901505e+01 2.665999999999999925e+00 7.302054505411473273e-02
1.424772141100232759e+01 2.692000000000000171e+00 7.337574531137655565e-02
1.426116965994564012e+01 2.494000000000000217e+00 7.062577433203830191e-02
1.427461790888895088e+01 2.601999999999999869e+00 7.213875518748573412e-02
1.428806615783226341e+01 2.556000000000000050e+00 7.149825172687790387e-02
1.430151440677557595e+01 2.552000000000000046e+00 7.144228439796700136e-02
1.431496265571888671e+01 2.608000000000000096e+00 7.222188034107115961e-02
1.432841090466219924e+01 2.495999999999999996e+00 7.065408693062277812e-02
1.434185915360551178e+01 2.553999999999999826e+00 7.147027354082254036e-02
1.435530740254882254e+01 2.443999999999999950e+00 6.991423317179414065e-02
1.436875565149213507e+01 2.479999999999999982e+00 7.042726744663603544e-02
1.438220390043544761e+01 2.556000000000000050e+00 7.149825172687790387e-02
1.439565214937875837e+01 2.283999999999999808e+00 6.758698099486321054e-02
1.440910039832207090e+01 2.447999999999999954e+00 6.997142273814360713e-02
1.442254864726538344e+01 2.407999999999999918e+00 6.939740629158988594e-02
1.443599689620869420e+01 2.414000000000000146e+00 6.948381106416083586e-02
1.444944514515200673e+01 2.592000000000000082e+00 7.199999999999999456e-02
1.446289339409531749e+01 2.466000000000000192e+00 7.022819946431775595e-02
1.447634164303863002e+01 2.314000000000000057e+00 6.802940540677980541e-02
1.448978989198194256e+01 2.458000000000000185e+00 7.011419257183242049e-02
1.450323814092525332e+01 2.363999999999999879e+00 6.876045375068433330e-02
1.451668638986856585e+01 2.418000000000000149e+00 6.954135460285483517e-02
1.453013463881187839e+01 2.343999999999999861e+00 6.846897107449476105e-02
1.454358288775518915e+01 2.319999999999999840e+00 6.811754546370561714e-02
1.455703113669850168e+01 2.240000000000000213e+00 6.693280212272605112e-02
1.457047938564181422e+01 2.335999999999999854e+00 6.835202996254023666e-02
1.458392763458512498e+01 2.233999999999999986e+00 6.684309986827360883e-02
1.459737588352843751e+01 2.359999999999999876e+00 6.870225614927066848e-02
1.461082413247175005e+01 2.279999999999999805e+00 6.752777206453652870e-02
1.462427238141506081e+01 2.395999999999999908e+00 6.922427319950712199e-02
1.463772063035837334e+01 2.212000000000000188e+00 6.651315659326355323e-02
1.465116887930168588e+01 2.279999999999999805e+00 6.752777206453652870e-02
1.466461712824499664e+01 2.375999999999999890e+00 6.893475175845634184e-02
1.467806537718830917e+01 2.244000000000000217e+00 6.699253689777689980e-02
1.469151362613161993e+01 2.330000000000000071e+00 6.826419266350404469e-02
1.470496187507493246e+01 2.164000000000000146e+00 6.578753681359410244e-02
1.471841012401824500e+01 2.156000000000000139e+00 6.566582063752801623e-02
1.473185837296155576e+01 2.335999999999999854e+00 6.835202996254023666e-02
1.474530662190486829e+01 2.177999999999999936e+00 6.600000000000000311e-02
1.475875487084818083e+01 2.295999999999999819e+00 6.776429738438966011e-02
1.477220311979149159e+01 2.229999999999999982e+00 6.678323142825599856e-02
1.478565136873480412e+01 2.228000000000000203e+00 6.675327707311454195e-02
1.479909961767811666e+01 2.282000000000000028e+00 6.755738301621813657e-02
1.481254786662142742e+01 2.237999999999999989e+00 6.690291473471092487e-02
1.482599611556473995e+01 2.081999999999999851e+00 6.452906321960670544e-02
1.483944436450805249e+01 2.173999999999999932e+00 6.593936608733814986e-02
1.485289261345136325e+01 2.278000000000000025e+00 6.749814812274482212e-02
1.486634086239467578e+01 2.213999999999999968e+00 6.654321903845650255e-02
1.487978911133798832e+01 2.228000000000000203e+00 6.675327707311454195e-02
1.489323736028129908e+01 2.069999999999999840e+00 6.434283176858164588e-02
1.490668560922461161e+01 2.169999999999999929e+00 6.587867636800241733e-02
1.492013385816792237e+01 2.085999999999999854e+00 6.459102104782057929e-02
1.493358210711123490e+01 2.112000000000000099e+00 6.499230723708768198e-02
1.494703035605454744e+01 2.153999999999999915e+00 6.563535632568774647e-02
1.496047860499785820e+01 1.899999999999999911e+00 6.164414002968976458e-02
1.497392685394117073e+01 1.983999999999999986e+00 6.299206299209449134e-02
1.498737510288448327e+01 2.124000000000000110e+00 6.517668294720130318e-02
1.500082335182779403e+01 2.061999999999999833e+00 6.421837743200929649e-02
1.501427160077110656e+01 2.088000000000000078e+00 6.462197768561403488e-02
1.502771984971441910e+01 2.056000000000000050e+00 6.412487816752560077e-02
1.504116809865772986e+01 2.052000000000000046e+00 6.406246951218785846e-02
1.505461634760104239e+01 2.109999999999999876e+00 6.496152707564685491e-02
1.506806459654435493e+01 2.056000000000000050e+00 6.412487816752560077e-02
1.508151284548766569e+01 1.931999999999999940e+00 6.216108107168021729e-02
1.509496109443097822e+01 2.064000000000000057e+00 6.424951361683603479e-02
1.510840934337429076e+01 1.957999999999999963e+00 6.257795138864806483e-02
1.512185759231760152e+01 1.941999999999999948e+00 6.232174580353153776e-02
1.513530584126091405e+01 1.991999999999999993e+00 6.311893535223800367e-02
1.514875409020422481e+01 1.927999999999999936e+00 6.209669878504009422e-02
1.516220233914753734e+01 1.883999999999999897e+00 6.138403701289122522e-02
1.517565058809084988e+01 1.929999999999999938e+00 6.212889826803626864e-02
1.518909883703416064e+01 1.875999999999999890e+00 6.125357132445422015e-02
1.520254708597747317e+01 1.931999999999999940e+00 6.216108107168021729e-02
1.521599533492078571e+01 1.818000000000000060e+00 6.029925372672533673e-02
1.522944358386409647e+01 1.872000000000000108e+00 6.118823416311341967e-02
1.524289183280740900e+01 1.899999999999999911e+00 6.164414002968976458e-02
1.525634008175072154e+01 1.840000000000000080e+00 6.066300355241240755e-02
1.526978833069403230e+01 1.856000000000000094e+00 6.092618484691127156e-02
1.528323657963734483e+01 1.903999999999999915e+00 6.170899448216604632e-02
1.529668482858065737e+01 1.951999999999999957e+00 6.248199740725322859e-02
1.531013307752396813e+01 1.743999999999999995e+00 5.905929224093359881e-02
1.532358132646728066e+01 1.758000000000000007e+00 5.929586832149437436e-02
1.533702957541059320e+01 1.760000000000000009e+00 5.932958789676530398e-02
1.535047782435390396e+01 1.802000000000000046e+00 6.003332407921453673e-02
1.536392607329721649e+01 1.834000000000000075e+00 6.056401571890687729e-02
1.537737432224052725e+01 1.816000000000000059e+00 6.026607669327745803e-02
1.539082257118383978e+01 1.717999999999999972e+00 5.861740355901137733e-02
1.540427082012715232e+01 1.750000000000000000e+00 5.916079783099616185e-02
1.541771906907046308e+01 1.731999999999999984e+00 5.885575587824864313e-02
1.543116731801377561e+01 1.816000000000000059e+00 6.026607669327745803e-02
1.544461556695708815e+01 1.707999999999999963e+00 5.844655678480983191e-02
1.545806381590039891e+01 1.691999999999999948e+00 5.817215828899594682e-02
1.547151206484371144e+01 1.794000000000000039e+00 5.989991652748774542e-02
1.548496031378702398e+01 1.691999999999999948e+00 5.817215828899594682e-02
1.549840856273033474e+01 1.659999999999999920e+00 5.761944116355173506e-02
1.551185681167364727e+01 1.687999999999999945e+00 5.810335618533579716e-02
1.552530506061695981e+01 1.772000000000000020e+00 5.953150426454886790e-02
1.553875330956027057e+01 1.671999999999999931e+00 5.782732917920384297e-02
1.555220155850358310e+01 1.802000000000000046e+00 6.003332407921453673e-02
1.556564980744689564e+01 1.647999999999999909e+00 5.741080037762929383e-02
1.557909805639020639e+01 1.512000000000000011e+00 5.499090833947008206e-02
1.559254630533351893e+01 1.596000000000000085e+00 5.649778756730214346e-02
1.560599455427682969e+01 1.653999999999999915e+00 5.751521537819362373e-02
1.561944280322014222e+01 1.625999999999999890e+00 5.702630971753300942e-02
1.563289105216345476e+01 1.552000000000000046e+00 5.571355310873647715e-02
1.564633930110676552e+01 1.576000000000000068e+00 5.614267539047279598e-02
1.565978755005007805e+01 1.534000000000000030e+00 5.538952969650491609e-02
1.567323579899339059e+01 1.635999999999999899e+00 5.720139858430036556e-02
1.568668404793670135e+01 1.564000000000000057e+00 5.592852581643825011e-02
1.570013229688001388e+01 1.502000000000000002e+00 5.480875842417888555e-02
1.571358054582332642e+01 1.526000000000000023e+00 5.524490926773253235e-02
1.572702879476663718e+01 1.596000000000000085e+00 5.649778756730214346e-02
1.574047704370994971e+01 1.592000000000000082e+00 5.642694391866354131e-02
1.575392529265326225e+01 1.512000000000000011e+00 5.499090833947008206e-02
1.576737354159657301e+01 1.625999999999999890e+00 5.702630971753300942e-02
1.578082179053988554e+01 1.524000000000000021e+00 5.520869496736904164e-02
1.579427003948319808e+01 1.524000000000000021e+00 5.520869496736904164e-02
1.580771828842650883e+01 1.572000000000000064e+00 5.607138307550475070e-02
1.582116653736982137e+01 1.540000000000000036e+00 5.549774770204643493e-02
1.583461478631313213e+01 1.485999999999999988e+00 5.451605268175604285e-02
1.584806303525644466e+01 1.497999999999999998e+00 5.473572873361603336e-02
1.586151128419975720e+01 1.403999999999999915e+00 5.299056519796707665e-02
1.587495953314306796e+01 1.534000000000000030e+00 5.538952969650491609e-02
1.588840778208638049e+01 1.643999999999999906e+00 5.734108474732579896e-02
1.590185603102969303e+01 1.493999999999999995e+00 5.466260147486579762e-02
1.591530427997300379e+01 1.502000000000000002e+00 5.480875842417888555e-02
1.592875252891631632e+01 1.320000000000000062e+00 5.138093031466051813e-02
1.594220077785962886e+01 1.364000000000000101e+00 5.223025942880238359e-02
1.595564902680293962e+01 1.493999999999999995e+00 5.466260147486579762e-02
1.596909727574625215e+01 1.512000000000000011e+00 5.499090833947008206e-02
1.598254552468956469e+01 1.427999999999999936e+00 5.344155686354955248e-02
1.599599377363287545e+01 1.362000000000000099e+00 5.219195340279955686e-02
1.600944202257618798e+01 1.292000000000000037e+00 5.083306010855533769e-02
1.602289027151950052e+01 1.419999999999999929e+00 5.329165037789691112e-02
1.603633852046281305e+01 1.429999999999999938e+00 5.347896782848375608e-02
1.604978676940612203e+01 1.417999999999999927e+00 5.325410782277738980e-02
1.606323501834943457e+01 1.391999999999999904e+00 5.276362383309168153e-02
1.607668326729274710e+01 1.439999999999999947e+00 5.366563145999495715e-02
1.609013151623605964e+01 1.493999999999999995e+00 5.466260147486579762e-02
1.610357976517937217e+01 1.411999999999999922e+00 5.314132102234569305e-02
1.611702801412268471e+01 1.372000000000000108e+00 5.238320341483517634e-02
1.613047626306599369e+01 1.314000000000000057e+00 5.126402247190518791e-02
1.614392451200930623e+01 1.399999999999999911e+00 5.291502622129180822e-02
1.615737276095261876e+01 1.389999999999999902e+00 5.272570530585627552e-02
1.617082100989593130e+01 1.356000000000000094e+00 5.207686626516614542e-02
1.618426925883924383e+01 1.348000000000000087e+00 5.192301994298868101e-02
1.619771750778255281e+01 1.304000000000000048e+00 5.106858133921481774e-02
1.621116575672586535e+01 1.362000000000000099e+00 5.219195340279955686e-02
1.622461400566917789e+01 1.262000000000000011e+00 5.023942674832188038e-02
1.623806225461249042e+01 1.250000000000000000e+00 5.000000000000000278e-02
1.625151050355580296e+01 1.300000000000000044e+00 5.099019513592784741e-02
1.626495875249911549e+01 1.356000000000000094e+00 5.207686626516614542e-02
1.627840700144242447e+01 1.266000000000000014e+00 5.031898250163649444e-02
1.629185525038573701e+01 1.296000000000000041e+00 5.091168824543142180e-02
1.630530349932904954e+01 1.229999999999999982e+00 4.959838707054898405e-02
1.631875174827236208e+01 1.276000000000000023e+00 5.051732376126035623e-02
1.633219999721567461e+01 1.201999999999999957e+00 4.903060268852504899e-02
1.634564824615898715e+01 1.227999999999999980e+00 4.955804677345546777e-02
1.635909649510229613e+01 1.219999999999999973e+00 4.939635614091387322e-02
1.637254474404560867e+01 1.278000000000000025e+00 5.055689863905815651e-02
1.638599299298892120e+01 1.336000000000000076e+00 5.169139193328034509e-02
1.639944124193223374e+01 1.231999999999999984e+00 4.963869458396343026e-02
1.641288949087554627e+01 1.104000000000000092e+00 4.698936049788292324e-02
1.642633773981885525e+01 1.161999999999999922e+00 4.820788317277580060e-02
1.643978598876216779e+01 1.207999999999999963e+00 4.915282290977802948e-02
1.645323423770548033e+01 1.183999999999999941e+00 4.866210024238575710e-02
1.646668248664879286e+01 1.205999999999999961e+00 4.911211663123470073e-02
1.648013073559210540e+01 1.274000000000000021e+00 5.047771785649585174e-02
1.649357898453541793e+01 1.215999999999999970e+00 4.931531202375180611e-02
1.650702723347872691e+01 1.096000000000000085e+00 4.681879964287850165e-02
1.652047548242203945e+01 1.114000000000000101e+00 4.720169488482378606e-02
1.653392373136535198e+01 1.096000000000000085e+00 4.681879964287850165e-02
1.654737198030866452e+01 1.147999999999999909e+00 4.791659420284375553e-02
1.656082022925197705e+01 1.173999999999999932e+00 4.845616575834287010e-02
1.657426847819528959e+01 1.114000000000000101e+00 4.720169488482378606e-02
1.658771672713859857e+01 1.062000000000000055e+00 4.608687448721165286e-02
1.660116497608191111e+01 1.082000000000000073e+00 4.651881339845203439e-02
1.661461322502522364e+01 1.112000000000000099e+00 4.715930449020638154e-02
1.662806147396853618e+01 1.125999999999999890e+00 4.745524207081869283e-02
1.664150972291184871e+01 1.187999999999999945e+00 4.874423042781576842e-02
1.665495797185515769e+01 1.048000000000000043e+00 4.578209256903838925e-02
1.666840622079847023e+01 1.082000000000000073e+00 4.651881339845203439e-02
1.668185446974178276e+01 1.116000000000000103e+00 4.724404724407086503e-02
1.669530271868509530e+01 1.014000000000000012e+00 4.503332099679080436e-02
1.670875096762840784e+01 1.102000000000000091e+00 4.694677837722201208e-02
1.672219921657172037e+01 1.114000000000000101e+00 4.720169488482378606e-02
1.673564746551502935e+01 1.030000000000000027e+00 4.538722287164086849e-02
1.674909571445834189e+01 1.104000000000000092e+00 4.698936049788292324e-02
1.676254396340165442e+01 9.659999999999999698e-01 4.395452195167182108e-02
1.677599221234496696e+01 9.779999999999999805e-01 4.422668877499196655e-02
1.678944046128827949e+01 1.008000000000000007e+00 4.489988864128729995e-02
1.680288871023159203e+01 1.014000000000000012e+00 4.503332099679080436e-02
1.681633695917490101e+01 9.939999999999999947e-01 4.458699361921591303e-02
1.682978520811821355e+01 1.042000000000000037e+00 4.565084884205330984e-02
1.684323345706152608e+01 9.639999999999999680e-01 4.390899680020030060e-02
1.685668170600483862e+01 9.699999999999999734e-01 4.404543109109047838e-02
1.687012995494815115e+01 9.100000000000000311e-01 4.266145801540308785e-02
1.688357820389146013e+01 9.220000000000000417e-01 4.294182110716777273e-02
1.689702645283477267e+01 1.024000000000000021e+00 4.525483399593904776e-02
1.691047470177808520e+01 9.719999999999999751e-01 4.409081537009720136e-02
1.692392295072139774e+01 9.220000000000000417e-01 4.294182110716777273e-02
1.693737119966471028e+01 8.800000000000000044e-01 4.195235392680606024e-02
1.695081944860802281e+01 9.200000000000000400e-01 4.289522117905442827e-02
1.696426769755133179e+01 9.659999999999999698e-01 4.395452195167182108e-02
1.697771594649464433e+01 9.939999999999999947e-01 4.458699361921591303e-02
1.699116419543795686e+01 1.018000000000000016e+00 4.512205669071391034e-02
1.700461244438126940e+01 9.499999999999999556e-01 4.358898943540674004e-02
1.701806069332458193e+01 9.060000000000000275e-01 4.256759330758552728e-02
1.703150894226789447e+01 9.779999999999999805e-01 4.422668877499196655e-02
1.704495719121120345e+01 9.180000000000000382e-01 4.284857057125709967e-02
1.705840544015451599e+01 8.760000000000000009e-01 4.185689907291269968e-02
1.707185368909782852e+01 8.820000000000000062e-01 4.200000000000000261e-02
1.708530193804114106e+01 9.300000000000000488e-01 4.312771730569564532e-02
1.709875018698445359e+01 8.820000000000000062e-01 4.200000000000000261e-02
1.711219843592776257e+01 8.619999999999999885e-01 4.152107898405339032e-02
1.712564668487107511e+01 8.780000000000000027e-01 4.190465367951392434e-02
1.713909493381438764e+01 8.659999999999999920e-01 4.161730409336962533e-02
1.715254318275770018e+01 7.840000000000000302e-01 3.959797974644665985e-02
1.716599143170101271e+01 9.060000000000000275e-01 4.256759330758552728e-02
1.717943968064432525e+01 8.960000000000000187e-01 4.233202097703345212e-02
1.719288792958763423e+01 8.419999999999999707e-01 4.103656905736638438e-02
1.720633617853094677e+01 8.159999999999999476e-01 4.039801975344831098e-02
1.721978442747425930e+01 7.700000000000000178e-01 3.924283374069716807e-02
1.723323267641757184e+01 8.459999999999999742e-01 4.113392760240626445e-02
1.724668092536088437e+01 8.199999999999999512e-01 4.049691346263317032e-02
1.726012917430419691e+01 7.820000000000000284e-01 3.954743986657038163e-02
1.727357742324750589e+01 8.159999999999999476e-01 4.039801975344831098e-02
1.728702567219081843e+01 8.060000000000000497e-01 4.014971979976946631e-02
1.730047392113413096e+01 8.000000000000000444e-01 4.000000000000000083e-02
1.731392217007744350e+01 8.479999999999999760e-01 4.118252056394800659e-02
1.732737041902075603e+01 7.419999999999999929e-01 3.852272056851644561e-02
1.734081866796406501e+01 7.399999999999999911e-01 3.847076812334268570e-02
1.735426691690737755e+01 8.399999999999999689e-01 4.098780306383838917e-02
1.736771516585069008e+01 7.179999999999999716e-01 3.789459064299283142e-02
1.738116341479400262e+01 7.620000000000000107e-01 3.903844259188627569e-02
1.739461166373731515e+01 7.099999999999999645e-01 3.768288736283354617e-02
1.740805991268062769e+01 7.319999999999999840e-01 3.826225293941798444e-02
1.742150816162393667e+01 7.019999999999999574e-01 3.746998799039038403e-02
1.743495641056724921e+01 7.059999999999999609e-01 3.757658845611187154e-02
1.744840465951056174e+01 7.019999999999999574e-01 3.746998799039038403e-02
1.746185290845387428e+01 7.640000000000000124e-01 3.908964057138412940e-02
1.747530115739718681e+01 6.959999999999999520e-01 3.730951621235525928e-02
1.748874940634049935e+01 7.780000000000000249e-01 3.944616584663204056e-02
1.750219765528380833e+01 7.640000000000000124e-01 3.908964057138412940e-02
1.751564590422712087e+01 7.279999999999999805e-01 3.815756805667782497e-02
1.752909415317043340e+01 7.019999999999999574e-01 3.746998799039038403e-02
1.754254240211374594e+01 7.239999999999999769e-01 3.805259518088089515e-02
1.755599065105705847e+01 6.820000000000000506e-01 3.693237062523877651e-02
1.756943890000036745e+01 6.820000000000000506e-01 3.693237062523877651e-02
1.758288714894367999e+01 6.620000000000000329e-01 3.638681079732050683e-02
1.759633539788699252e+01 7.299999999999999822e-01 3.820994634908559534e-02
1.760978364683030506e+01 6.360000000000000098e-01 3.566510900025401248e-02
1.762323189577361759e+01 5.699999999999999512e-01 3.376388603226826435e-02
1.763668014471693013e+01 6.099999999999999867e-01 3.492849839314595556e-02
1.765012839366023911e+01 6.520000000000000240e-01 3.611094017053557981e-02
1.766357664260355165e+01 6.219999999999999973e-01 3.527038417709679741e-02
1.767702489154686418e+01 5.959999999999999742e-01 3.452535300326413370e-02
1.769047314049017672e+01 6.239999999999999991e-01 3.532704346531138906e-02
1.770392138943348925e+01 6.760000000000000453e-01 3.676955262170047284e-02
1.771736963837680179e+01 5.300000000000000266e-01 3.255764119219941438e-02
1.773081788732011077e+01 6.540000000000000258e-01 3.616628264005024990e-02
1.774426613626342331e+01 5.999999999999999778e-01 3.464101615137754608e-02
1.775771438520673584e+01 6.300000000000000044e-01 3.549647869859769850e-02
1.777116263415004838e+01 6.239999999999999991e-01 3.532704346531138906e-02
1.778461088309336091e+01 6.280000000000000027e-01 3.544009029333870103e-02
1.779805913203666989e+01 6.099999999999999867e-01 3.492849839314595556e-02
1.781150738097998243e+01 5.839999999999999636e-01 3.417601498127011833e-02
1.782495562992329496e+01 5.739999999999999547e-01 3.388214869219483005e-02
1.783840387886660750e+01 5.360000000000000320e-01 3.274141108748979817e-02
1.785185212780992003e+01 6.119999999999999885e-01 3.498571136907180357e-02
1.786530037675323257e+01 5.719999999999999529e-01 3.382306905057552715e-02
1.787874862569654155e+01 5.380000000000000338e-01 3.280243893371345698e-02
1.789219687463985409e+01 5.400000000000000355e-01 3.286335345030996780e-02
1.790564512358316662e+01 5.540000000000000480e-01 3.328663395418647586e-02
1.791909337252647916e+01 5.739999999999999547e-01 3.388214869219483005e-02
1.793254162146979169e+01 5.140000000000000124e-01 3.206243908376280038e-02
1.794598987041310423e+01 5.739999999999999547e-01 3.388214869219483005e-02
1.795943811935641321e+01 5.140000000000000124e-01 3.206243908376280038e-02
1.797288636829972575e+01 5.600000000000000533e-01 3.346640106136302556e-02
1.798633461724303828e+01 5.600000000000000533e-01 3.346640106136302556e-02
1.799978286618635082e+01 5.380000000000000338e-01 3.280243893371345698e-02
1.801323111512966335e+01 5.260000000000000231e-01 3.243454948045371156e-02
1.802667936407297233e+01 5.220000000000000195e-01 3.231098884280701744e-02
1.804012761301628487e+01 5.200000000000000178e-01 3.224903099319419847e-02
1.805357586195959740e+01 5.600000000000000533e-01 3.346640106136302556e-02
1.806702411090290994e+01 5.340000000000000302e-01 3.268026927673638171e-02
1.808047235984622247e+01 4.680000000000000271e-01 3.059411708155670984e-02
1.809392060878953501e+01 4.719999999999999751e-01 3.072458299147443062e-02
1.810736885773284399e+01 4.239999999999999880e-01 2.912043955712207213e-02
1.812081710667615653e+01 4.299999999999999933e-01 2.932575659723036035e-02
1.813426535561946906e+01 4.899999999999999911e-01 3.130495168499705660e-02
1.814771360456278160e+01 5.340000000000000302e-01 3.268026927673638171e-02
1.816116185350609413e+01 4.899999999999999911e-01 3.130495168499705660e-02
1.817461010244940667e+01 4.899999999999999911e-01 3.130495168499705660e-02
1.818805835139271565e+01 4.299999999999999933e-01 2.932575659723036035e-02
1.820150660033602819e+01 5.040000000000000036e-01 3.174901573277508909e-02
1.821495484927934072e+01 4.779999999999999805e-01 3.091924966748061526e-02
1.822840309822265326e+01 4.520000000000000129e-01 3.006659275674581494e-02
1.824185134716596579e+01 4.580000000000000182e-01 3.026549190084311391e-02
1.825529959610927477e+01 4.620000000000000218e-01 3.039736830714132726e-02
1.826874784505258731e+01 4.739999999999999769e-01 3.078960863668130446e-02
1.828219609399589984e+01 4.500000000000000111e-01 2.999999999999999889e-02
1.829564434293921238e+01 4.259999999999999898e-01 2.918903903865284824e-02
1.830909259188252491e+01 4.179999999999999827e-01 2.891366458960192148e-02
1.832254084082583745e+01 4.400000000000000022e-01 2.966479394838265199e-02
1.833598908976914643e+01 4.159999999999999809e-01 2.884441020371191280e-02
1.834943733871245897e+01 3.780000000000000027e-01 2.749545416973504103e-02
1.836288558765577150e+01 3.880000000000000115e-01 2.785677655436823857e-02
1.837633383659908404e+01 4.020000000000000240e-01 2.835489375751564997e-02
1.838978208554239657e+01 3.160000000000000031e-01 2.513961017995306954e-02
1.840323033448570911e+01 3.719999999999999973e-01 2.727636339397171081e-02
1.841667858342901809e+01 3.599999999999999867e-01 2.683281572999747858e-02
1.843012683237233063e+01 3.160000000000000031e-01 2.513961017995306954e-02
1.844357508131564316e+01 4.079999999999999738e-01 2.856571371417140209e-02
1.845702333025895570e+01 3.619999999999999885e-01 2.690724809414742069e-02
1.847047157920226823e+01 3.539999999999999813e-01 2.660826939130014196e-02
1.848391982814557721e+01 3.760000000000000009e-01 2.742261840160417630e-02
1.849736807708888975e+01 3.900000000000000133e-01 2.792848008753788178e-02
1.851081632603220228e+01 3.760000000000000009e-01 2.742261840160417630e-02
1.852426457497551482e+01 3.360000000000000209e-01 2.592296279363144260e-02
1.853771282391882735e+01 3.300000000000000155e-01 2.569046515733025907e-02
1.855116107286213989e+01 3.059999999999999942e-01 2.473863375370596168e-02
1.856460932180544887e+01 3.300000000000000155e-01 2.569046515733025907e-02
1.857805757074876141e+01 3.240000000000000102e-01 2.545584412271571090e-02
1.859150581969207394e+01 3.699999999999999956e-01 2.720294101747088716e-02
1.860495406863538648e+01 3.039999999999999925e-01 2.465765601187590306e-02
1.861840231757869901e+01 2.780000000000000249e-01 2.357965224510319077e-02
1.863185056652201155e+01 3.380000000000000226e-01 2.599999999999999881e-02
1.864529881546532053e+01 2.879999999999999782e-01 2.400000000000000050e-02
1.865874706440863307e+01 2.879999999999999782e-01 2.400000000000000050e-02
1.867219531335194560e+01 2.720000000000000195e-01 2.332380757938120469e-02
1.868564356229525814e+01 3.119999999999999996e-01 2.497999199359359282e-02
1.869909181123857067e+01 2.839999999999999747e-01 2.383275057562597027e-02
1.871254006018187965e+01 2.620000000000000107e-01 2.289104628451919463e-02
1.872598830912519219e+01 2.899999999999999800e-01 2.408318915758459258e-02
1.873943655806850472e+01 2.800000000000000266e-01 2.366431913239846335e-02
1.875288480701181726e+01 2.720000000000000195e-01 2.332380757938120469e-02
1.876633305595512979e+01 2.760000000000000231e-01 2.349468024894146162e-02
1.877978130489844233e+01 3.160000000000000031e-01 2.513961017995306954e-02
1.879322955384175131e+01 2.700000000000000178e-01 2.323790007724450130e-02
1.880667780278506385e+01 2.379999999999999893e-01 2.181742422927142669e-02
1.882012605172837638e+01 2.899999999999999800e-01 2.408318915758459258e-02
1.883357430067168892e+01 2.600000000000000089e-01 2.280350850198275756e-02
1.884702254961500145e+01 2.340000000000000135e-01 2.163330765278393894e-02
1.886047079855831399e+01 2.379999999999999893e-01 2.181742422927142669e-02
1.887391904750162297e+01 2.300000000000000100e-01 2.144761058952721414e-02
1.888736729644493550e+01 2.600000000000000089e-01 2.280350850198275756e-02
1.890081554538824804e+01 2.379999999999999893e-01 2.181742422927142669e-02
1.891426379433156058e+01 2.819999999999999729e-01 2.374868417407583268e-02
1.892771204327487311e+01 2.760000000000000231e-01 2.349468024894146162e-02
1.894116029221818209e+01 2.159999999999999976e-01 2.078460969082652696e-02
1.895460854116149463e+01 2.020000000000000129e-01 2.009975124224178122e-02
1.896805679010480716e+01 2.600000000000000089e-01 2.280350850198275756e-02
1.898150503904811970e+01 1.719999999999999862e-01 1.854723699099140866e-02
1.899495328799143223e+01 1.900000000000000022e-01 1.949358868961792793e-02
1.900840153693474477e+01 1.819999999999999951e-01 1.907878402833891249e-02
1.902184978587805375e+01 1.980000000000000093e-01 1.989974874213239903e-02
1.903529803482136629e+01 2.079999999999999905e-01 2.039607805437113758e-02
1.904874628376467882e+01 1.360000000000000098e-01 1.649242250247064112e-02
1.906219453270799136e+01 1.839999999999999969e-01 1.918332609325087632e-02
1.907564278165130389e+01 1.839999999999999969e-01 1.918332609325087632e-02
1.908909103059461643e+01 1.419999999999999873e-01 1.685229954635271768e-02
1.910253927953792541e+01 1.880000000000000004e-01 1.939071942966531792e-02
1.911598752848123794e+01 1.839999999999999969e-01 1.918332609325087632e-02
1.912943577742455048e+01 1.580000000000000016e-01 1.777638883463117728e-02
1.914288402636786302e+01 1.819999999999999951e-01 1.907878402833891249e-02
1.915633227531117555e+01 1.499999999999999944e-01 1.732050807568877304e-02
1.916978052425448453e+01 1.400000000000000133e-01 1.673320053068151278e-02
1.918322877319779707e+01 1.320000000000000062e-01 1.624807680927192050e-02
1.919667702214110960e+01 1.340000000000000080e-01 1.637070554374489909e-02
1.921012527108442214e+01 1.320000000000000062e-01 1.624807680927192050e-02
1.922357352002773467e+01 1.000000000000000056e-01 1.414213562373095069e-02
1.923702176897104721e+01 1.459999999999999909e-01 1.708800749063505917e-02
1.925047001791435619e+01 1.380000000000000115e-01 1.661324772583614925e-02
1.926391826685766873e+01 9.400000000000000022e-02 1.371130920080208815e-02
1.927736651580098126e+01 1.019999999999999934e-01 1.428285685708570105e-02
1.929081476474429380e+01 1.000000000000000056e-01 1.414213562373095069e-02
1.930426301368760633e+01 8.599999999999999312e-02 1.311487704860400151e-02
1.931771126263091887e+01 7.000000000000000666e-02 1.183215956619923168e-02
1.933115951157422785e+01 8.999999999999999667e-02 1.341640786499873929e-02
1.934460776051754038e+01 9.800000000000000377e-02 1.400000000000000029e-02
1.935805600946085292e+01 6.600000000000000311e-02 1.148912529307605755e-02
1.937150425840416545e+01 7.799999999999999989e-02 1.248999599679679641e-02
1.938495250734747799e+01 6.600000000000000311e-02 1.148912529307605755e-02
1.939840075629078697e+01 5.600000000000000117e-02 1.058300524425836303e-02
1.941184900523409951e+01 4.200000000000000261e-02 9.165151389911679186e-03
1.942529725417741204e+01 8.599999999999999312e-02 1.311487704860400151e-02
1.943874550312072458e+01 4.599999999999999922e-02 9.591663046625438158e-03
1.945219375206403711e+01 5.600000000000000117e-02 1.058300524425836303e-02
1.946564200100734965e+01 5.399999999999999939e-02 1.039230484541326348e-02
1.947909024995065863e+01 5.000000000000000278e-02 1.000000000000000021e-02
1.949253849889397117e+01 5.000000000000000278e-02 1.000000000000000021e-02
1.950598674783728370e+01 2.800000000000000058e-02 7.483314773547882458e-03
1.951943499678059624e+01 3.799999999999999906e-02 8.717797887081348701e-03
1.953288324572390877e+01 3.799999999999999906e-02 8.717797887081348701e-03
1.954633149466722131e+01 3.200000000000000067e-02 8.000000000000000167e-03
1.955977974361053029e+01 3.400000000000000244e-02 8.246211251235320561e-03
1.957322799255384282e+01 2.999999999999999889e-02 7.745966692414833765e-03
1.958667624149715536e+01 2.800000000000000058e-02 7.483314773547882458e-03
1.960012449044046789e+01 2.599999999999999881e-02 7.211102550927978201e-03
1.961357273938378043e+01 2.800000000000000058e-02 7.483314773547882458e-03
1.962702098832708941e+01 2.800000000000000058e-02 7.483314773547882458e-03
1.964046923727040195e+01 2.999999999999999889e-02 7.745966692414833765e-03
1.965391748621371448e+01 1.799999999999999864e-02 6.000000000000000125e-03
1.966736573515702702e+01 3.200000000000000067e-02 8.000000000000000167e-03
1.968081398410033955e+01 2.599999999999999881e-02 7.211102550927978201e-03
1.969426223304365209e+01 4.200000000000000261e-02 9.165151389911679186e-03
1.970771048198696107e+01 3.200000000000000067e-02 8.000000000000000167e-03
1.972115873093027361e+01 1.799999999999999864e-02 6.000000000000000125e-03
1.973460697987358614e+01 3.599999999999999728e-02 8.485281374238569721e-03
1.974805522881689868e+01 2.400000000000000050e-02 6.928203230275508696e-03
1.976150347776021121e+01 2.000000000000000042e-02 6.324555320336758789e-03
1.977495172670352375e+01 2.599999999999999881e-02 7.211102550927978201e-03
1.978839997564683273e+01 2.800000000000000058e-02 7.483314773547882458e-03
1.980184822459014526e+01 1.799999999999999864e-02 6.000000000000000125e-03
1.981529647353345780e+01 2.400000000000000050e-02 6.928203230275508696e-03
1.982874472247677033e+01 2.599999999999999881e-02 7.211102550927978201e-03
1.984219297142008287e+01 1.200000000000000025e-02 4.898979485566355707e-03
1.985564122036339185e+01 2.199999999999999872e-02 6.633249580710799675e-03
1.986908946930670439e+01 2.800000000000000058e-02 7.483314773547882458e-03
1.988253771825001692e+01 2.800000000000000058e-02 7.483314773547882458e-03
1.989598596719332946e+01 2.599999999999999881e-02 7.211102550927978201e-03
1.990943421613664199e+01 2.400000000000000050e-02 6.928203230275508696e-03
1.992288246507995453e+01 1.200000000000000025e-02 4.898979485566355707e-03
1.993633071402326351e+01 2.199999999999999872e-02 6.633249580710799675e-03
1.994977896296657605e+01 2.800000000000000058e-02 7.483314773547882458e-03
1.996322721190988858e+01 2.199999999999999872e-02 6.633249580710799675e-03
1.997667546085320112e+01 3.400000000000000244e-02 8.246211251235320561e-03
1.999012370979651365e+01 2.199999999999999872e-02 6.633249580710799675e-03
2.000357195873982619e+01 1.400000000000000029e-02 5.291502622129181516e-03
2.001702020768313517e+01 2.400000000000000050e-02 6.928203230275508696e-03
2.003046845662644770e+01 1.600000000000000033e-02 5.656854249492380970e-03
2.004391670556976024e+01 2.999999999999999889e-02 7.745966692414833765e-03
2.005736495451307277e+01 2.599999999999999881e-02 7.211102550927978201e-03
2.007081320345638531e+01 1.400000000000000029e-02 5.291502622129181516e-03
2.008426145239969429e+01 1.200000000000000025e-02 4.898979485566355707e-03
2.009770970134300683e+01 2.800000000000000058e-02 7.483314773547882458e-03
2.011115795028631936e+01 2.400000000000000050e-02 6.928203230275508696e-03
2.012460619922963190e+01 1.600000000000000033e-02 5.656854249492380970e-03
2.013805444817294443e+01 1.799999999999999864e-02 6.000000000000000125e-03
2.015150269711625697e+01 2.800000000000000058e-02 7.483314773547882458e-03
2.016495094605956595e+01 2.199999999999999872e-02 6.633249580710799675e-03
2.017839919500287849e+01 2.000000000000000042e-02 6.324555320336758789e-03
2.019184744394619102e+01 2.999999999999999889e-02 7.745966692414833765e-03
2.020529569288950356e+01 2.199999999999999872e-02 6.633249580710799675e-03
2.021874394183281609e+01 2.000000000000000042e-02 6.324555320336758789e-03
2.023219219077612863e+01 2.599999999999999881e-02 7.211102550927978201e-03
2.024564043971943761e+01 1.400000000000000029e-02 5.291502622129181516e-03
2.025908868866275014e+01 2.599999999999999881e-02 7.211102550927978201e-03
2.027253693760606268e+01 1.000000000000000021e-02 4.472135954999579763e-03
2.028598518654937521e+01 2.000000000000000042e-02 6.324555320336758789e-03
2.029943343549268775e+01 2.199999999999999872e-02 6.633249580710799675e-03
2.031288168443599673e+01 1.400000000000000029e-02 5.291502622129181516e-03
2.032632993337930927e+01 1.000000000000000021e-02 4.472135954999579763e-03
2.033977818232262180e+01 2.199999999999999872e-02 6.633249580710799675e-03
2.035322643126593434e+01 1.799999999999999864e-02 6.000000000000000125e-03
2.036667468020924687e+01 2.400000000000000050e-02 6.928203230275508696e-03
2.038012292915255941e+01 1.400000000000000029e-02 5.291502622129181516e-03
2.039357117809586839e+01 3.799999999999999906e-02 8.717797887081348701e-03
2.040701942703918093e+01 2.199999999999999872e-02 6.633249580710799675e-03
2.042046767598249346e+01 1.799999999999999864e-02 6.000000000000000125e-03
2.043391592492580600e+01 2.000000000000000042e-02 6.324555320336758789e-03
2.044736417386911853e+01 1.600000000000000033e-02 5.656854249492380970e-03
2.046081242281243107e+01 1.200000000000000025e-02 4.898979485566355707e-03
2.047426067175574005e+01 2.199999999999999872e-02 6.633249580710799675e-03
2.048770892069905258e+01 1.400000000000000029e-02 5.291502622129181516e-03
2.050115716964236512e+01 2.800000000000000058e-02 7.483314773547882458e-03
2.051460541858567765e+01 1.200000000000000025e-02 4.898979485566355707e-03
2.052805366752899019e+01 2.199999999999999872e-02 6.633249580710799675e-03
2.054150191647229917e+01 2.199999999999999872e-02 6.633249580710799675e-03
2.055495016541561171e+01 2.199999999999999872e-02 6.633249580710799675e-03
2.056839841435892424e+01 1.799999999999999864e-02 6.000000000000000125e-03
2.058184666330223678e+01 6.000000000000000125e-03 3.464101615137754348e-03
2.059529491224554931e+01 2.999999999999999889e-02 7.745966692414833765e-03
2.060874316118886185e+01 1.400000000000000029e-02 5.291502622129181516e-03
2.062219141013217083e+01 2.800000000000000058e-02 7.483314773547882458e-03
2.063563965907548337e+01 1.600000000000000033e-02 5.656854249492380970e-03
2.064908790801879590e+01 2.199999999999999872e-02 6.633249580710799675e-03
2.066253615696210844e+01 1.200000000000000025e-02 4.898979485566355707e-03
2.067598440590542097e+01 2.199999999999999872e-02 6.633249580710799675e-03
2.068943265484873351e+01 2.000000000000000042e-02 6.324555320336758789e-03
2.070288090379204249e+01 1.000000000000000021e-02 4.472135954999579763e-03
2.071632915273535502e+01 2.000000000000000042e-02 6.324555320336758789e-03
2.072977740167866756e+01 1.799999999999999864e-02 6.000000000000000125e-03
2.074322565062198009e+01 2.000000000000000042e-02 6.324555320336758789e-03
2.075667389956529263e+01 1.600000000000000033e-02 5.656854249492380970e-03
2.077012214850860161e+01 1.600000000000000033e-02 5.656854249492380970e-03
2.078357039745191415e+01 1.600000000000000033e-02 5.656854249492380970e-03
2.079701864639522668e+01 1.200000000000000025e-02 4.898979485566355707e-03
2.081046689533853922e+01 2.199999999999999872e-02 6.633249580710799675e-03
2.082391514428185175e+01 2.199999999999999872e-02 6.633249580710799675e-03
2.083736339322516429e+01 1.799999999999999864e-02 6.000000000000000125e-03
2.085081164216847327e+01 2.000000000000000042e-03 2.000000000000000042e-03
2.086425989111178581e+01 1.200000000000000025e-02 4.898979485566355707e-03
2.087770814005509834e+01 2.000000000000000042e-02 6.324555320336758789e-03
2.089115638899841088e+01 1.600000000000000033e-02 5.656854249492380970e-03
2.090460463794172341e+01 2.000000000000000042e-02 6.324555320336758789e-03
2.091805288688503595e+01 1.200000000000000025e-02 4.898979485566355707e-03
2.093150113582834493e+01 1.600000000000000033e-02 5.656854249492380970e-03
2.094494938477165746e+01 1.799999999999999864e-02 6.000000000000000125e-03
2.095839763371497000e+01 2.199999999999999872e-02 6.633249580710799675e-03
2.097184588265828253e+01 2.000000000000000042e-02 6.324555320336758789e-03
2.098529413160159507e+01 1.200000000000000025e-02 4.898979485566355707e-03
2.099874238054490405e+01 1.799999999999999864e-02 6.000000000000000125e-03
2.101219062948821659e+01 1.799999999999999864e-02 6.000000000000000125e-03
2.102563887843152912e+01 1.000000000000000021e-02 4.472135954999579763e-03
2.103908712737484166e+01 2.000000000000000042e-02 6.324555320336758789e-03
2.105253537631815419e+01 1.000000000000000021e-02 4.472135954999579763e-03
2.106598362526146673e+01 1.799999999999999864e-02 6.000000000000000125e-03
2.107943187420477571e+01 1.400000000000000029e-02 5.291502622129181516e-03
2.109288012314808824e+01 1.600000000000000033e-02 5.656854249492380970e-03
2.110632837209140078e+01 2.000000000000000042e-02 6.324555320336758789e-03
2.111977662103471332e+01 1.000000000000000021e-02 4.472135954999579763e-03
2.113322486997802585e+01 1.799999999999999864e-02 6.000000000000000125e-03
2.114667311892133839e+01 1.799999999999999864e-02 6.000000000000000125e-03
2.116012136786464737e+01 8.000000000000000167e-03 4.000000000000000083e-03
2.117356961680795990e+01 1.400000000000000029e-02 5.291502622129181516e-03
2.118701786575127244e+01 2.999999999999999889e-02 7.745966692414833765e-03
2.120046611469458497e+01 1.600000000000000033e-02 5.656854249492380970e-03
2.121391436363789751e+01 8.000000000000000167e-03 4.000000000000000083e-03
2.122736261258121004e+01 1.799999999999999864e-02 6.000000000000000125e-03
2.124081086152451903e+01 1.400000000000000029e-02 5.291502622129181516e-03
2.125425911046783156e+01 1.000000000000000021e-02 4.472135954999579763e-03
2.126770735941114410e+01 1.000000000000000021e-02 4.472135954999579763e-03
2.128115560835445663e+01 1.799999999999999864e-02 6.000000000000000125e-03
2.129460385729776917e+01 1.600000000000000033e-02 5.656854249492380970e-03
2.130805210624107815e+01 8.000000000000000167e-03 4.000000000000000083e-03
2.132150035518439068e+01 1.600000000000000033e-02 5.656854249492380970e-03
2.133494860412770322e+01 1.600000000000000033e-02 5.656854249492380970e-03
2.134839685307101576e+01 1.000000000000000021e-02 4.472135954999579763e-03
2.136184510201432829e+01 1.200000000000000025e-02 4.898979485566355707e-03
2.137529335095764083e+01 1.200000000000000025e-02 4.898979485566355707e-03
2.138874159990094981e+01 2.000000000000000042e-02 6.324555320336758789e-03
2.140218984884426234e+01 1.799999999999999864e-02 6.000000000000000125e-03
2.141563809778757488e+01 1.400000000000000029e-02 5.291502622129181516e-03
2.142908634673088741e+01 1.400000000000000029e-02 5.291502622129181516e-03
2.144253459567419995e+01 2.800000000000000058e-02 7.483314773547882458e-03
2.145598284461751248e+01 1.400000000000000029e-02 5.291502622129181516e-03
2.146943109356082147e+01 1.799999999999999864e-02 6.000000000000000125e-03
2.148287934250413400e+01 1.200000000000000025e-02 4.898979485566355707e-03
2.149632759144744654e+01 8.000000000000000167e-03 4.000000000000000083e-03
2.150977584039075907e+01 8.000000000000000167e-03 4.000000000000000083e-03
2.152322408933407161e+01 2.000000000000000042e-02 6.324555320336758789e-03
2.153667233827738059e+01 6.000000000000000125e-03 3.464101615137754348e-03
2.155012058722069312e+01 1.200000000000000025e-02 4.898979485566355707e-03
2.156356883616400566e+01 2.400000000000000050e-02 6.928203230275508696e-03
2.157701708510731820e+01 1.600000000000000033e-02 5.656854249492380970e-03
2.159046533405063073e+01 1.600000000000000033e-02 5.656854249492380970e-03
2.160391358299394327e+01 8.000000000000000167e-03 4.000000000000000083e-03
2.161736183193725225e+01 2.000000000000000042e-02 6.324555320336758789e-03
2.163081008088056478e+01 8.000000000000000167e-03 4.000000000000000083e-03
2.164425832982387732e+01 2.199999999999999872e-02 6.633249580710799675e-03
2.165770657876718985e+01 6.000000000000000125e-03 3.464101615137754348e-03
2.167115482771050239e+01 1.000000000000000021e-02 4.472135954999579763e-03
2.168460307665381492e+01 6.000000000000000125e-03 3.464101615137754348e-03
2.169805132559712391e+01 1.200000000000000025e-02 4.898979485566355707e-03
2.171149957454043644e+01 2.599999999999999881e-02 7.211102550927978201e-03
2.172494782348374898e+01 1.600000000000000033e-02 5.656854249492380970e-03
2.173839607242706151e+01 1.000000000000000021e-02 4.472135954999579763e-03
2.175184432137037405e+01 8.000000000000000167e-03 4.000000000000000083e-03
2.176529257031368303e+01 1.799999999999999864e-02 6.000000000000000125e-03
2.177874081925699556e+01 1.600000000000000033e-02 5.656854249492380970e-03
2.179218906820030810e+01 8.000000000000000167e-03 4.000000000000000083e-03
2.180563731714362063e+01 1.799999999999999864e-02 6.000000000000000125e-03
2.181908556608693317e+01 1.600000000000000033e-02 5.656854249492380970e-03
2.183253381503024571e+01 1.400000000000000029e-02 5.291502622129181516e-03
2.184598206397355469e+01 1.000000000000000021e-02 4.472135954999579763e-03
2.185943031291686722e+01 8.000000000000000167e-03 4.000000000000000083e-03
2.187287856186017976e+01 6.000000000000000125e-03 3.464101615137754348e-03
2.188632681080349229e+01 1.200000000000000025e-02 4.898979485566355707e-03
2.189977505974680483e+01 2.599999999999999881e-02 7.211102550927978201e-03
2.191322330869011736e+01 1.200000000000000025e-02 4.898979485566355707e-03
2.192667155763342635e+01 1.400000000000000029e-02 5.291502622129181516e-03
2.194011980657673888e+01 1.799999999999999864e-02 6.000000000000000125e-03
2.195356805552005142e+01 8.000000000000000167e-03 4.000000000000000083e-03
2.196701630446336395e+01 1.799999999999999864e-02 6.000000000000000125e-03
2.198046455340667649e+01 1.400000000000000029e-02 5.291502622129181516e-03
2.199391280234998547e+01 2.000000000000000042e-02 6.324555320336758789e-03
2.200736105129329800e+01 1.400000000000000029e-02 5.291502622129181516e-03
2.202080930023661054e+01 1.000000000000000021e-02 4.472135954999579763e-03
2.203425754917992307e+01 1.200000000000000025e-02 4.898979485566355707e-03
2.204770579812323561e+01 1.600000000000000033e-02 5.656854249492380970e-03
2.206115404706654815e+01 2.000000000000000042e-03 2.000000000000000042e-03
2.207460229600985713e+01 1.799999999999999864e-02 6.000000000000000125e-03
2.208805054495316966e+01 1.600000000000000033e-02 5.656854249492380970e-03
2.210149879389648220e+01 4.000000000000000083e-03 2.828427124746190485e-03
2.211494704283979473e+01 2.000000000000000042e-03 2.000000000000000042e-03
2.212839529178310727e+01 1.200000000000000025e-02 4.898979485566355707e-03
2.214184354072641980e+01 6.000000000000000125e-03 3.464101615137754348e-03
2.215529178966972879e+01 1.400000000000000029e-02 5.291502622129181516e-03
2.216874003861304132e+01 8.000000000000000167e-03 4.000000000000000083e-03
2.218218828755635386e+01 1.400000000000000029e-02 5.291502622129181516e-03
2.219563653649966639e+01 1.000000000000000021e-02 4.472135954999579763e-03
2.220908478544297893e+01 1.799999999999999864e-02 6.000000000000000125e-03
2.222253303438628791e+01 1.000000000000000021e-02 4.472135954999579763e-03
2.223598128332960044e+01 1.400000000000000029e-02 5.291502622129181516e-03
2.224942953227291298e+01 1.400000000000000029e-02 5.291502622129181516e-03
2.226287778121622551e+01 1.400000000000000029e-02 5.291502622129181516e-03
2.227632603015953805e+01 1.400000000000000029e-02 5.291502622129181516e-03
2.228977427910285058e+01 1.400000000000000029e-02 5.291502622129181516e-03
2.230322252804615957e+01 8.000000000000000167e-03 4.000000000000000083e-03
2.231667077698947210e+01 6.000000000000000125e-03 3.464101615137754348e-03
2.233011902593278464e+01 6.000000000000000125e-03 3.464101615137754348e-03
2.234356727487609717e+01 2.000000000000000042e-02 6.324555320336758789e-03
2.235701552381940971e+01 8.000000000000000167e-03 4.000000000000000083e-03
2.237046377276272224e+01 4.000000000000000083e-03 2.828427124746190485e-03
2.238391202170603123e+01 1.400000000000000029e-02 5.291502622129181516e-03
2.239736027064934376e+01 6.000000000000000125e-03 3.464101615137754348e-03
2.241080851959265630e+01 8.000000000000000167e-03 4.000000000000000083e-03
2.242425676853596883e+01 8.000000000000000167e-03 4.000000000000000083e-03
2.243770501747928137e+01 1.600000000000000033e-02 5.656854249492380970e-03
2.245115326642259035e+01 1.000000000000000021e-02 4.472135954999579763e-03
2.246460151536590288e+01 1.200000000000000025e-02 4.898979485566355707e-03
2.247804976430921542e+01 1.000000000000000021e-02 4.472135954999579763e-03
2.249149801325252795e+01 1.200000000000000025e-02 4.898979485566355707e-03
2.250494626219584049e+01 1.400000000000000029e-02 5.291502622129181516e-03
2.251839451113915302e+01 1.000000000000000021e-02 4.472135954999579763e-03
2.253184276008246201e+01 1.400000000000000029e-02 5.291502622129181516e-03
2.254529100902577454e+01 4.000000000000000083e-03 2.828427124746190485e-03
2.255873925796908708e+01 8.000000000000000167e-03 4.000000000000000083e-03
2.257218750691239961e+01 1.400000000000000029e-02 5.291502622129181516e-03
2.258563575585571215e+01 8.000000000000000167e-03 4.000000000000000083e-03
2.259908400479902468e+01 8.000000000000000167e-03 4.000000000000000083e-03
2.261253225374233367e+01 6.000000000000000125e-03 3.464101615137754348e-03
2.262598050268564620e+01 8.000000000000000167e-03 4.000000000000000083e-03
2.263942875162895874e+01 6.000000000000000125e-03 3.464101615137754348e-03
2.265287700057227127e+01 1.799999999999999864e-02 6.000000000000000125e-03
2.266632524951558381e+01 1.200000000000000025e-02 4.898979485566355707e-03
2.267977349845889279e+01 1.000000000000000021e-02 4.472135954999579763e-03
2.269322174740220532e+01 1.799999999999999864e-02 6.000000000000000125e-03
2.270666999634551786e+01 8.000000000000000167e-03 4.000000000000000083e-03
2.272011824528883039e+01 1.400000000000000029e-02 5.291502622129181516e-03
2.273356649423214293e+01 1.200000000000000025e-02 4.898979485566355707e-03
2.274701474317545546e+01 1.000000000000000021e-02 4.472135954999579763e-03
2.276046299211876445e+01 1.400000000000000029e-02 5.291502622129181516e-03
2.277391124106207698e+01 1.200000000000000025e-02 4.898979485566355707e-03
2.278735949000538952e+01 1.000000000000000021e-02 4.472135954999579763e-03
2.280080773894870205e+01 8.000000000000000167e-03 4.000000000000000083e-03
2.281425598789201459e+01 4.000000000000000083e-03 2.828427124746190485e-03
2.282770423683532712e+01 6.000000000000000125e-03 3.464101615137754348e-03
2.284115248577863611e+01 1.400000000000000029e-02 5.291502622129181516e-03
2.285460073472194864e+01 8.000000000000000167e-03 4.000000000000000083e-03
2.286804898366526118e+01 1.000000000000000021e-02 4.472135954999579763e-03
2.288149723260857371e+01 6.000000000000000125e-03 3.464101615137754348e-03
2.289494548155188625e+01 1.000000000000000021e-02 4.472135954999579763e-03
2.290839373049519523e+01 1.799999999999999864e-02 6.000000000000000125e-03
2.292184197943850776e+01 1.000000000000000021e-02 4.472135954999579763e-03
2.293529022838182030e+01 2.000000000000000042e-03 2.000000000000000042e-03
2.294873847732513283e+01 1.400000000000000029e-02 5.291502622129181516e-03
2.296218672626844537e+01 4.000000000000000083e-03 2.828427124746190485e-03
2.297563497521175790e+01 8.000000000000000167e-03 4.000000000000000083e-03
2.298908322415506689e+01 6.000000000000000125e-03 3.464101615137754348e-03
2.300253147309837942e+01 1.400000000000000029e-02 5.291502622129181516e-03
2.301597972204169196e+01 6.000000000000000125e-03 3.464101615137754348e-03
2.302942797098500449e+01 4.000000000000000083e-03 2.828427124746190485e-03
2.304287621992831703e+01 2.000000000000000042e-03 2.000000000000000042e-03
2.305632446887162956e+01 1.200000000000000025e-02 4.898979485566355707e-03
2.306977271781493855e+01 4.000000000000000083e-03 2.828427124746190485e-03
2.308322096675825108e+01 1.000000000000000021e-02 4.472135954999579763e-03
2.309666921570156362e+01 6.000000000000000125e-03 3.464101615137754348e-03
2.311011746464487615e+01 1.200000000000000025e-02 4.898979485566355707e-03
2.312356571358818869e+01 1.400000000000000029e-02 5.291502622129181516e-03
2.313701396253149767e+01 6.000000000000000125e-03 3.464101615137754348e-03
2.315046221147481020e+01 1.000000000000000021e-02 4.472135954999579763e-03
2.316391046041812274e+01 1.000000000000000021e-02 4.472135954999579763e-03
2.317735870936143527e+01 6.000000000000000125e-03 3.464101615137754348e-03
2.319080695830474781e+01 1.000000000000000021e-02 4.472135954999579763e-03
2.320425520724806034e+01 8.000000000000000167e-03 4.000000000000000083e-03
2.321770345619136933e+01 1.000000000000000021e-02 4.472135954999579763e-03
2.323115170513468186e+01 4.000000000000000083e-03 2.828427124746190485e-03
2.324459995407799440e+01 0.000000000000000000e+00 0.000000000000000000e+00
2.325804820302130693e+01 4.000000000000000083e-03 2.828427124746190485e-03
2.327149645196461947e+01 2.000000000000000042e-03 2.000000000000000042e-03
2.328494470090793200e+01 4.000000000000000083e-03 2.828427124746190485e-03
2.329839294985124099e+01 6.000000000000000125e-03 3.464101615137754348e-03
2.331184119879455352e+01 6.000000000000000125e-03 3.464101615137754348e-03
2.332528944773786606e+01 2.000000000000000042e-03 2.000000000000000042e-03
2.333873769668117859e+01 2.000000000000000042e-03 2.000000000000000042e-03
2.335218594562449113e+01 2.000000000000000042e-03 2.000000000000000042e-03
2.336563419456780011e+01 6.000000000000000125e-03 3.464101615137754348e-03
2.337908244351111264e+01 6.000000000000000125e-03 3.464101615137754348e-03
2.339253069245442518e+01 1.000000000000000021e-02 4.472135954999579763e-03
2.340597894139773771e+01 8.000000000000000167e-03 4.000000000000000083e-03
2.341942719034105025e+01 8.000000000000000167e-03 4.000000000000000083e-03
2.343287543928436278e+01 1.000000000000000021e-02 4.472135954999579763e-03
2.344632368822767177e+01 4.000000000000000083e-03 2.828427124746190485e-03
2.345977193717098430e+01 1.200000000000000025e-02 4.898979485566355707e-03
2.347322018611429684e+01 8.000000000000000167e-03 4.000000000000000083e-03
2.348666843505760937e+01 2.000000000000000042e-03 2.000000000000000042e-03
2.350011668400092191e+01 4.000000000000000083e-03 2.828427124746190485e-03
2.351356493294423444e+01 1.200000000000000025e-02 4.898979485566355707e-03
2.352701318188754342e+01 1.200000000000000025e-02 4.898979485566355707e-03
2.354046143083085596e+01 1.000000000000000021e-02 4.472135954999579763e-03
2.355390967977416850e+01 2.000000000000000042e-03 2.000000000000000042e-03
2.356735792871748103e+01 6.000000000000000125e-03 3.464101615137754348e-03
2.358080617766079357e+01 6.000000000000000125e-03 3.464101615137754348e-03
2.359425442660410255e+01 8.000000000000000167e-03 4.000000000000000083e-03
2.360770267554741508e+01 8.000000000000000167e-03 4.000000000000000083e-03
2.362115092449072762e+01 2.000000000000000042e-03 2.000000000000000042e-03
2.363459917343404015e+01 2.000000000000000042e-03 2.000000000000000042e-03
2.364804742237735269e+01 8.000000000000000167e-03 4.000000000000000083e-03
2.366149567132066522e+01 6.000000000000000125e-03 3.464101615137754348e-03
2.367494392026397421e+01 6.000000000000000125e-03 3.464101615137754348e-03
2.368839216920728674e+01 4.000000000000000083e-03 2.828427124746190485e-03
2.370184041815059928e+01 0.000000000000000000e+00 0.000000000000000000e+00
2.371528866709391181e+01 1.200000000000000025e-02 4.898979485566355707e-03
2.372873691603722435e+01 6.000000000000000125e-03 3.464101615137754348e-03
2.374218516498053688e+01 0.000000000000000000e+00 0.000000000000000000e+00
2.375563341392384586e+01 1.200000000000000025e-02 4.898979485566355707e-03
2.376908166286715840e+01 6.000000000000000125e-03 3.464101615137754348e-03
2.378252991181047094e+01 2.000000000000000042e-03 2.000000000000000042e-03
2.379597816075378347e+01 6.000000000000000125e-03 3.464101615137754348e-03
2.380942640969709601e+01 4.000000000000000083e-03 2.828427124746190485e-03
2.382287465864040499e+01 2.000000000000000042e-03 2.000000000000000042e-03
2.383632290758371752e+01 6.000000000000000125e-03 3.464101615137754348e-03
2.384977115652703006e+01 1.000000000000000021e-02 4.472135954999579763e-03
2.386321940547034259e+01 4.000000000000000083e-03 2.828427124746190485e-03
2.387666765441365513e+01 8.000000000000000167e-03 4.000000000000000083e-03
2.389011590335696766e+01 1.000000000000000021e-02 4.472135954999579763e-03
2.390356415230027665e+01 4.000000000000000083e-03 2.828427124746190485e-03
2.391701240124358918e+01 4.000000000000000083e-03 2.828427124746190485e-03
2.393046065018690172e+01 1.200000000000000025e-02 4.898979485566355707e-03
2.394390889913021425e+01 8.000000000000000167e-03 4.000000000000000083e-03
2.395735714807352679e+01 1.200000000000000025e-02 4.898979485566355707e-03
2.397080539701683932e+01 0.000000000000000000e+00 0.000000000000000000e+00
2.398425364596014830e+01 8.000000000000000167e-03 4.000000000000000083e-03
2.399770189490346084e+01 4.000000000000000083e-03 2.828427124746190485e-03
2.401115014384677337e+01 8.000000000000000167e-03 4.000000000000000083e-03
2.402459839279008591e+01 0.000000000000000000e+00 0.000000000000000000e+00
2.403804664173339845e+01 1.000000000000000021e-02 4.472135954999579763e-03
2.405149489067670743e+01 0.000000000000000000e+00 0.000000000000000000e+00
2.406494313962001996e+01 8.000000000000000167e-03 4.000000000000000083e-03
2.407839138856333250e+01 6.000000000000000125e-03 3.464101615137754348e-03
2.409183963750664503e+01 2.000000000000000042e-03 2.000000000000000042e-03
2.410528788644995757e+01 2.000000000000000042e-03 2.000000000000000042e-03
2.411873613539327010e+01 8.000000000000000167e-03 4.000000000000000083e-03
2.413218438433657909e+01 8.000000000000000167e-03 4.000000000000000083e-03
2.414563263327989162e+01 6.000000000000000125e-03 3.464101615137754348e-03
2.415908088222320416e+01 2.000000000000000042e-03 2.000000000000000042e-03
2.417252913116651669e+01 4.000000000000000083e-03 2.828427124746190485e-03
2.418597738010982923e+01 4.000000000000000083e-03 2.828427124746190485e-03
2.419942562905314176e+01 2.000000000000000042e-03 2.000000000000000042e-03
2.421287387799645074e+01 1.400000000000000029e-02 5.291502622129181516e-03
2.422632212693976328e+01 2.000000000000000042e-03 2.000000000000000042e-03
2.423977037588307581e+01 8.000000000000000167e-03 4.000000000000000083e-03
2.425321862482638835e+01 1.000000000000000021e-02 4.472135954999579763e-03
2.426666687376970089e+01 0.000000000000000000e+00 0.000000000000000000e+00
2.428011512271300987e+01 6.000000000000000125e-03 3.464101615137754348e-03
2.429356337165632240e+01 6.000000000000000125e-03 3.464101615137754348e-03
2.430701162059963494e+01 4.000000000000000083e-03 2.828427124746190485e-03
2.432045986954294747e+01 2.000000000000000042e-03 2.000000000000000042e-03
2.433390811848626001e+01 4.000000000000000083e-03 2.828427124746190485e-03
2.434735636742957254e+01 2.000000000000000042e-03 2.000000000000000042e-03
2.436080461637288153e+01 8.000000000000000167e-03 4.000000000000000083e-03
2.437425286531619406e+01 4.000000000000000083e-03 2.828427124746190485e-03
2.438770111425950660e+01 6.000000000000000125e-03 3.464101615137754348e-03
2.440114936320281913e+01 0.000000000000000000e+00 0.000000000000000000e+00
2.441459761214613167e+01 2.000000000000000042e-03 2.000000000000000042e-03
2.442804586108944420e+01 8.000000000000000167e-03 4.000000000000000083e-03
2.444149411003275318e+01 1.000000000000000021e-02 4.472135954999579763e-03
2.445494235897606572e+01 4.000000000000000083e-03 2.828427124746190485e-03
2.446839060791937825e+01 1.000000000000000021e-02 4.472135954999579763e-03
2.448183885686269079e+01 2.000000000000000042e-03 2.000000000000000042e-03
2.449528710580600332e+01 6.000000000000000125e-03 3.464101615137754348e-03
2.450873535474931231e+01 6.000000000000000125e-03 3.464101615137754348e-03
2.452218360369262484e+01 6.000000000000000125e-03 3.464101615137754348e-03
2.453563185263593738e+01 2.000000000000000042e-03 2.000000000000000042e-03
2.454908010157924991e+01 4.000000000000000083e-03 2.828427124746190485e-03
2.456252835052256245e+01 2.000000000000000042e-03 2.000000000000000042e-03
2.457597659946587498e+01 2.000000000000000042e-03 2.000000000000000042e-03
2.458942484840918397e+01 8.000000000000000167e-03 4.000000000000000083e-03
2.460287309735249650e+01 0.000000000000000000e+00 0.000000000000000000e+00
2.461632134629580904e+01 4.000000000000000083e-03 2.828427124746190485e-03
2.462976959523912157e+01 4.000000000000000083e-03 2.828427124746190485e-03
2.464321784418243411e+01 0.000000000000000000e+00 0.000000000000000000e+00
2.465666609312574664e+01 4.000000000000000083e-03 2.828427124746190485e-03
2.467011434206905562e+01 0.000000000000000000e+00 0.000000000000000000e+00
2.468356259101236816e+01 8.000000000000000167e-03 4.000000000000000083e-03
2.469701083995568069e+01 6.000000000000000125e-03 3.464101615137754348e-03
2.471045908889899323e+01 0.000000000000000000e+00 0.000000000000000000e+00
2.472390733784230576e+01 6.000000000000000125e-03 3.464101615137754348e-03
2.473735558678561475e+01 1.000000000000000021e-02 4.472135954999579763e-03
2.475080383572892728e+01 0.000000000000000000e+00 0.000000000000000000e+00
2.476425208467223982e+01 0.000000000000000000e+00 0.000000000000000000e+00
2.477770033361555235e+01 2.000000000000000042e-03 2.000000000000000042e-03
2.479114858255886489e+01 2.000000000000000042e-03 2.000000000000000042e-03
2.480459683150217742e+01 2.000000000000000042e-03 2.000000000000000042e-03
2.481804508044548641e+01 0.000000000000000000e+00 0.000000000000000000e+00
2.483149332938879894e+01 4.000000000000000083e-03 2.828427124746190485e-03
2.484494157833211148e+01 2.000000000000000042e-03 2.000000000000000042e-03
2.485838982727542401e+01 8.000000000000000167e-03 4.000000000000000083e-03
2.487183807621873655e+01 4.000000000000000083e-03 2.828427124746190485e-03
2.488528632516204908e+01 2.000000000000000042e-03 2.000000000000000042e-03
2.489873457410535806e+01 6.000000000000000125e-03 3.464101615137754348e-03
2.491218282304867060e+01 2.000000000000000042e-03 2.000000000000000042e-03
2.492563107199198313e+01 6.000000000000000125e-03 3.464101615137754348e-03
2.493907932093529567e+01 4.000000000000000083e-03 2.828427124746190485e-03
2.495252756987860820e+01 0.000000000000000000e+00 0.000000000000000000e+00
2.496597581882191719e+01 2.000000000000000042e-03 2.000000000000000042e-03
2.497942406776522972e+01 2.000000000000000042e-03 2.000000000000000042e-03
2.499287231670854226e+01 4.000000000000000083e-03 2.828427124746190485e-03
2.500632056565185479e+01 4.000000000000000083e-03 2.828427124746190485e-03
2.501976881459516733e+01 4.000000000000000083e-03 2.828427124746190485e-03
2.503321706353847986e+01 2.000000000000000042e-03 2.000000000000000042e-03
2.504666531248178885e+01 4.000000000000000083e-03 2.828427124746190485e-03
2.506011356142510138e+01 2.000000000000000042e-03 2.000000000000000042e-03
2.507356181036841392e+01 2.000000000000000042e-03 2.000000000000000042e-03
2.508701005931172645e+01 2.000000000000000042e-03 2.000000000000000042e-03
2.510045830825503899e+01 0.000000000000000000e+00 0.000000000000000000e+00
2.511390655719835152e+01 0.000000000000000000e+00 0.000000000000000000e+00
2.512735480614166050e+01 2.000000000000000042e-03 2.000000000000000042e-03
2.514080305508497304e+01 6.000000000000000125e-03 3.464101615137754348e-03
2.515425130402828557e+01 0.000000000000000000e+00 0.000000000000000000e+00
2.516769955297159811e+01 4.000000000000000083e-03 2.828427124746190485e-03
2.518114780191491064e+01 0.000000000000000000e+00 0.000000000000000000e+00
2.519459605085821963e+01 8.000000000000000167e-03 4.000000000000000083e-03
2.520804429980153216e+01 4.000000000000000083e-03 2.828427124746190485e-03
2.522149254874484470e+01 0.000000000000000000e+00 0.000000000000000000e+00
2.523494079768815723e+01 0.000000000000000000e+00 0.000000000000000000e+00
2.524838904663146977e+01 0.000000000000000000e+00 0.000000000000000000e+00
2.526183729557478230e+01 0.000000000000000000e+00 0.000000000000000000e+00
2.527528554451809129e+01 0.000000000000000000e+00 0.000000000000000000e+00
2.528873379346140382e+01 2.000000000000000042e-03 2.000000000000000042e-03
2.530218204240471636e+01 0.000000000000000000e+00 0.000000000000000000e+00
2.531563029134802889e+01 4.000000000000000083e-03 2.828427124746190485e-03
2.532907854029134143e+01 2.000000000000000042e-03 2.000000000000000042e-03
2.534252678923465396e+01 2.000000000000000042e-03 2.000000000000000042e-03
2.535597503817796294e+01 2.000000000000000042e-03 2.000000000000000042e-03
2.536942328712127548e+01 0.000000000000000000e+00 0.000000000000000000e+00
2.538287153606458801e+01 4.000000000000000083e-03 2.828427124746190485e-03
2.539631978500790055e+01 0.000000000000000000e+00 0.000000000000000000e+00
2.540976803395121308e+01 0.000000000000000000e+00 0.000000000000000000e+00
2.542321628289452207e+01 0.000000000000000000e+00 0.000000000000000000e+00
2.543666453183783460e+01 2.000000000000000042e-03 2.000000000000000042e-03
2.545011278078114714e+01 2.000000000000000042e-03 2.000000000000000042e-03
2.546356102972445967e+01 0.000000000000000000e+00 0.000000000000000000e+00
2.547700927866777221e+01 0.000000000000000000e+00 0.000000000000000000e+00
2.549045752761108474e+01 6.000000000000000125e-03 3.464101615137754348e-03
2.550390577655439373e+01 4.000000000000000083e-03 2.828427124746190485e-03
2.551735402549770626e+01 6.000000000000000125e-03 3.464101615137754348e-03
2.553080227444101880e+01 4.000000000000000083e-03 2.828427124746190485e-03
2.554425052338433133e+01 4.000000000000000083e-03 2.828427124746190485e-03
2.555769877232764387e+01 2.000000000000000042e-03 2.000000000000000042e-03
2.557114702127095640e+01 4.000000000000000083e-03 2.828427124746190485e-03
2.558459527021426538e+01 2.000000000000000042e-03 2.000000000000000042e-03
2.559804351915757792e+01 2.000000000000000042e-03 2.000000000000000042e-03
2.561149176810089045e+01 0.000000000000000000e+00 0.000000000000000000e+00
2.562494001704420299e+01 0.000000000000000000e+00 0.000000000000000000e+00
2.563838826598751552e+01 2.000000000000000042e-03 2.000000000000000042e-03
2.565183651493082451e+01 4.000000000000000083e-03 2.828427124746190485e-03
2.566528476387413704e+01 0.000000000000000000e+00 0.000000000000000000e+00
2.567873301281744958e+01 2.000000000000000042e-03 2.000000000000000042e-03
2.569218126176076211e+01 0.000000000000000000e+00 0.000000000000000000e+00
2.570562951070407465e+01 0.000000000000000000e+00 0.000000000000000000e+00
2.571907775964738718e+01 4.000000000000000083e-03 2.828427124746190485e-03
2.573252600859069616e+01 0.000000000000000000e+00 0.000000000000000000e+00
2.574597425753400870e+01 2.000000000000000042e-03 2.000000000000000042e-03
2.575942250647732124e+01 4.000000000000000083e-03 2.828427124746190485e-03
2.577287075542063377e+01 2.000000000000000042e-03 2.000000000000000042e-03
2.578631900436394631e+01 0.000000000000000000e+00 0.000000000000000000e+00
2.579976725330725884e+01 2.000000000000000042e-03 2.000000000000000042e-03
2.581321550225056782e+01 2.000000000000000042e-03 2.000000000000000042e-03
2.582666375119388036e+01 0.000000000000000000e+00 0.000000000000000000e+00
2.584011200013719289e+01 2.000000000000000042e-03 2.000000000000000042e-03
2.585356024908050543e+01 2.000000000000000042e-03 2.000000000000000042e-03
2.586700849802381796e+01 0.000000000000000000e+00 0.000000000000000000e+00
2.588045674696712695e+01 0.000000000000000000e+00 0.000000000000000000e+00
2.589390499591043948e+01 0.000000000000000000e+00 0.000000000000000000e+00
2.590735324485375202e+01 0.000000000000000000e+00 0.000000000000000000e+00
2.592080149379706455e+01 0.000000000000000000e+00 0.000000000000000000e+00
2.593424974274037709e+01 0.000000000000000000e+00 0.000000000000000000e+00
2.594769799168368962e+01 0.000000000000000000e+00 0.000000000000000000e+00
2.596114624062699860e+01 2.000000000000000042e-03 2.000000000000000042e-03
2.597459448957031114e+01 2.000000000000000042e-03 2.000000000000000042e-03
2.598804273851362368e+01 2.000000000000000042e-03 2.000000000000000042e-03
2.600149098745693621e+01 2.000000000000000042e-03 2.000000000000000042e-03
2.601493923640024875e+01 2.000000000000000042e-03 2.000000000000000042e-03
2.602838748534356128e+01 2.000000000000000042e-03 2.000000000000000042e-03
2.604183573428687026e+01 2.000000000000000042e-03 2.000000000000000042e-03
2.605528398323018280e+01 2.000000000000000042e-03 2.000000000000000042e-03
2.606873223217349533e+01 0.000000000000000000e+00 0.000000000000000000e+00
2.608218048111680787e+01 0.000000000000000000e+00 0.000000000000000000e+00
2.609562873006012040e+01 0.000000000000000000e+00 0.000000000000000000e+00
2.610907697900342939e+01 4.000000000000000083e-03 2.828427124746190485e-03
2.612252522794674192e+01 2.000000000000000042e-03 2.000000000000000042e-03
2.613597347689005446e+01 2.000000000000000042e-03 2.000000000000000042e-03
2.614942172583336699e+01 0.000000000000000000e+00 0.000000000000000000e+00
2.616286997477667953e+01 0.000000000000000000e+00 0.000000000000000000e+00
2.617631822371999206e+01 6.000000000000000125e-03 3.464101615137754348e-03
2.618976647266330104e+01 0.000000000000000000e+00 0.000000000000000000e+00
2.620321472160661358e+01 4.000000000000000083e-03 2.828427124746190485e-03
2.621666297054992611e+01 2.000000000000000042e-03 2.000000000000000042e-03
2.623011121949323865e+01 0.000000000000000000e+00 0.000000000000000000e+00
2.624355946843655119e+01 0.000000000000000000e+00 0.000000000000000000e+00
2.625700771737986372e+01 0.000000000000000000e+00 0.000000000000000000e+00
2.627045596632317270e+01 2.000000000000000042e-03 2.000000000000000042e-03
2.628390421526648524e+01 0.000000000000000000e+00 0.000000000000000000e+00
2.629735246420979777e+01 0.000000000000000000e+00 0.000000000000000000e+00
2.631080071315311031e+01 0.000000000000000000e+00 0.000000000000000000e+00
2.632424896209642284e+01 0.000000000000000000e+00 0.000000000000000000e+00
2.633769721103973183e+01 2.000000000000000042e-03 2.000000000000000042e-03
2.635114545998304436e+01 0.000000000000000000e+00 0.000000000000000000e+00
2.636459370892635690e+01 0.000000000000000000e+00 0.000000000000000000e+00
2.637804195786966943e+01 0.000000000000000000e+00 0.000000000000000000e+00
2.639149020681298197e+01 2.000000000000000042e-03 2.000000000000000042e-03
2.640493845575629450e+01 2.000000000000000042e-03 2.000000000000000042e-03
2.641838670469960348e+01 0.000000000000000000e+00 0.000000000000000000e+00
2.643183495364291602e+01 4.000000000000000083e-03 2.828427124746190485e-03
2.644528320258622855e+01 0.000000000000000000e+00 0.000000000000000000e+00
2.645873145152954109e+01 0.000000000000000000e+00 0.000000000000000000e+00
2.647217970047285363e+01 2.000000000000000042e-03 2.000000000000000042e-03
2.648562794941616616e+01 0.000000000000000000e+00 0.000000000000000000e+00
2.649907619835947514e+01 0.000000000000000000e+00 0.000000000000000000e+00
2.651252444730278768e+01 0.000000000000000000e+00 0.000000000000000000e+00
2.652597269624610021e+01 2.000000000000000042e-03 2.000000000000000042e-03
2.653942094518941275e+01 2.000000000000000042e-03 2.000000000000000042e-03
2.655286919413272528e+01 0.000000000000000000e+00 0.000000000000000000e+00
2.656631744307603427e+01 2.000000000000000042e-03 2.000000000000000042e-03
2.657976569201934680e+01 0.000000000000000000e+00 0.000000000000000000e+00
2.659321394096265934e+01 0.000000000000000000e+00 0.000000000000000000e+00
2.660666218990597187e+01 0.000000000000000000e+00 0.000000000000000000e+00
2.662011043884928441e+01 2.000000000000000042e-03 2.000000000000000042e-03
2.663355868779259694e+01 0.000000000000000000e+00 0.000000000000000000e+00
2.664700693673590592e+01 4.000000000000000083e-03 2.828427124746190485e-03
2.666045518567921846e+01 2.000000000000000042e-03 2.000000000000000042e-03
2.667390343462253099e+01 2.000000000000000042e-03 2.000000000000000042e-03
2.668735168356584353e+01 0.000000000000000000e+00 0.000000000000000000e+00
2.670079993250915606e+01 2.000000000000000042e-03 2.000000000000000042e-03
2.671424818145246860e+01 0.000000000000000000e+00 0.000000000000000000e+00
2.672769643039577758e+01 0.000000000000000000e+00 0.000000000000000000e+00
2.674114467933909012e+01 0.000000000000000000e+00 0.000000000000000000e+00
2.675459292828240265e+01 0.000000000000000000e+00 0.000000000000000000e+00
2.676804117722571519e+01 2.000000000000000042e-03 2.000000000000000042e-03
2.678148942616902772e+01 0.000000000000000000e+00 0.000000000000000000e+00
2.679493767511233671e+01 0.000000000000000000e+00 0.000000000000000000e+00
2.680838592405564924e+01 2.000000000000000042e-03 2.000000000000000042e-03
2.682183417299896178e+01 0.000000000000000000e+00 0.000000000000000000e+00
2.683528242194227431e+01 2.000000000000000042e-03 2.000000000000000042e-03
2.684873067088558685e+01 0.000000000000000000e+00 0.000000000000000000e+00
2.686217891982889938e+01 4.000000000000000083e-03 2.828427124746190485e-03
2.687562716877220836e+01 0.000000000000000000e+00 0.000000000000000000e+00
2.688907541771552090e+01 0.000000000000000000e+00 0.000000000000000000e+00
2.690252366665883343e+01 0.000000000000000000e+00 0.000000000000000000e+00
2.691597191560214597e+01 0.000000000000000000e+00 0.000000000000000000e+00
2.692942016454545850e+01 0.000000000000000000e+00 0.000000000000000000e+00
2.694286841348877104e+01 0.000000000000000000e+00 0.000000000000000000e+00
2.695631666243208002e+01 2.000000000000000042e-03 2.000000000000000042e-03
2.696976491137539256e+01 0.000000000000000000e+00 0.000000000000000000e+00
2.698321316031870509e+01 0.000000000000000000e+00 0.000000000000000000e+00
2.699666140926201763e+01 2.000000000000000042e-03 2.000000000000000042e-03
2.701010965820533016e+01 0.000000000000000000e+00 0.000000000000000000e+00
2.702355790714863915e+01 0.000000000000000000e+00 0.000000000000000000e+00
2.703700615609195168e+01 2.000000000000000042e-03 2.000000000000000042e-03
2.705045440503526422e+01 0.000000000000000000e+00 0.000000000000000000e+00
2.706390265397857675e+01 0.000000000000000000e+00 0.000000000000000000e+00
2.707735090292188929e+01 4.000000000000000083e-03 2.828427124746190485e-03
2.709079915186520182e+01 0.000000000000000000e+00 0.000000000000000000e+00
2.710424740080851080e+01 0.000000000000000000e+00 0.000000000000000000e+00
2.711769564975182334e+01 2.000000000000000042e-03 2.000000000000000042e-03
2.713114389869513587e+01 2.000000000000000042e-03 2.000000000000000042e-03
2.714459214763844841e+01 0.000000000000000000e+00 0.000000000000000000e+00
2.715804039658176094e+01 0.000000000000000000e+00 0.000000000000000000e+00
2.717148864552507348e+01 0.000000000000000000e+00 0.000000000000000000e+00
2.718493689446838246e+01 4.000000000000000083e-03 2.828427124746190485e-03
2.719838514341169500e+01 0.000000000000000000e+00 0.000000000000000000e+00
2.721183339235500753e+01 0.000000000000000000e+00 0.000000000000000000e+00
2.722528164129832007e+01 0.000000000000000000e+00 0.000000000000000000e+00
2.723872989024163260e+01 0.000000000000000000e+00 0.000000000000000000e+00
2.725217813918494159e+01 2.000000000000000042e-03 2.000000000000000042e-03
2.726562638812825412e+01 2.000000000000000042e-03 2.000000000000000042e-03
2.727907463707156666e+01 0.000000000000000000e+00 0.000000000000000000e+00
2.729252288601487919e+01 0.000000000000000000e+00 0.000000000000000000e+00
2.730597113495819173e+01 0.000000000000000000e+00 0.000000000000000000e+00
2.731941938390150426e+01 0.000000000000000000e+00 0.000000000000000000e+00
2.733286763284481324e+01 0.000000000000000000e+00 0.000000000000000000e+00
2.734631588178812578e+01 0.000000000000000000e+00 0.000000000000000000e+00
2.735976413073143831e+01 0.000000000000000000e+00 0.000000000000000000e+00
2.737321237967475085e+01 0.000000000000000000e+00 0.000000000000000000e+00
2.738666062861806338e+01 2.000000000000000042e-03 2.000000000000000042e-03
2.740010887756137592e+01 2.000000000000000042e-03 2.000000000000000042e-03
2.741355712650468490e+01 0.000000000000000000e+00 0.000000000000000000e+00
2.742700537544799744e+01 0.000000000000000000e+00 0.000000000000000000e+00
2.744045362439130997e+01 0.000000000000000000e+00 0.000000000000000000e+00
2.745390187333462251e+01 2.000000000000000042e-03 2.000000000000000042e-03
2.746735012227793504e+01 0.000000000000000000e+00 0.000000000000000000e+00
2.748079837122124403e+01 0.000000000000000000e+00 0.000000000000000000e+00
