-4.776721573822968053e-02 0.000000000000000000e+00 0.000000000000000000e+00
-3.431896679491777680e-02 0.000000000000000000e+00 0.000000000000000000e+00
-2.087071785160586612e-02 0.000000000000000000e+00 0.000000000000000000e+00
-7.422468908293957182e-03 0.000000000000000000e+00 0.000000000000000000e+00
6.025780035017951758e-03 0.000000000000000000e+00 0.000000000000000000e+00
1.947402897832985896e-02 0.000000000000000000e+00 0.000000000000000000e+00
3.292227792164176964e-02 0.000000000000000000e+00 0.000000000000000000e+00
4.637052686495367337e-02 0.000000000000000000e+00 0.000000000000000000e+00
5.981877580826557711e-02 0.000000000000000000e+00 0.000000000000000000e+00
7.326702475157748085e-02 0.000000000000000000e+00 0.000000000000000000e+00
8.671527369488939152e-02 0.000000000000000000e+00 0.000000000000000000e+00
1.001635226382013022e-01 0.000000000000000000e+00 0.000000000000000000e+00
1.136117715815132129e-01 0.000000000000000000e+00 0.000000000000000000e+00
1.270600205248251235e-01 0.000000000000000000e+00 0.000000000000000000e+00
1.405082694681370203e-01 0.000000000000000000e+00 0.000000000000000000e+00
1.539565184114489449e-01 0.000000000000000000e+00 0.000000000000000000e+00
1.674047673547608417e-01 0.000000000000000000e+00 0.000000000000000000e+00
1.808530162980727662e-01 0.000000000000000000e+00 0.000000000000000000e+00
1.943012652413846630e-01 0.000000000000000000e+00 0.000000000000000000e+00
2.077495141846965598e-01 0.000000000000000000e+00 0.000000000000000000e+00
2.211977631280085121e-01 0.000000000000000000e+00 0.000000000000000000e+00
2.346460120713204089e-01 0.000000000000000000e+00 0.000000000000000000e+00
2.480942610146323335e-01 0.000000000000000000e+00 0.000000000000000000e+00
2.615425099579442025e-01 0.000000000000000000e+00 0.000000000000000000e+00
2.749907589012561271e-01 0.000000000000000000e+00 0.000000000000000000e+00
2.884390078445680516e-01 0.000000000000000000e+00 0.000000000000000000e+00
3.018872567878799762e-01 0.000000000000000000e+00 0.000000000000000000e+00
3.153355057311918452e-01 0.000000000000000000e+00 0.000000000000000000e+00
3.287837546745037698e-01 0.000000000000000000e+00 0.000000000000000000e+00
3.422320036178156943e-01 0.000000000000000000e+00 0.000000000000000000e+00
3.556802525611275634e-01 0.000000000000000000e+00 0.000000000000000000e+00
3.691285015044394879e-01 0.000000000000000000e+00 0.000000000000000000e+00
3.825767504477514125e-01 0.000000000000000000e+00 0.000000000000000000e+00
3.960249993910633370e-01 0.000000000000000000e+00 0.000000000000000000e+00
4.094732483343752061e-01 0.000000000000000000e+00 0.000000000000000000e+00
4.229214972776871306e-01 0.000000000000000000e+00 0.000000000000000000e+00
4.363697462209990552e-01 0.000000000000000000e+00 0.000000000000000000e+00
4.498179951643109242e-01 0.000000000000000000e+00 0.000000000000000000e+00
4.632662441076228488e-01 0.000000000000000000e+00 0.000000000000000000e+00
4.767144930509347733e-01 0.000000000000000000e+00 0.000000000000000000e+00
4.901627419942466979e-01 0.000000000000000000e+00 0.000000000000000000e+00
5.036109909375585669e-01 0.000000000000000000e+00 0.000000000000000000e+00
5.170592398808704360e-01 0.000000000000000000e+00 0.000000000000000000e+00
5.305074888241824160e-01 0.000000000000000000e+00 0.000000000000000000e+00
5.439557377674942851e-01 0.000000000000000000e+00 0.000000000000000000e+00
5.574039867108062651e-01 0.000000000000000000e+00 0.000000000000000000e+00
5.708522356541181342e-01 0.000000000000000000e+00 0.000000000000000000e+00
5.843004845974300032e-01 0.000000000000000000e+00 0.000000000000000000e+00
5.977487335407419833e-01 0.000000000000000000e+00 0.000000000000000000e+00
6.111969824840538523e-01 0.000000000000000000e+00 0.000000000000000000e+00
6.246452314273657214e-01 0.000000000000000000e+00 0.000000000000000000e+00
6.380934803706777014e-01 0.000000000000000000e+00 0.000000000000000000e+00
6.515417293139895705e-01 0.000000000000000000e+00 0.000000000000000000e+00
6.649899782573014395e-01 0.000000000000000000e+00 0.000000000000000000e+00
6.784382272006134196e-01 0.000000000000000000e+00 0.000000000000000000e+00
6.918864761439252886e-01 0.000000000000000000e+00 0.000000000000000000e+00
7.053347250872371577e-01 0.000000000000000000e+00 0.000000000000000000e+00
7.187829740305491377e-01 0.000000000000000000e+00 0.000000000000000000e+00
7.322312229738610068e-01 0.000000000000000000e+00 0.000000000000000000e+00
7.456794719171728758e-01 0.000000000000000000e+00 0.000000000000000000e+00
7.591277208604848559e-01 0.000000000000000000e+00 0.000000000000000000e+00
7.725759698037967249e-01 1.160000000000000059e-01 1.523154621172781789e-02
7.860242187471087050e-01 5.000000000000000000e-01 3.162277660168379134e-02
7.994724676904205740e-01 5.999999999999999778e-01 3.464101615137754608e-02
8.129207166337324431e-01 6.119999999999999885e-01 3.498571136907180357e-02
8.263689655770444231e-01 6.440000000000000169e-01 3.588871688985272035e-02
8.398172145203562922e-01 7.259999999999999787e-01 3.810511776651529653e-02
8.532654634636681612e-01 7.520000000000000018e-01 3.878143885933063584e-02
8.667137124069801413e-01 8.279999999999999583e-01 4.069397989875160604e-02
8.801619613502920103e-01 8.940000000000000169e-01 4.228474902373195038e-02
8.936102102936038794e-01 9.260000000000000453e-01 4.303486958270002355e-02
9.070584592369158594e-01 1.052000000000000046e+00 4.586937976471885947e-02
9.205067081802277285e-01 1.145999999999999908e+00 4.787483681434329813e-02
9.339549571235395975e-01 1.175999999999999934e+00 4.849742261192856174e-02
9.474032060668515776e-01 1.272000000000000020e+00 5.043808085167396371e-02
9.608514550101634466e-01 1.344000000000000083e+00 5.184592558726288519e-02
9.742997039534754267e-01 1.495999999999999996e+00 5.469917732470937211e-02
9.877479528967872957e-01 1.546000000000000041e+00 5.560575509783137471e-02
1.001196201840099276e+00 1.508000000000000007e+00 5.491812087098392470e-02
1.014644450783411145e+00 1.673999999999999932e+00 5.786190456595773079e-02
1.028092699726723014e+00 1.796000000000000041e+00 5.993329625508678898e-02
1.041540948670034883e+00 1.949999999999999956e+00 6.244997998398398031e-02
1.054989197613346752e+00 2.009999999999999787e+00 6.340346993658943497e-02
1.068437446556658843e+00 2.080000000000000071e+00 6.449806198638839694e-02
1.081885695499970712e+00 2.270000000000000018e+00 6.737952211169206951e-02
1.095333944443282581e+00 2.383999999999999897e+00 6.905070600652826740e-02
1.108782193386594450e+00 2.525999999999999801e+00 7.107742257566744548e-02
1.122230442329906319e+00 2.720000000000000195e+00 7.375635565834309793e-02
1.135678691273218188e+00 2.815999999999999837e+00 7.504665215717487570e-02
1.149126940216530279e+00 2.854000000000000092e+00 7.555130707009641289e-02
1.162575189159842148e+00 3.149999999999999911e+00 7.937253933193771926e-02
1.176023438103154017e+00 3.354000000000000092e+00 8.190238091777309049e-02
1.189471687046465886e+00 3.266000000000000014e+00 8.082078940470699413e-02
1.202919935989777755e+00 3.557999999999999829e+00 8.435638683585255926e-02
1.216368184933089625e+00 3.569999999999999840e+00 8.449852069711043245e-02
1.229816433876401716e+00 3.751999999999999780e+00 8.662563131083085566e-02
1.243264682819713585e+00 4.041999999999999815e+00 8.991106717195608555e-02
1.256712931763025454e+00 4.301999999999999602e+00 9.275774900244183885e-02
1.270161180706337323e+00 4.386000000000000121e+00 9.365895579174475516e-02
1.283609429649649192e+00 4.464000000000000412e+00 9.448809448814173007e-02
1.297057678592961283e+00 5.065999999999999837e+00 1.006578362572929514e-01
1.310505927536273152e+00 5.256000000000000227e+00 1.025280449438103758e-01
1.323954176479585021e+00 5.556000000000000050e+00 1.054134716248355114e-01
1.337402425422896890e+00 6.171999999999999709e+00 1.111035552986491953e-01
1.350850674366208759e+00 6.586000000000000298e+00 1.147693338832285886e-01
1.364298923309520628e+00 6.903999999999999915e+00 1.175074465725470529e-01
1.377747172252832719e+00 7.192000000000000171e+00 1.199333148045196029e-01
1.391195421196144588e+00 7.250000000000000000e+00 1.204159457879229456e-01
1.404643670139456457e+00 7.695999999999999730e+00 1.240644993541665797e-01
1.418091919082768326e+00 8.092000000000000526e+00 1.272163511503140165e-01
1.431540168026080195e+00 7.935999999999999943e+00 1.259841259841889827e-01
1.444988416969392064e+00 8.294000000000000483e+00 1.287944098165755002e-01
1.458436665912704155e+00 8.698000000000000398e+00 1.318938967503803794e-01
1.471884914856016024e+00 9.022000000000000242e+00 1.343279568816558578e-01
1.485333163799327894e+00 9.492000000000000881e+00 1.377824371971986817e-01
1.498781412742639763e+00 9.442000000000000171e+00 1.374190670904150702e-01
1.512229661685951632e+00 9.160000000000000142e+00 1.353513945255090389e-01
1.525677910629263723e+00 9.035999999999999588e+00 1.344321390144484762e-01
1.539126159572575592e+00 8.757999999999999119e+00 1.323480260525256302e-01
1.552574408515887461e+00 8.753999999999999559e+00 1.323177992561847538e-01
1.566022657459199330e+00 9.252000000000000668e+00 1.360294085850556334e-01
1.579470906402511199e+00 8.778000000000000469e+00 1.324990566004150827e-01
1.592919155345823068e+00 9.096000000000000085e+00 1.348777224006989239e-01
1.606367404289135159e+00 9.580000000000000071e+00 1.384196517839862139e-01
1.619815653232447028e+00 9.644000000000000128e+00 1.388812442340577602e-01
1.633263902175758897e+00 1.001800000000000068e+01 1.415485782337639886e-01
1.646712151119070766e+00 1.051800000000000068e+01 1.450379260745271459e-01
1.660160400062382635e+00 1.151999999999999957e+01 1.517893276880822040e-01
1.673608649005694504e+00 1.258200000000000074e+01 1.586316487968274236e-01
1.687056897949006595e+00 1.477800000000000047e+01 1.719185853827328303e-01
1.700505146892318464e+00 1.821799999999999997e+01 1.908821626030048901e-01
1.713953395835630333e+00 2.254200000000000159e+01 2.123299319455455580e-01
1.727401644778942202e+00 2.779200000000000159e+01 2.357625924526620120e-01
1.740849893722254071e+00 3.422999999999999687e+01 2.616486193351686973e-01
1.754298142665566163e+00 4.010600000000000165e+01 2.832172311142102661e-01
1.767746391608878032e+00 4.384400000000000119e+01 2.961215966457023119e-01
1.781194640552189901e+00 4.584400000000000119e+01 3.028002642006773493e-01
1.794642889495501770e+00 4.543399999999999750e+01 3.014431953121516350e-01
1.808091138438813639e+00 4.356400000000000006e+01 2.951745246460134031e-01
1.821539387382125508e+00 3.973799999999999955e+01 2.819148807707745341e-01
1.834987636325437599e+00 3.539200000000000301e+01 2.660526263730542129e-01
1.848435885268749468e+00 3.058999999999999986e+01 2.473459116298468152e-01
1.861884134212061337e+00 2.580000000000000071e+01 2.271563338320109482e-01
1.875332383155373206e+00 2.176999999999999957e+01 2.086624067722789300e-01
1.888780632098685075e+00 1.828800000000000026e+01 1.912485294061107288e-01
1.902228881041996944e+00 1.555000000000000071e+01 1.763519208854839870e-01
1.915677129985309035e+00 1.416399999999999970e+01 1.683092391997539627e-01
1.929125378928620904e+00 1.321799999999999997e+01 1.625915126936212374e-01
1.942573627871932773e+00 1.287800000000000011e+01 1.604867595784773837e-01
1.956021876815244642e+00 1.263199999999999967e+01 1.589465318904442204e-01
1.969470125758556511e+00 1.299799999999999933e+01 1.612327510154187016e-01
1.982918374701868602e+00 1.312199999999999989e+01 1.620000000000000051e-01
1.996366623645180471e+00 1.372000000000000064e+01 1.656502339267892365e-01
2.009814872588492118e+00 1.369800000000000040e+01 1.655173706896046482e-01
2.023263121531804209e+00 1.397400000000000020e+01 1.671765533799521586e-01
2.036711370475116301e+00 1.401800000000000068e+01 1.674395413276087707e-01
2.050159619418427948e+00 1.400200000000000067e+01 1.673439571660715885e-01
2.063607868361740039e+00 1.439000000000000057e+01 1.696466916859860063e-01
2.077056117305051686e+00 1.401800000000000068e+01 1.674395413276087707e-01
2.090504366248363777e+00 1.416399999999999970e+01 1.683092391997539627e-01
2.103952615191675868e+00 1.371599999999999930e+01 1.656260849021071180e-01
2.117400864134987515e+00 1.396799999999999997e+01 1.671406593262094176e-01
2.130849113078299606e+00 1.370199999999999996e+01 1.655415355734022320e-01
2.144297362021611253e+00 1.419800000000000040e+01 1.685111272290349405e-01
2.157745610964923344e+00 1.408399999999999963e+01 1.678332505792579921e-01
2.171193859908235435e+00 1.425399999999999956e+01 1.688431224539513054e-01
2.184642108851547082e+00 1.419599999999999973e+01 1.684992581586043647e-01
2.198090357794859173e+00 1.444200000000000017e+01 1.699529346613349867e-01
2.211538606738170820e+00 1.484600000000000009e+01 1.723136674788160738e-01
2.224986855681482911e+00 1.414000000000000057e+01 1.681665840766232434e-01
2.238435104624794558e+00 1.511800000000000033e+01 1.738850194812652517e-01
2.251883353568106649e+00 1.543800000000000061e+01 1.757156794369813813e-01
2.265331602511418740e+00 1.524799999999999933e+01 1.746310396235445928e-01
2.278779851454730387e+00 1.533200000000000074e+01 1.751113931187802675e-01
2.292228100398042479e+00 1.564600000000000080e+01 1.768954493479128476e-01
2.305676349341354125e+00 1.638599999999999923e+01 1.810303841900579858e-01
2.319124598284666217e+00 1.631200000000000117e+01 1.806211504780101673e-01
2.332572847227978308e+00 1.620200000000000173e+01 1.800111107681967304e-01
2.346021096171289955e+00 1.598199999999999932e+01 1.787847868248302607e-01
2.359469345114602046e+00 1.599799999999999933e+01 1.788742575106882227e-01
2.372917594057913693e+00 1.622200000000000131e+01 1.801221807551751930e-01
2.386365843001225784e+00 1.596199999999999974e+01 1.786728854639114128e-01
2.399814091944537875e+00 1.622800000000000153e+01 1.801554883982167399e-01
2.413262340887849522e+00 1.628800000000000026e+01 1.804882267628556414e-01
2.426710589831161613e+00 1.630000000000000071e+01 1.805547008526778852e-01
2.440158838774473260e+00 1.633399999999999963e+01 1.807429113409430299e-01
2.453607087717785351e+00 1.648600000000000065e+01 1.815819374277078402e-01
2.467055336661096998e+00 1.628800000000000026e+01 1.804882267628556414e-01
2.480503585604409089e+00 1.645200000000000173e+01 1.813945974939717154e-01
2.493951834547721180e+00 1.648199999999999932e+01 1.815599074685818326e-01
2.507400083491032827e+00 1.658200000000000074e+01 1.821098569545316903e-01
2.520848332434344918e+00 1.664199999999999946e+01 1.824390309116993847e-01
2.534296581377656565e+00 1.671199999999999974e+01 1.828223181124230268e-01
2.547744830320968656e+00 1.671600000000000108e+01 1.828441959702303554e-01
2.561193079264280748e+00 1.699800000000000111e+01 1.843800423039326786e-01
2.574641328207592395e+00 1.702799999999999869e+01 1.845426779907563819e-01
2.588089577150904486e+00 1.737600000000000122e+01 1.864188831636967025e-01
2.601537826094216133e+00 1.728000000000000114e+01 1.859032006179560104e-01
2.614986075037528224e+00 1.781200000000000117e+01 1.887432117984644275e-01
2.628434323980840315e+00 1.796799999999999997e+01 1.895679297771645788e-01
2.641882572924151962e+00 1.843199999999999861e+01 1.920000000000000040e-01
2.655330821867464053e+00 1.860000000000000142e+01 1.928730152198591119e-01
2.668779070810775700e+00 1.900799999999999912e+01 1.949769217112630737e-01
2.682227319754087791e+00 2.020400000000000063e+01 2.010174121811341974e-01
2.695675568697399438e+00 2.135000000000000142e+01 2.066397831977182520e-01
2.709123817640711529e+00 2.294000000000000128e+01 2.141961717678446120e-01
2.722572066584023620e+00 2.466199999999999903e+01 2.220900718177199473e-01
2.736020315527335267e+00 2.606599999999999895e+01 2.283243307227681429e-01
2.749468564470647358e+00 2.731800000000000139e+01 2.337434491060658703e-01
2.762916813413959005e+00 2.806200000000000117e+01 2.369050442687956060e-01
2.776365062357271096e+00 2.740399999999999991e+01 2.341110847439736298e-01
2.789813311300583187e+00 2.657199999999999918e+01 2.305298245347009445e-01
2.803261560243894834e+00 2.520400000000000063e+01 2.245172599155797477e-01
2.816709809187206925e+00 2.319000000000000128e+01 2.153601634471890847e-01
2.830158058130518572e+00 2.202199999999999847e+01 2.098666243117280339e-01
2.843606307073830664e+00 2.095400000000000063e+01 2.047144352506681531e-01
2.857054556017142755e+00 1.958399999999999963e+01 1.979090700296476935e-01
2.870502804960454402e+00 1.910999999999999943e+01 1.954993606127651828e-01
2.883951053903766493e+00 1.848199999999999932e+01 1.922602402994441073e-01
2.897399302847078140e+00 1.832199999999999918e+01 1.914262259984247649e-01
2.910847551790390231e+00 1.845400000000000063e+01 1.921145491627326007e-01
2.924295800733701878e+00 1.829200000000000159e+01 1.912694434560837098e-01
2.937744049677013969e+00 1.837600000000000122e+01 1.917081114611481618e-01
2.951192298620326060e+00 1.842399999999999949e+01 1.919583288112292341e-01
2.964640547563637707e+00 1.834600000000000009e+01 1.915515596386518637e-01
2.978088796506949798e+00 1.823600000000000065e+01 1.909764383372985486e-01
2.991537045450261445e+00 1.855799999999999983e+01 1.926551322960278478e-01
3.004985294393573536e+00 1.888800000000000168e+01 1.943604898121014668e-01
3.018433543336885627e+00 1.856599999999999895e+01 1.926966527991599565e-01
3.031881792280197274e+00 1.861799999999999855e+01 1.929663183045165487e-01
3.045330041223509365e+00 1.856800000000000139e+01 1.927070315271344481e-01
3.058778290166821012e+00 1.852400000000000091e+01 1.924785702357537653e-01
3.072226539110133103e+00 1.862999999999999901e+01 1.930284953057449515e-01
3.085674788053445194e+00 1.861599999999999966e+01 1.929559535230774003e-01
3.099123036996756841e+00 1.868199999999999861e+01 1.932976978652358457e-01
3.112571285940068933e+00 1.908999999999999986e+01 1.953970317072396268e-01
3.126019534883380580e+00 1.926200000000000045e+01 1.962753168383635505e-01
3.139467783826692671e+00 1.926000000000000156e+01 1.962651268055534970e-01
3.152916032770004318e+00 1.947800000000000153e+01 1.973727438123106248e-01
3.166364281713316409e+00 1.987600000000000122e+01 1.993790360093056491e-01
3.179812530656628500e+00 1.964600000000000080e+01 1.982220976581571814e-01
3.193260779599940147e+00 1.987999999999999901e+01 1.993990972898322667e-01
3.206709028543252238e+00 1.948400000000000176e+01 1.974031408058139203e-01
3.220157277486563885e+00 1.952799999999999869e+01 1.976259092325700073e-01
3.233605526429875976e+00 1.967200000000000060e+01 1.983532202914790044e-01
3.247053775373188067e+00 1.867800000000000082e+01 1.932770032880269939e-01
3.260502024316499714e+00 1.949200000000000088e+01 1.974436628509509684e-01
3.273950273259811805e+00 1.907799999999999940e+01 1.953356086329371688e-01
3.287398522203123452e+00 1.903800000000000026e+01 1.951307254124782786e-01
3.300846771146435543e+00 1.914199999999999946e+01 1.956629755472404086e-01
3.314295020089747634e+00 1.907400000000000162e+01 1.953151299822929732e-01
3.327743269033059281e+00 1.904599999999999937e+01 1.951717192628071307e-01
3.341191517976371372e+00 1.894000000000000128e+01 1.946278500112458010e-01
3.354639766919683019e+00 1.880999999999999872e+01 1.939587585029353412e-01
3.368088015862995110e+00 1.908999999999999986e+01 1.953970317072396268e-01
3.381536264806306757e+00 1.908599999999999852e+01 1.953765594947357020e-01
3.394984513749618849e+00 1.894600000000000151e+01 1.946586756350715541e-01
3.408432762692930940e+00 1.901999999999999957e+01 1.950384577461583835e-01
3.421881011636242587e+00 1.923999999999999844e+01 1.961631973638276738e-01
3.435329260579554678e+00 1.886799999999999855e+01 1.942575609854092777e-01
3.448777509522866325e+00 1.876200000000000045e+01 1.937111251322442551e-01
3.462225758466177972e+00 1.914600000000000080e+01 1.956834177951723985e-01
3.475674007409490063e+00 1.854200000000000159e+01 1.925720644330324305e-01
3.489122256352801710e+00 1.883999999999999986e+01 1.941133689368148563e-01
3.502570505296113801e+00 1.893199999999999861e+01 1.945867415832846503e-01
3.516018754239425892e+00 1.876200000000000045e+01 1.937111251322442551e-01
3.529467003182737539e+00 1.912800000000000011e+01 1.955914108543624075e-01
3.542915252126049630e+00 1.901000000000000156e+01 1.949871790657016490e-01
3.556363501069361277e+00 1.851000000000000156e+01 1.924058211177614164e-01
3.569811750012673368e+00 1.917800000000000082e+01 1.958468789641540364e-01
3.583259998955985015e+00 1.875799999999999912e+01 1.936904747270758453e-01
3.596708247899297106e+00 1.904200000000000159e+01 1.951512234140488355e-01
3.610156496842609197e+00 1.885200000000000031e+01 1.941751786403195235e-01
3.623604745785920844e+00 1.892599999999999838e+01 1.945559045621592098e-01
3.637052994729232935e+00 1.880000000000000071e+01 1.939071942966531514e-01
3.650501243672544582e+00 1.876800000000000068e+01 1.937420966129973499e-01
3.663949492615856673e+00 1.930999999999999872e+01 1.965197191123577991e-01
3.677397741559168765e+00 1.936199999999999832e+01 1.967841457028487451e-01
3.690845990502480412e+00 1.874800000000000111e+01 1.936388390793541137e-01
3.704294239445792503e+00 1.928000000000000114e+01 1.963670033381372249e-01
3.717742488389104150e+00 1.929599999999999937e+01 1.964484665249388029e-01
3.731190737332416241e+00 1.926399999999999935e+01 1.962855063421647395e-01
3.744638986275728332e+00 1.899200000000000088e+01 1.948948434412773045e-01
3.758087235219039979e+00 1.866799999999999926e+01 1.932252571482310222e-01
3.771535484162352070e+00 1.895400000000000063e+01 1.946997688750554123e-01
3.784983733105663717e+00 1.913599999999999923e+01 1.956323081701997479e-01
3.798431982048975808e+00 1.864600000000000080e+01 1.931113668327164856e-01
3.811880230992287455e+00 1.903999999999999915e+01 1.951409746824074865e-01
3.825328479935599546e+00 1.879400000000000048e+01 1.938762491900438978e-01
3.838776728878911637e+00 1.923400000000000176e+01 1.961326082016960348e-01
3.852224977822223284e+00 1.891199999999999903e+01 1.944839324982914897e-01
3.865673226765535375e+00 1.853000000000000114e+01 1.925097400133302383e-01
3.879121475708847022e+00 1.903399999999999892e+01 1.951102252574170026e-01
3.892569724652159113e+00 1.888800000000000168e+01 1.943604898121014668e-01
3.906017973595471204e+00 1.889399999999999835e+01 1.943913578325950076e-01
3.919466222538782851e+00 1.868799999999999883e+01 1.933287355775131500e-01
3.932914471482094942e+00 1.881800000000000139e+01 1.940000000000000058e-01
3.946362720425406589e+00 1.880799999999999983e+01 1.939484467584105254e-01
3.959810969368718681e+00 1.823199999999999932e+01 1.909554921964801699e-01
3.973259218312030772e+00 1.873799999999999955e+01 1.935871896588201302e-01
3.986707467255342419e+00 1.863599999999999923e+01 1.930595762970591656e-01
4.000155716198654510e+00 1.831599999999999895e+01 1.913948797643238997e-01
4.013603965141966157e+00 1.854200000000000159e+01 1.925720644330324305e-01
4.027052214085277804e+00 1.838599999999999923e+01 1.917602670002312992e-01
4.040500463028590339e+00 1.764199999999999946e+01 1.878403577509370204e-01
4.053948711971901986e+00 1.815599999999999881e+01 1.905570780632406813e-01
4.067396960915213633e+00 1.828200000000000003e+01 1.912171540422040739e-01
4.080845209858526168e+00 1.765399999999999991e+01 1.879042309262886068e-01
4.094293458801837815e+00 1.807199999999999918e+01 1.901157542130583189e-01
4.107741707745149462e+00 1.763400000000000034e+01 1.877977635649583643e-01
4.121189956688461997e+00 1.780999999999999872e+01 1.887326150934172664e-01
4.134638205631773644e+00 1.779599999999999937e+01 1.886584214923892611e-01
4.148086454575085291e+00 1.789999999999999858e+01 1.892088792842450129e-01
4.161534703518396938e+00 1.803399999999999892e+01 1.899157708037960690e-01
4.174982952461709473e+00 1.796000000000000085e+01 1.895257238477141559e-01
4.188431201405021120e+00 1.835600000000000165e+01 1.916037577919598167e-01
4.201879450348332767e+00 1.840599999999999881e+01 1.918645355452643086e-01
4.215327699291645303e+00 1.852199999999999847e+01 1.924681791881452941e-01
4.228775948234956950e+00 1.861199999999999832e+01 1.929352222897623148e-01
4.242224197178268597e+00 1.903399999999999892e+01 1.951102252574170026e-01
4.255672446121580244e+00 1.899399999999999977e+01 1.949051051152842495e-01
4.269120695064892779e+00 1.982600000000000051e+01 1.991280994736805143e-01
4.282568944008204426e+00 2.050799999999999912e+01 2.025240726432292471e-01
4.296017192951516073e+00 2.101200000000000045e+01 2.049975609611002225e-01
4.309465441894828608e+00 2.326399999999999935e+01 2.157035002034042304e-01
4.322913690838140255e+00 2.577400000000000091e+01 2.270418463631759809e-01
4.336361939781451902e+00 3.022800000000000153e+01 2.458780185376480409e-01
4.349810188724764437e+00 3.880199999999999960e+01 2.785749450327505983e-01
4.363258437668076084e+00 5.394200000000000017e+01 3.284569987075933728e-01
4.376706686611387731e+00 7.953400000000000603e+01 3.988332985095401906e-01
4.390154935554699378e+00 1.227560000000000002e+02 4.954916750057462016e-01
4.403603184498011913e+00 1.898720000000000141e+02 6.162337218945421746e-01
4.417051433441323560e+00 2.906360000000000241e+02 7.624119621307104966e-01
4.430499682384635207e+00 4.272799999999999727e+02 9.244241450762739065e-01
4.443947931327947742e+00 5.975760000000000218e+02 1.093230076424903219e+00
4.457396180271259389e+00 7.955320000000000391e+02 1.261373854176468967e+00
4.470844429214571036e+00 9.925259999999999536e+02 1.408918734349146273e+00
4.484292678157882683e+00 1.164465999999999894e+03 1.526083877118161514e+00
4.497740927101195219e+00 1.289993999999999915e+03 1.606234104979719302e+00
4.511189176044506866e+00 1.335872000000000071e+03 1.634547032055058358e+00
4.524637424987818513e+00 1.298614000000000033e+03 1.611591759720804706e+00
4.538085673931131048e+00 1.183551999999999907e+03 1.538539567252009244e+00
4.551533922874442695e+00 1.016826000000000022e+03 1.426061709744707917e+00
4.564982171817754342e+00 8.158099999999999454e+02 1.277348816885974792e+00
4.578430420761066877e+00 6.207540000000000191e+02 1.114229778815841954e+00
4.591878669704378524e+00 4.451960000000000264e+02 9.436058499182802262e-01
4.605326918647690171e+00 3.044200000000000159e+02 7.802820003050179309e-01
4.618775167591001818e+00 1.983240000000000123e+02 6.297999682438861768e-01
4.632223416534314353e+00 1.269159999999999968e+02 5.038174272491970918e-01
4.645671665477626000e+00 8.146200000000000330e+01 4.036384520830491596e-01
4.659119914420937647e+00 5.297200000000000131e+01 3.254903992439716065e-01
4.672568163364250182e+00 3.704399999999999693e+01 2.721911093331301768e-01
4.686016412307561829e+00 2.816600000000000037e+01 2.373436327353232456e-01
4.699464661250873476e+00 2.358999999999999986e+01 2.172095762161512233e-01
4.712912910194185123e+00 2.139600000000000080e+01 2.068622730224146111e-01
4.726361159137497658e+00 2.050000000000000000e+01 2.024845673131658863e-01
4.739809408080809305e+00 2.019600000000000151e+01 2.009776106933307271e-01
4.753257657024120952e+00 2.069999999999999929e+01 2.034698994937580441e-01
4.766705905967433488e+00 2.257400000000000162e+01 2.124805873485857977e-01
4.780154154910745135e+00 2.507400000000000162e+01 2.239374912782582661e-01
4.793602403854056782e+00 2.853999999999999915e+01 2.389142105442872144e-01
4.807050652797369317e+00 3.412800000000000011e+01 2.612584926849269018e-01
4.820498901740680964e+00 4.334400000000000119e+01 2.944282595132471370e-01
4.833947150683992611e+00 5.508200000000000074e+01 3.319096262538945852e-01
4.847395399627304258e+00 7.116400000000000148e+01 3.772638334110493541e-01
4.860843648570616793e+00 9.189199999999999591e+01 4.287003615580467497e-01
4.874291897513928440e+00 1.142500000000000000e+02 4.780167361086848365e-01
4.887740146457240087e+00 1.365339999999999918e+02 5.225590875680949932e-01
4.901188395400552622e+00 1.582520000000000095e+02 5.625868821790994678e-01
4.914636644343864269e+00 1.730399999999999920e+02 5.882856449039021163e-01
4.928084893287175916e+00 1.794339999999999975e+02 5.990559239336508135e-01
4.941533142230487563e+00 1.761560000000000059e+02 5.935587586751627232e-01
4.954981391173800098e+00 1.644840000000000089e+02 5.735573205879251901e-01
4.968429640117111745e+00 1.450540000000000020e+02 5.386167468618108245e-01
4.981877889060423392e+00 1.220160000000000053e+02 4.939959514004138019e-01
4.995326138003735927e+00 9.713200000000000500e+01 4.407538995856984942e-01
5.008774386947047574e+00 7.410200000000000387e+01 3.849727263066826666e-01
5.022222635890359221e+00 5.417399999999999949e+01 3.291625738142172630e-01
5.035670884833671757e+00 3.837599999999999767e+01 2.770415131347646609e-01
5.049119133776983404e+00 2.714199999999999946e+01 2.329892701392061727e-01
5.062567382720295051e+00 1.901599999999999824e+01 1.950179478919824849e-01
5.076015631663606698e+00 1.371599999999999930e+01 1.656260849021071180e-01
5.089463880606919233e+00 1.087599999999999945e+01 1.474855925166929649e-01
5.102912129550230880e+00 9.124000000000000554e+00 1.350851583261462596e-01
5.116360378493542527e+00 7.775999999999999801e+00 1.247076581449591687e-01
5.129808627436855062e+00 7.373999999999999666e+00 1.214413438660821160e-01
5.143256876380166709e+00 7.048000000000000043e+00 1.187265766372466308e-01
5.156705125323478356e+00 6.950000000000000178e+00 1.178982612255159712e-01
5.170153374266790003e+00 6.863999999999999879e+00 1.171665481270144776e-01
5.183601623210102538e+00 6.612000000000000099e+00 1.149956520917203989e-01
5.197049872153414185e+00 6.804000000000000270e+00 1.166533325713414865e-01
5.210498121096725832e+00 6.956000000000000405e+00 1.179491415822938455e-01
5.223946370040038367e+00 6.964000000000000412e+00 1.180169479354554324e-01
5.237394618983350014e+00 6.775999999999999801e+00 1.164130576868419864e-01
5.250842867926661661e+00 6.717999999999999972e+00 1.159137610467368129e-01
5.264291116869974196e+00 6.631999999999999673e+00 1.151694403911037445e-01
5.277739365813285843e+00 6.974000000000000199e+00 1.181016511315570033e-01
5.291187614756597490e+00 6.799999999999999822e+00 1.166190378969060026e-01
5.304635863699909137e+00 7.088000000000000078e+00 1.190630085290977358e-01
5.318084112643221673e+00 7.072000000000000064e+00 1.189285499785480427e-01
5.331532361586533320e+00 6.959999999999999964e+00 1.179830496300210002e-01
5.344980610529844967e+00 7.025999999999999801e+00 1.185411321018995517e-01
5.358428859473157502e+00 6.910000000000000142e+00 1.175584960774847670e-01
5.371877108416469149e+00 6.990000000000000213e+00 1.182370500308596167e-01
5.385325357359780796e+00 7.248000000000000220e+00 1.203993355463392895e-01
5.398773606303092443e+00 6.982000000000000206e+00 1.181693699737795811e-01
5.412221855246404978e+00 7.086000000000000298e+00 1.190462095154650318e-01
5.425670104189716625e+00 6.854000000000000092e+00 1.170811684260111840e-01
5.439118353133028272e+00 6.841999999999999638e+00 1.169786305271180715e-01
5.452566602076340807e+00 7.006000000000000227e+00 1.183722940556615338e-01
5.466014851019652454e+00 7.282000000000000028e+00 1.206813987323647058e-01
5.479463099962964101e+00 7.017999999999999794e+00 1.184736257569590917e-01
5.492911348906276636e+00 7.006000000000000227e+00 1.183722940556615338e-01
5.506359597849588283e+00 7.112000000000000099e+00 1.192644121270045876e-01
5.519807846792899930e+00 7.017999999999999794e+00 1.184736257569590917e-01
5.533256095736211577e+00 7.235999999999999766e+00 1.202996259345805313e-01
5.546704344679524112e+00 6.879999999999999893e+00 1.173030263889214414e-01
5.560152593622835759e+00 7.080000000000000071e+00 1.189957982451481378e-01
5.573600842566147406e+00 7.024000000000000021e+00 1.185242591202324280e-01
5.587049091509459942e+00 6.983999999999999986e+00 1.181862936215532650e-01
5.600497340452771589e+00 6.967999999999999972e+00 1.180508365069896509e-01
5.613945589396083236e+00 6.967999999999999972e+00 1.180508365069896509e-01
5.627393838339394883e+00 7.155999999999999694e+00 1.196327714299054434e-01
5.640842087282707418e+00 7.177999999999999936e+00 1.198165264060012669e-01
5.654290336226019065e+00 6.911999999999999922e+00 1.175755076535925508e-01
5.667738585169330712e+00 6.993999999999999773e+00 1.182708755357801539e-01
5.681186834112643247e+00 7.126000000000000334e+00 1.193817406473871023e-01
5.694635083055954894e+00 6.951999999999999957e+00 1.179152237838694134e-01
5.708083331999266541e+00 7.203999999999999737e+00 1.200333287049892561e-01
5.721531580942579076e+00 7.193999999999999950e+00 1.199499895789907927e-01
5.734979829885890723e+00 7.017999999999999794e+00 1.184736257569590917e-01
5.748428078829202370e+00 7.067999999999999616e+00 1.188949115816147900e-01
5.761876327772514017e+00 7.112000000000000099e+00 1.192644121270045876e-01
5.775324576715826552e+00 7.209999999999999964e+00 1.200833044182245957e-01
5.788772825659138199e+00 7.216000000000000192e+00 1.201332593414496525e-01
5.802221074602449846e+00 6.983999999999999986e+00 1.181862936215532650e-01
5.815669323545762381e+00 7.033999999999999808e+00 1.186086000254618911e-01
5.829117572489074028e+00 7.145999999999999908e+00 1.195491530710276473e-01
5.842565821432385675e+00 7.238000000000000433e+00 1.203162499415602604e-01
5.856014070375697322e+00 7.152000000000000135e+00 1.195993311018084260e-01
5.869462319319009858e+00 7.078000000000000291e+00 1.189789897418867815e-01
5.882910568262321505e+00 7.097999999999999865e+00 1.191469680688518329e-01
5.896358817205633152e+00 6.998000000000000220e+00 1.183046913693620167e-01
5.909807066148945687e+00 7.370000000000000107e+00 1.214084016862095189e-01
5.923255315092257334e+00 7.025999999999999801e+00 1.185411321018995517e-01
5.936703564035568981e+00 6.865999999999999659e+00 1.171836166023220160e-01
5.950151812978881516e+00 7.152000000000000135e+00 1.195993311018084260e-01
5.963600061922193163e+00 6.975999999999999979e+00 1.181185844818671976e-01
5.977048310865504810e+00 7.176000000000000156e+00 1.197998330549754908e-01
5.990496559808816457e+00 7.091999999999999638e+00 1.190965994476752415e-01
6.003944808752128992e+00 7.083999999999999631e+00 1.190294081309320878e-01
6.017393057695440639e+00 7.075999999999999623e+00 1.189621788637044153e-01
6.030841306638752286e+00 7.056000000000000050e+00 1.187939392393399796e-01
6.044289555582064821e+00 7.136000000000000121e+00 1.194654761845446306e-01
6.057737804525376468e+00 7.136000000000000121e+00 1.194654761845446306e-01
6.071186053468688115e+00 6.937999999999999723e+00 1.177964345810177810e-01
6.084634302411999762e+00 7.113999999999999879e+00 1.192811804099875583e-01
6.098082551355312297e+00 7.121999999999999886e+00 1.193482299826855442e-01
6.111530800298623944e+00 6.836000000000000298e+00 1.169273278579477243e-01
6.124979049241935591e+00 7.054000000000000270e+00 1.187771021704099317e-01
6.138427298185248127e+00 6.972000000000000419e+00 1.180847153530040911e-01
6.151875547128559774e+00 6.951999999999999957e+00 1.179152237838694134e-01
6.165323796071871421e+00 6.964000000000000412e+00 1.180169479354554324e-01
6.178772045015183956e+00 7.264000000000000234e+00 1.205321533865549161e-01
6.192220293958495603e+00 6.900000000000000355e+00 1.174734012447073012e-01
6.205668542901807250e+00 7.266000000000000014e+00 1.205487453273570986e-01
6.219116791845118897e+00 6.879999999999999893e+00 1.173030263889214414e-01
6.232565040788431432e+00 7.128000000000000114e+00 1.193984924527943942e-01
6.246013289731743079e+00 7.203999999999999737e+00 1.200333287049892561e-01
6.259461538675054726e+00 7.190000000000000391e+00 1.199166377113701498e-01
6.272909787618367261e+00 7.177999999999999936e+00 1.198165264060012669e-01
6.286358036561678908e+00 7.089999999999999858e+00 1.190798051728335777e-01
6.299806285504990555e+00 7.078000000000000291e+00 1.189789897418867815e-01
6.313254534448302202e+00 7.198000000000000398e+00 1.199833321757651367e-01
6.326702783391614737e+00 7.142000000000000348e+00 1.195156893466293030e-01
6.340151032334926384e+00 7.003999999999999559e+00 1.183553970041079234e-01
6.353599281278238031e+00 6.977999999999999758e+00 1.181355154049788803e-01
6.367047530221550566e+00 7.038000000000000256e+00 1.186423195997111241e-01
6.380495779164862213e+00 7.054000000000000270e+00 1.187771021704099317e-01
6.393944028108173860e+00 6.983999999999999986e+00 1.181862936215532650e-01
6.407392277051486396e+00 6.921999999999999709e+00 1.176605286406618295e-01
6.420840525994798043e+00 7.104000000000000092e+00 1.191973154060107232e-01
6.434288774938109690e+00 7.062000000000000277e+00 1.188444361339646288e-01
6.447737023881421337e+00 7.054000000000000270e+00 1.187771021704099317e-01
6.461185272824733872e+00 7.211999999999999744e+00 1.200999583680194271e-01
6.474633521768045519e+00 6.607999999999999652e+00 1.149608629055993148e-01
6.488081770711357166e+00 6.857999999999999652e+00 1.171153277756588063e-01
6.501530019654669701e+00 6.841999999999999638e+00 1.169786305271180715e-01
6.514978268597981348e+00 7.046000000000000263e+00 1.187097300140135953e-01
6.528426517541292995e+00 6.918000000000000149e+00 1.176265276202609067e-01
6.541874766484604642e+00 6.830000000000000071e+00 1.168760026694958404e-01
6.555323015427917177e+00 6.750000000000000000e+00 1.161895003862224995e-01
6.568771264371228824e+00 6.966000000000000192e+00 1.180338934374360049e-01
6.582219513314540471e+00 6.685999999999999943e+00 1.156373642037901162e-01
6.595667762257853006e+00 6.701999999999999957e+00 1.157756451072504272e-01
6.609116011201164653e+00 6.596000000000000085e+00 1.148564321228898455e-01
6.622564260144476300e+00 6.790000000000000036e+00 1.165332570556577158e-01
6.636012509087788835e+00 6.586000000000000298e+00 1.147693338832285886e-01
6.649460758031100482e+00 7.064000000000000057e+00 1.188612636648290061e-01
6.662909006974412129e+00 6.807999999999999829e+00 1.166876171665185841e-01
6.676357255917723776e+00 6.793999999999999595e+00 1.165675769671824374e-01
6.689805504861036312e+00 6.959999999999999964e+00 1.179830496300210002e-01
6.703253753804347959e+00 6.741999999999999993e+00 1.161206269359582877e-01
6.716702002747659606e+00 6.833999999999999631e+00 1.169102219654038627e-01
6.730150251690972141e+00 6.653999999999999915e+00 1.153603051313579070e-01
6.743598500634283788e+00 6.604000000000000092e+00 1.149260631884691242e-01
6.757046749577595435e+00 6.636000000000000121e+00 1.152041665913173529e-01
6.770494998520907082e+00 6.751999999999999780e+00 1.162067123706715943e-01
6.783943247464219617e+00 6.796000000000000263e+00 1.165847331343173726e-01
6.797391496407531264e+00 6.847999999999999865e+00 1.170299107066223449e-01
6.810839745350842911e+00 6.532000000000000028e+00 1.142978564978363865e-01
6.824287994294155446e+00 6.711999999999999744e+00 1.158619868636819039e-01
6.837736243237467093e+00 6.588000000000000078e+00 1.147867588182539395e-01
6.851184492180778740e+00 6.692000000000000171e+00 1.156892389118365644e-01
6.864632741124091275e+00 6.709999999999999964e+00 1.158447236605966435e-01
6.878080990067402922e+00 6.620000000000000107e+00 1.150651989091402011e-01
6.891529239010715457e+00 6.788000000000000256e+00 1.165160933090360618e-01
6.904977487954027104e+00 6.798000000000000043e+00 1.166018867771872747e-01
6.918425736897339640e+00 6.517999999999999794e+00 1.141753038095366657e-01
6.931873985840651287e+00 6.631999999999999673e+00 1.151694403911037445e-01
6.945322234783962934e+00 6.339999999999999858e+00 1.126055060820739667e-01
6.958770483727274581e+00 6.677999999999999936e+00 1.155681617055493299e-01
6.972218732670587116e+00 6.783999999999999808e+00 1.164817582284882885e-01
6.985666981613898763e+00 6.524000000000000021e+00 1.142278424903490908e-01
6.999115230557210410e+00 6.666000000000000369e+00 1.154642801908884742e-01
7.012563479500522945e+00 6.658000000000000362e+00 1.153949738940132502e-01
7.026011728443834592e+00 6.741999999999999993e+00 1.161206269359582877e-01
7.039459977387146239e+00 6.661999999999999922e+00 1.154296322440646061e-01
7.052908226330458774e+00 6.485999999999999766e+00 1.138946881992307786e-01
7.066356475273770421e+00 6.541999999999999815e+00 1.143853137426304456e-01
7.079804724217082068e+00 6.306000000000000050e+00 1.123031611309316530e-01
7.093252973160393715e+00 6.403999999999999915e+00 1.131724348063608693e-01
7.106701222103706250e+00 6.458000000000000185e+00 1.136485811614029728e-01
7.120149471047017897e+00 6.450000000000000178e+00 1.135781669160054741e-01
7.133597719990329544e+00 6.440000000000000391e+00 1.134900876728888591e-01
7.147045968933642079e+00 6.386000000000000121e+00 1.130132735566933416e-01
7.160494217876953726e+00 6.556000000000000050e+00 1.145076416663970975e-01
7.173942466820265373e+00 6.349999999999999645e+00 1.126942766958464598e-01
7.187390715763577020e+00 6.397999999999999687e+00 1.131194059390341761e-01
7.200838964706889556e+00 6.384000000000000341e+00 1.129955751346042869e-01
7.214287213650201203e+00 6.275999999999999801e+00 1.120357085932873337e-01
7.227735462593512850e+00 6.386000000000000121e+00 1.130132735566933416e-01
7.241183711536825385e+00 6.491999999999999993e+00 1.139473562659529260e-01
7.254631960480137032e+00 6.150000000000000355e+00 1.109053650640941663e-01
7.268080209423448679e+00 6.325999999999999623e+00 1.124811095251109228e-01
7.281528458366761214e+00 6.461999999999999744e+00 1.136837719289785081e-01
7.294976707310072861e+00 6.522000000000000242e+00 1.142103322821538675e-01
7.308424956253384508e+00 6.272000000000000242e+00 1.120000000000000023e-01
7.321873205196696155e+00 6.354000000000000092e+00 1.127297653683356216e-01
7.335321454140008690e+00 6.251999999999999780e+00 1.118212859879549048e-01
7.348769703083320337e+00 6.498000000000000220e+00 1.140000000000000041e-01
7.362217952026631984e+00 6.288000000000000256e+00 1.121427661510095014e-01
7.375666200969944519e+00 6.607999999999999652e+00 1.149608629055993148e-01
7.389114449913256166e+00 6.490000000000000213e+00 1.139298029490089098e-01
7.402562698856567813e+00 6.735999999999999766e+00 1.160689450283752672e-01
7.416010947799879460e+00 6.761999999999999567e+00 1.162927340808530552e-01
7.429459196743191995e+00 6.668000000000000149e+00 1.154816002660164070e-01
7.442907445686503642e+00 6.509999999999999787e+00 1.141052146047673022e-01
7.456355694629815289e+00 6.524000000000000021e+00 1.142278424903490908e-01
7.469803943573127825e+00 6.474000000000000199e+00 1.137892789325954113e-01
7.483252192516439472e+00 6.466000000000000192e+00 1.137189518066359928e-01
7.496700441459751119e+00 6.482000000000000206e+00 1.138595626199222777e-01
7.510148690403063654e+00 6.328000000000000291e+00 1.124988888834018569e-01
7.523596939346375301e+00 6.233999999999999986e+00 1.116601988176628701e-01
7.537045188289686948e+00 6.041999999999999815e+00 1.099272486692903644e-01
7.550493437232998595e+00 6.266000000000000014e+00 1.119464157532522458e-01
7.563941686176311130e+00 6.187999999999999723e+00 1.112474718813870472e-01
7.577389935119622777e+00 6.419999999999999929e+00 1.133137237937223568e-01
7.590838184062934424e+00 6.014000000000000234e+00 1.096722389668415565e-01
7.604286433006246959e+00 6.059999999999999609e+00 1.100908715561830786e-01
7.617734681949558606e+00 6.001999999999999780e+00 1.095627673984187062e-01
7.631182930892870253e+00 6.065999999999999837e+00 1.101453585041149152e-01
7.644631179836181900e+00 5.871999999999999886e+00 1.083697374731525248e-01
7.658079428779494435e+00 6.136000000000000121e+00 1.107790593930098322e-01
7.671527677722806082e+00 5.943999999999999950e+00 1.090321053635120857e-01
7.684975926666117729e+00 6.022000000000000242e+00 1.097451593465515879e-01
7.698424175609430264e+00 5.790000000000000036e+00 1.076104084185168369e-01
7.711872424552741911e+00 5.967999999999999972e+00 1.092520022699813020e-01
7.725320673496053558e+00 5.788000000000000256e+00 1.075918212505021232e-01
7.738768922439366094e+00 5.788000000000000256e+00 1.075918212505021232e-01
7.752217171382677741e+00 5.823999999999999844e+00 1.079259005058563342e-01
7.765665420325989388e+00 6.006000000000000227e+00 1.095992700705620548e-01
7.779113669269301035e+00 5.764000000000000234e+00 1.073685242517563865e-01
7.792561918212613570e+00 5.863999999999999879e+00 1.082958909654470753e-01
7.806010167155925217e+00 5.769999999999999574e+00 1.074243920159662774e-01
7.819458416099236864e+00 5.972000000000000419e+00 1.092886087385139954e-01
7.832906665042549399e+00 5.836000000000000298e+00 1.080370306885560377e-01
7.846354913985861046e+00 5.549999999999999822e+00 1.053565375285273886e-01
7.859803162929172693e+00 6.048000000000000043e+00 1.099818166789401641e-01
7.873251411872484340e+00 5.908000000000000362e+00 1.087014259336095412e-01
7.886699660815796875e+00 5.998000000000000220e+00 1.095262525607445386e-01
7.900147909759108522e+00 5.862000000000000099e+00 1.082774214691133025e-01
7.913596158702420169e+00 5.927999999999999936e+00 1.088852607105295911e-01
7.927044407645732704e+00 6.003999999999999559e+00 1.095810202544218043e-01
7.940492656589044351e+00 5.870000000000000107e+00 1.083512805646523053e-01
7.953940905532355998e+00 5.732000000000000206e+00 1.070700705145933851e-01
7.967389154475668533e+00 5.790000000000000036e+00 1.076104084185168369e-01
7.980837403418980180e+00 5.881999999999999673e+00 1.084619749036499908e-01
7.994285652362291827e+00 5.748000000000000220e+00 1.072194012294416798e-01
8.007733901305604363e+00 5.725999999999999979e+00 1.070140177733739650e-01
8.021182150248915121e+00 5.815999999999999837e+00 1.078517501017021152e-01
8.034630399192227657e+00 5.804000000000000270e+00 1.077404288092450452e-01
8.048078648135540192e+00 5.735999999999999766e+00 1.071074227119670763e-01
8.061526897078850951e+00 5.844000000000000306e+00 1.081110540139166298e-01
8.074975146022163486e+00 5.881999999999999673e+00 1.084619749036499908e-01
8.088423394965476021e+00 5.926000000000000156e+00 1.088668912020546303e-01
8.101871643908786780e+00 5.581999999999999851e+00 1.056598315349783213e-01
8.115319892852099315e+00 5.785999999999999588e+00 1.075732308708816365e-01
8.128768141795411850e+00 5.775999999999999801e+00 1.074802307403552315e-01
8.142216390738722609e+00 5.562000000000000277e+00 1.054703749874816715e-01
8.155664639682035144e+00 5.711999999999999744e+00 1.068831137270991050e-01
8.169112888625345903e+00 5.676000000000000156e+00 1.065457648149376324e-01
8.182561137568658438e+00 5.631999999999999673e+00 1.061319932913727948e-01
8.196009386511970973e+00 5.756000000000000227e+00 1.072939886480132748e-01
8.209457635455281732e+00 5.546000000000000263e+00 1.053185643654526854e-01
8.222905884398594267e+00 5.658000000000000362e+00 1.063766891757775973e-01
8.236354133341906802e+00 5.759999999999999787e+00 1.073312629199899143e-01
8.249802382285217561e+00 5.849999999999999645e+00 1.081665382639196704e-01
8.263250631228530096e+00 6.174000000000000377e+00 1.111215550647128014e-01
8.276698880171842632e+00 6.293999999999999595e+00 1.121962566220459923e-01
8.290147129115153390e+00 6.395999999999999908e+00 1.131017241247895405e-01
8.303595378058465926e+00 6.714000000000000412e+00 1.158792474949677936e-01
8.317043627001778461e+00 7.365999999999999659e+00 1.213754505655900706e-01
8.330491875945089220e+00 7.508000000000000007e+00 1.225397894563231144e-01
8.343940124888401755e+00 8.016000000000000014e+00 1.266175343307553158e-01
8.357388373831714290e+00 8.269999999999999574e+00 1.286079313261822010e-01
8.370836622775025049e+00 8.635999999999999233e+00 1.314229812475732895e-01
8.384284871718337584e+00 8.667999999999999261e+00 1.316662447250623036e-01
8.397733120661648343e+00 8.669999999999999929e+00 1.316814337710521809e-01
8.411181369604960878e+00 8.599999999999999645e+00 1.311487704860400116e-01
8.424629618548273413e+00 8.423999999999999488e+00 1.297998459167036267e-01
8.438077867491584172e+00 8.022000000000000242e+00 1.266649122685520878e-01
8.451526116434896707e+00 7.919999999999999929e+00 1.258570617804181946e-01
8.464974365378209242e+00 7.283999999999999808e+00 1.206979701569168978e-01
8.478422614321520001e+00 7.027999999999999581e+00 1.185580026822314476e-01
8.491870863264832536e+00 6.775999999999999801e+00 1.164130576868419864e-01
8.505319112208145071e+00 6.293999999999999595e+00 1.121962566220459923e-01
8.518767361151455830e+00 5.942000000000000171e+00 1.090137605992931441e-01
8.532215610094768365e+00 5.940000000000000391e+00 1.089954127475097068e-01
8.545663859038080901e+00 5.636000000000000121e+00 1.061696755198959785e-01
8.559112107981391659e+00 5.314000000000000057e+00 1.030921917508789837e-01
8.572560356924704195e+00 5.472000000000000419e+00 1.046135746449761705e-01
8.586008605868016730e+00 5.200000000000000178e+00 1.019803902718556948e-01
8.599456854811327489e+00 5.163999999999999702e+00 1.016267681273000101e-01
8.612905103754640024e+00 5.043999999999999595e+00 1.004390362359177530e-01
8.626353352697950783e+00 5.246000000000000441e+00 1.024304642184150210e-01
8.639801601641263318e+00 5.094000000000000306e+00 1.009356230475643296e-01
8.653249850584575853e+00 5.059999999999999609e+00 1.005982107196743275e-01
8.666698099527886612e+00 5.024000000000000021e+00 1.002397126891333423e-01
8.680146348471199147e+00 4.980000000000000426e+00 9.979979959899719366e-02
8.693594597414511682e+00 4.982000000000000206e+00 9.981983770774223441e-02
8.707042846357822441e+00 5.144000000000000128e+00 1.014297786648477306e-01
8.720491095301134976e+00 5.177999999999999936e+00 1.017644338656684133e-01
8.733939344244447511e+00 5.051999999999999602e+00 1.005186549850324990e-01
8.747387593187758270e+00 5.032000000000000028e+00 1.003194896318756330e-01
8.760835842131070805e+00 5.088000000000000078e+00 1.008761617033479274e-01
8.774284091074383340e+00 5.091999999999999638e+00 1.009158064923429132e-01
8.787732340017694099e+00 5.033999999999999808e+00 1.003394239568874552e-01
8.801180588961006634e+00 4.916000000000000369e+00 9.915644204992432598e-02
8.814628837904319170e+00 4.940000000000000391e+00 9.939818911831342640e-02
8.828077086847629928e+00 5.153999999999999915e+00 1.015283211719764378e-01
8.841525335790942464e+00 5.137999999999999901e+00 1.013706071797935010e-01
8.854973584734253222e+00 4.990000000000000213e+00 9.989994994993740829e-02
8.868421833677565758e+00 5.057999999999999829e+00 1.005783276854412683e-01
8.881870082620878293e+00 5.078000000000000291e+00 1.007769814987529711e-01
8.895318331564189052e+00 5.158000000000000362e+00 1.015677114047569829e-01
8.908766580507501587e+00 5.352000000000000313e+00 1.034601372510205036e-01
8.922214829450814122e+00 5.378000000000000114e+00 1.037111372997133879e-01
8.935663078394124881e+00 5.674000000000000377e+00 1.065269918846862007e-01
8.949111327337437416e+00 5.820000000000000284e+00 1.078888316740894138e-01
8.962559576280749951e+00 5.927999999999999936e+00 1.088852607105295911e-01
8.976007825224060710e+00 6.290000000000000036e+00 1.121605991424796250e-01
8.989456074167373245e+00 6.403999999999999915e+00 1.131724348063608693e-01
9.002904323110685780e+00 6.642000000000000348e+00 1.152562362737912793e-01
9.016352572053996539e+00 6.645999999999999908e+00 1.152909363306587054e-01
9.029800820997309074e+00 6.322000000000000064e+00 1.124455423749647770e-01
9.043249069940621609e+00 6.605999999999999872e+00 1.149434643640080966e-01
9.056697318883932368e+00 6.129999999999999893e+00 1.107248842853312681e-01
9.070145567827244903e+00 6.233999999999999986e+00 1.116601988176628701e-01
9.083593816770555662e+00 6.110000000000000320e+00 1.105441088434838265e-01
9.097042065713868197e+00 5.724000000000000199e+00 1.069953270007620444e-01
9.110490314657180733e+00 5.533999999999999808e+00 1.052045626386992755e-01
9.123938563600491491e+00 5.357999999999999652e+00 1.035181143568602719e-01
9.137386812543804027e+00 5.185999999999999943e+00 1.018430164517921260e-01
9.150835061487116562e+00 4.735999999999999766e+00 9.732420048477151420e-02
9.164283310430427321e+00 4.886000000000000121e+00 9.885342685005918395e-02
9.177731559373739856e+00 4.764000000000000234e+00 9.761147473529943608e-02
9.191179808317052391e+00 4.730000000000000426e+00 9.726253132630262310e-02
9.204628057260363150e+00 4.543999999999999595e+00 9.533100230250388107e-02
9.218076306203675685e+00 4.605999999999999872e+00 9.597916440561461704e-02
9.231524555146988220e+00 4.482000000000000206e+00 9.467840302835699162e-02
9.244972804090298979e+00 4.408000000000000362e+00 9.389355675444402416e-02
9.258421053033611514e+00 4.363999999999999879e+00 9.342376571301329313e-02
9.271869301976924049e+00 4.330000000000000071e+00 9.305912099305473084e-02
9.285317550920234808e+00 4.500000000000000000e+00 9.486832980505137403e-02
9.298765799863547343e+00 4.535999999999999588e+00 9.524704719832526034e-02
9.312214048806858102e+00 4.604000000000000092e+00 9.595832428716125073e-02
9.325662297750170637e+00 4.365999999999999659e+00 9.344517108978932229e-02
9.339110546693483172e+00 4.517999999999999794e+00 9.505787710652915945e-02
9.352558795636793931e+00 4.653999999999999915e+00 9.647797676153870017e-02
9.366007044580106466e+00 4.698000000000000398e+00 9.693296652842108008e-02
9.379455293523419002e+00 4.477999999999999758e+00 9.463614531456783496e-02
9.392903542466729760e+00 4.709999999999999964e+00 9.705668446840742813e-02
9.406351791410042296e+00 4.940000000000000391e+00 9.939818911831342640e-02
9.419800040353354831e+00 4.733999999999999986e+00 9.730364844136113467e-02
9.433248289296665590e+00 4.674000000000000377e+00 9.668505572217456212e-02
9.446696538239978125e+00 4.881999999999999673e+00 9.881295461628500365e-02
9.460144787183290660e+00 4.716000000000000192e+00 9.711848433743186515e-02
9.473593036126601419e+00 4.790000000000000036e+00 9.787747442593724978e-02
9.487041285069913954e+00 4.733999999999999986e+00 9.730364844136113467e-02
9.500489534013226489e+00 4.809999999999999609e+00 9.808159868191383690e-02
9.513937782956537248e+00 4.701999999999999957e+00 9.697422337920526270e-02
9.527386031899849783e+00 4.620000000000000107e+00 9.612491872558333317e-02
9.540834280843160542e+00 4.838000000000000078e+00 9.836666101886350211e-02
9.554282529786473077e+00 4.594000000000000306e+00 9.585405573057408091e-02
9.567730778729785612e+00 4.599999999999999645e+00 9.591663046625438505e-02
9.581179027673096371e+00 4.724000000000000199e+00 9.720082304178294386e-02
9.594627276616408906e+00 4.788000000000000256e+00 9.785703858180053172e-02
9.608075525559721441e+00 4.796000000000000263e+00 9.793875637356234953e-02
9.621523774503032200e+00 5.065999999999999837e+00 1.006578362572929514e-01
9.634972023446344735e+00 4.977999999999999758e+00 9.977975746613136632e-02
9.648420272389657271e+00 5.086000000000000298e+00 1.008563334649837523e-01
9.661868521332968029e+00 5.115999999999999659e+00 1.011533489312143319e-01
9.675316770276280565e+00 4.919999999999999929e+00 9.919677414109796809e-02
9.688765019219593100e+00 5.016000000000000014e+00 1.001598722043913203e-01
9.702213268162903859e+00 4.725999999999999979e+00 9.722139682189306908e-02
9.715661517106216394e+00 4.820000000000000284e+00 9.818350166906861243e-02
9.729109766049528929e+00 4.706000000000000405e+00 9.701546268507922621e-02
9.742558014992839688e+00 4.642000000000000348e+00 9.635351576356722403e-02
9.756006263936152223e+00 4.581999999999999851e+00 9.572878355019456831e-02
9.769454512879462982e+00 4.397999999999999687e+00 9.378699270154683409e-02
9.782902761822775517e+00 4.565999999999999837e+00 9.556149852320232341e-02
9.796351010766088052e+00 4.187999999999999723e+00 9.152048950918040271e-02
9.809799259709398811e+00 4.224000000000000199e+00 9.191300234460846041e-02
9.823247508652711346e+00 4.251999999999999780e+00 9.221713506718802467e-02
9.836695757596023881e+00 4.102000000000000313e+00 9.057593499379401614e-02
9.850144006539334640e+00 4.360000000000000320e+00 9.338094023943001309e-02
9.863592255482647175e+00 4.315999999999999837e+00 9.290855719469547080e-02
9.877040504425959710e+00 4.354000000000000092e+00 9.331666517830564112e-02
9.890488753369270469e+00 4.368000000000000327e+00 9.346657156438338554e-02
9.903937002312583004e+00 4.293999999999999595e+00 9.267146270562476307e-02
9.917385251255895540e+00 4.378000000000000114e+00 9.357350052231667992e-02
9.930833500199206298e+00 4.354000000000000092e+00 9.331666517830564112e-02
9.944281749142518834e+00 4.259999999999999787e+00 9.230384607371461270e-02
9.957729998085831369e+00 4.467999999999999972e+00 9.453041838477178882e-02
9.971178247029142128e+00 4.216000000000000192e+00 9.182592226599198271e-02
9.984626495972454663e+00 4.259999999999999787e+00 9.230384607371461270e-02
9.998074744915765422e+00 4.296000000000000263e+00 9.269304181005173782e-02
1.001152299385907796e+01 4.227999999999999758e+00 9.195651146058120284e-02
1.002497124280239049e+01 3.962000000000000188e+00 8.901685233707154477e-02
1.003841949174570125e+01 3.910000000000000142e+00 8.843076387773658731e-02
1.005186774068901379e+01 4.017999999999999794e+00 8.964373932405987622e-02
1.006531598963232632e+01 3.850000000000000089e+00 8.774964387392121534e-02
1.007876423857563708e+01 3.886000000000000121e+00 8.815894736213675253e-02
1.009221248751894962e+01 3.798000000000000043e+00 8.715503427800369574e-02
1.010566073646226215e+01 3.576000000000000068e+00 8.456949804746390076e-02
1.011910898540557291e+01 3.704000000000000181e+00 8.606973916540004710e-02
1.013255723434888544e+01 3.636000000000000121e+00 8.527602242131136767e-02
1.014600548329219798e+01 3.556000000000000050e+00 8.433267456923206062e-02
1.015945373223550874e+01 3.625999999999999890e+00 8.515867542417507319e-02
1.017290198117882127e+01 3.463999999999999968e+00 8.323460818673925066e-02
1.018635023012213381e+01 3.410000000000000142e+00 8.258329128825030174e-02
1.019979847906544457e+01 3.505999999999999783e+00 8.373768566183328876e-02
1.021324672800875710e+01 3.520000000000000018e+00 8.390470785361212047e-02
1.022669497695206786e+01 3.439999999999999947e+00 8.294576541331087627e-02
1.024014322589538040e+01 3.434000000000000163e+00 8.287339742040264468e-02
1.025359147483869293e+01 3.283999999999999808e+00 8.104319835741924383e-02
1.026703972378200369e+01 3.459999999999999964e+00 8.318653737234169010e-02
1.028048797272531623e+01 3.462000000000000188e+00 8.321057625085888365e-02
1.029393622166862876e+01 3.362000000000000099e+00 8.200000000000000344e-02
1.030738447061193952e+01 3.241999999999999993e+00 8.052328855678958508e-02
1.032083271955525205e+01 3.431999999999999940e+00 8.284926070883191773e-02
1.033428096849856459e+01 3.314000000000000057e+00 8.141252974819047916e-02
1.034772921744187535e+01 3.185999999999999943e+00 7.982480817390041894e-02
1.036117746638518788e+01 3.358000000000000096e+00 8.195120499419152049e-02
1.037462571532850042e+01 3.274000000000000021e+00 8.091971329657564327e-02
1.038807396427181118e+01 3.351999999999999869e+00 8.187795796183487684e-02
1.040152221321512371e+01 3.319999999999999840e+00 8.148619514985344647e-02
1.041497046215843625e+01 3.371999999999999886e+00 8.212186067059122629e-02
1.042841871110174701e+01 3.213999999999999968e+00 8.017480901130977222e-02
1.044186696004505954e+01 3.181999999999999940e+00 7.977468270071652601e-02
1.045531520898837030e+01 3.061999999999999833e+00 7.825599018605540469e-02
1.046876345793168284e+01 3.121999999999999886e+00 7.901898506055364535e-02
1.048221170687499537e+01 3.270000000000000018e+00 8.087026647662291789e-02
1.049565995581830613e+01 3.201999999999999957e+00 8.002499609497021327e-02
1.050910820476161867e+01 3.140000000000000124e+00 7.924645102463580282e-02
1.052255645370493120e+01 3.149999999999999911e+00 7.937253933193771926e-02
1.053600470264824196e+01 3.224000000000000199e+00 8.029943959953893262e-02
1.054945295159155449e+01 3.072000000000000064e+00 7.838367176906169131e-02
1.056290120053486703e+01 3.161999999999999922e+00 7.952358140828416633e-02
1.057634944947817779e+01 2.947999999999999954e+00 7.678541528180986286e-02
1.058979769842149032e+01 3.053999999999999826e+00 7.815369473031968939e-02
1.060324594736480286e+01 3.036000000000000032e+00 7.792303895511262790e-02
1.061669419630811362e+01 3.149999999999999911e+00 7.937253933193771926e-02
1.063014244525142615e+01 3.021999999999999797e+00 7.774316690230723137e-02
1.064359069419473869e+01 2.994000000000000217e+00 7.738216848861240171e-02
1.065703894313804945e+01 3.029999999999999805e+00 7.784600182411424707e-02
1.067048719208136198e+01 3.020000000000000018e+00 7.771743691090179929e-02
1.068393544102467274e+01 2.951999999999999957e+00 7.683749084919418160e-02
1.069738368996798528e+01 3.100000000000000089e+00 7.874007874011811070e-02
1.071083193891129781e+01 3.077999999999999847e+00 7.846018098373212790e-02
1.072428018785460857e+01 2.903999999999999915e+00 7.621023553303059306e-02
1.073772843679792111e+01 3.097999999999999865e+00 7.871467461661771359e-02
1.075117668574123364e+01 2.867999999999999883e+00 7.573638491504594561e-02
1.076462493468454440e+01 2.879999999999999893e+00 7.589466384404110200e-02
1.077807318362785693e+01 2.851999999999999869e+00 7.552483035399681910e-02
1.079152143257116947e+01 2.906000000000000139e+00 7.623647421018367454e-02
1.080496968151448023e+01 2.874000000000000110e+00 7.581556568409947294e-02
1.081841793045779276e+01 2.970000000000000195e+00 7.707139547199076679e-02
1.083186617940110530e+01 2.882000000000000117e+00 7.592101158440922593e-02
1.084531442834441606e+01 2.927999999999999936e+00 7.652450587883596889e-02
1.085876267728772859e+01 2.748000000000000220e+00 7.413501197140254240e-02
1.087221092623104113e+01 2.891999999999999904e+00 7.605261336732617450e-02
1.088565917517435189e+01 2.915999999999999925e+00 7.636753236814713963e-02
1.089910742411766442e+01 2.895999999999999908e+00 7.610519036176179031e-02
1.091255567306097518e+01 2.729999999999999982e+00 7.389181280764467452e-02
1.092600392200428772e+01 2.640000000000000124e+00 7.266360849833980451e-02
1.093945217094760025e+01 2.665999999999999925e+00 7.302054505411473273e-02
1.095290041989091101e+01 2.697999999999999954e+00 7.345747068882782504e-02
1.096634866883422355e+01 2.625999999999999890e+00 7.247068372797374480e-02
1.097979691777753608e+01 2.778000000000000025e+00 7.453858061433689397e-02
1.099324516672084684e+01 2.799999999999999822e+00 7.483314773547883325e-02
1.100669341566415937e+01 2.834000000000000075e+00 7.528612089887484760e-02
1.102014166460747191e+01 2.745999999999999996e+00 7.410802925459561430e-02
1.103358991355078267e+01 2.649999999999999911e+00 7.280109889280518554e-02
1.104703816249409520e+01 2.720000000000000195e+00 7.375635565834309793e-02
1.106048641143740774e+01 2.705999999999999961e+00 7.356629663099807648e-02
1.107393466038071850e+01 2.653999999999999915e+00 7.285602240034794175e-02
1.108738290932403103e+01 2.621999999999999886e+00 7.241546796092669658e-02
1.110083115826734357e+01 2.636000000000000121e+00 7.260853944268538807e-02
1.111427940721065433e+01 2.513999999999999790e+00 7.090839160494334659e-02
1.112772765615396686e+01 2.632000000000000117e+00 7.255342858886822122e-02
1.114117590509727762e+01 2.576000000000000068e+00 7.177743377970544070e-02
1.115462415404059016e+01 2.474000000000000199e+00 7.034202158027590135e-02
1.116807240298390269e+01 2.656000000000000139e+00 7.288346863315439683e-02
1.118152065192721345e+01 2.633999999999999897e+00 7.258098924649621086e-02
1.119496890087052599e+01 2.528000000000000025e+00 7.110555533852470911e-02
1.120841714981383852e+01 2.633999999999999897e+00 7.258098924649621086e-02
1.122186539875714928e+01 2.581999999999999851e+00 7.186097689288672985e-02
1.123531364770046181e+01 2.628000000000000114e+00 7.249827584156742777e-02
1.124876189664377435e+01 2.525999999999999801e+00 7.107742257566744548e-02
1.126221014558708511e+01 2.717999999999999972e+00 7.372923436466705116e-02
1.127565839453039764e+01 2.625999999999999890e+00 7.247068372797374480e-02
1.128910664347371018e+01 2.557999999999999829e+00 7.152621896899066800e-02
1.130255489241702094e+01 2.533999999999999808e+00 7.118988692223074399e-02
1.131600314136033347e+01 2.677999999999999936e+00 7.318469785412794193e-02
1.132945139030364601e+01 2.581999999999999851e+00 7.186097689288672985e-02
1.134289963924695677e+01 2.605999999999999872e+00 7.219418259112017622e-02
1.135634788819026930e+01 2.549999999999999822e+00 7.141428428542849483e-02
1.136979613713358006e+01 2.470000000000000195e+00 7.028513356322231564e-02
1.138324438607689260e+01 2.370000000000000107e+00 6.884765791223403097e-02
1.139669263502020513e+01 2.504000000000000004e+00 7.076722405181652686e-02
1.141014088396351589e+01 2.426000000000000156e+00 6.965629906907198909e-02
1.142358913290682843e+01 2.370000000000000107e+00 6.884765791223403097e-02
1.143703738185014096e+01 2.351999999999999869e+00 6.858571279792899378e-02
1.145048563079345172e+01 2.406000000000000139e+00 6.936858078409849360e-02
1.146393387973676425e+01 2.270000000000000018e+00 6.737952211169206951e-02
1.147738212868007679e+01 2.315999999999999837e+00 6.805879810869422397e-02
1.149083037762338755e+01 2.315999999999999837e+00 6.805879810869422397e-02
1.150427862656670008e+01 2.315999999999999837e+00 6.805879810869422397e-02
1.151772687551001262e+01 2.351999999999999869e+00 6.858571279792899378e-02
1.153117512445332338e+01 2.240000000000000213e+00 6.693280212272605112e-02
1.154462337339663591e+01 2.250000000000000000e+00 6.708203932499368083e-02
1.155807162233994845e+01 2.342000000000000082e+00 6.843975452907469226e-02
1.157151987128325921e+01 2.251999999999999780e+00 6.711184694225007241e-02
1.158496812022657174e+01 2.415999999999999925e+00 6.951258878793106777e-02
1.159841636916988250e+01 2.176000000000000156e+00 6.596969000988256449e-02
1.161186461811319504e+01 2.251999999999999780e+00 6.711184694225007241e-02
1.162531286705650757e+01 2.208000000000000185e+00 6.645299090334459702e-02
1.163876111599981833e+01 2.136000000000000121e+00 6.536053855347276342e-02
1.165220936494313086e+01 2.266000000000000014e+00 6.732013071882733679e-02
1.166565761388644340e+01 2.109999999999999876e+00 6.496152707564685491e-02
1.167910586282975416e+01 2.061999999999999833e+00 6.421837743200929649e-02
1.169255411177306669e+01 2.168000000000000149e+00 6.584831053261731848e-02
1.170600236071637923e+01 2.100000000000000089e+00 6.480740698407859435e-02
1.171945060965968999e+01 2.028000000000000025e+00 6.368673331236263113e-02
1.173289885860300252e+01 2.057999999999999829e+00 6.415605972938176471e-02
1.174634710754631506e+01 2.056000000000000050e+00 6.412487816752560077e-02
1.175979535648962582e+01 2.100000000000000089e+00 6.480740698407859435e-02
1.177324360543293835e+01 2.085999999999999854e+00 6.459102104782057929e-02
1.178669185437625089e+01 1.965999999999999970e+00 6.270566162636352636e-02
1.180014010331956165e+01 2.033999999999999808e+00 6.378087487640790587e-02
1.181358835226287418e+01 2.001999999999999780e+00 6.327716807822550416e-02
1.182703660120618672e+01 2.060000000000000053e+00 6.418722614352485867e-02
1.184048485014949748e+01 2.037999999999999812e+00 6.384355879804946843e-02
1.185393309909281001e+01 1.899999999999999911e+00 6.164414002968976458e-02
1.186738134803612077e+01 1.889999999999999902e+00 6.148170459575759417e-02
1.188082959697943330e+01 1.947999999999999954e+00 6.241794613730893698e-02
1.189427784592274584e+01 1.973999999999999977e+00 6.283311228962003281e-02
1.190772609486605660e+01 1.802000000000000046e+00 6.003332407921453673e-02
1.192117434380936913e+01 2.009999999999999787e+00 6.340346993658943497e-02
1.193462259275268167e+01 1.893999999999999906e+00 6.154673021371646902e-02
1.194807084169599243e+01 1.862000000000000099e+00 6.102458520956943050e-02
1.196151909063930496e+01 1.786000000000000032e+00 5.976621118993574039e-02
1.197496733958261750e+01 1.891999999999999904e+00 6.151422599691879628e-02
1.198841558852592826e+01 1.844000000000000083e+00 6.072890580275590311e-02
1.200186383746924079e+01 1.866000000000000103e+00 6.109009739720505650e-02
1.201531208641255333e+01 1.745999999999999996e+00 5.909314681077663250e-02
1.202876033535586409e+01 1.800000000000000044e+00 5.999999999999999778e-02
1.204220858429917662e+01 1.854000000000000092e+00 6.089334939055331825e-02
1.205565683324248916e+01 1.766000000000000014e+00 5.943063183241450304e-02
1.206910508218579992e+01 1.782000000000000028e+00 5.969924622639719708e-02
1.208255333112911245e+01 1.794000000000000039e+00 5.989991652748774542e-02
1.209600158007242321e+01 1.832000000000000073e+00 6.053098380168622783e-02
1.210944982901573574e+01 1.766000000000000014e+00 5.943063183241450304e-02
1.212289807795904828e+01 1.735999999999999988e+00 5.892367945062493978e-02
1.213634632690235904e+01 1.737999999999999989e+00 5.895761189193470669e-02
1.214979457584567157e+01 1.737999999999999989e+00 5.895761189193470669e-02
1.216324282478898411e+01 1.721999999999999975e+00 5.868560300448483896e-02
1.217669107373229487e+01 1.723999999999999977e+00 5.871967302361279228e-02
1.219013932267560740e+01 1.604000000000000092e+00 5.663920903402518831e-02
1.220358757161891994e+01 1.546000000000000041e+00 5.560575509783137471e-02
1.221703582056223070e+01 1.574000000000000066e+00 5.610704055642214833e-02
1.223048406950554323e+01 1.683999999999999941e+00 5.803447251418763358e-02
1.224393231844885577e+01 1.687999999999999945e+00 5.810335618533579716e-02
1.225738056739216653e+01 1.580000000000000071e+00 5.621387729022078728e-02
1.227082881633547906e+01 1.622000000000000108e+00 5.695612346359257144e-02
1.228427706527879160e+01 1.637999999999999901e+00 5.723635208501674093e-02
1.229772531422210236e+01 1.633999999999999897e+00 5.716642371182580756e-02
1.231117356316541489e+01 1.580000000000000071e+00 5.621387729022078728e-02
1.232462181210872565e+01 1.663999999999999924e+00 5.768882040742382561e-02
1.233807006105203818e+01 1.572000000000000064e+00 5.607138307550475070e-02
1.235151830999535072e+01 1.610000000000000098e+00 5.674504383644442956e-02
1.236496655893866148e+01 1.596000000000000085e+00 5.649778756730214346e-02
1.237841480788197401e+01 1.625999999999999890e+00 5.702630971753300942e-02
1.239186305682528655e+01 1.491999999999999993e+00 5.462600113499065102e-02
1.240531130576859731e+01 1.493999999999999995e+00 5.466260147486579762e-02
1.241875955471190984e+01 1.594000000000000083e+00 5.646237685397241524e-02
1.243220780365522238e+01 1.582000000000000073e+00 5.624944444170092844e-02
1.244565605259853314e+01 1.590000000000000080e+00 5.639148871948673758e-02
1.245910430154184567e+01 1.622000000000000108e+00 5.695612346359257144e-02
1.247255255048515821e+01 1.421999999999999931e+00 5.332916650389353530e-02
1.248600079942846897e+01 1.596000000000000085e+00 5.649778756730214346e-02
1.249944904837178150e+01 1.429999999999999938e+00 5.347896782848375608e-02
1.251289729731509404e+01 1.546000000000000041e+00 5.560575509783137471e-02
1.252634554625840480e+01 1.385999999999999899e+00 5.264978632435272921e-02
1.253979379520171733e+01 1.445999999999999952e+00 5.377731863899500725e-02
1.255324204414502809e+01 1.477999999999999980e+00 5.436910887627274813e-02
1.256669029308834062e+01 1.437999999999999945e+00 5.362835071116769242e-02
1.258013854203165316e+01 1.375999999999999890e+00 5.245950819441600604e-02
1.259358679097496392e+01 1.381999999999999895e+00 5.257375771237966094e-02
1.260703503991827645e+01 1.310000000000000053e+00 5.118593556827890495e-02
1.262048328886158899e+01 1.370000000000000107e+00 5.234500931320960199e-02
1.263393153780489975e+01 1.296000000000000041e+00 5.091168824543142180e-02
1.264737978674821228e+01 1.370000000000000107e+00 5.234500931320960199e-02
1.266082803569152482e+01 1.433999999999999941e+00 5.355371135598353816e-02
1.267427628463483558e+01 1.312000000000000055e+00 5.122499389946278542e-02
1.268772453357814811e+01 1.300000000000000044e+00 5.099019513592784741e-02
1.270117278252146065e+01 1.217999999999999972e+00 4.935585071701226872e-02
1.271462103146477141e+01 1.262000000000000011e+00 5.023942674832188038e-02
1.272806928040808394e+01 1.227999999999999980e+00 4.955804677345546777e-02
1.274151752935139648e+01 1.282000000000000028e+00 5.063595560468865664e-02
1.275496577829470723e+01 1.256000000000000005e+00 5.011985634456667116e-02
1.276841402723801977e+01 1.300000000000000044e+00 5.099019513592784741e-02
1.278186227618133053e+01 1.207999999999999963e+00 4.915282290977802948e-02
1.279531052512464306e+01 1.225999999999999979e+00 4.951767361255979272e-02
1.280875877406795560e+01 1.203999999999999959e+00 4.907137658554118487e-02
1.282220702301126636e+01 1.250000000000000000e+00 5.000000000000000278e-02
1.283565527195457889e+01 1.270000000000000018e+00 5.039841267341661074e-02
1.284910352089789143e+01 1.118000000000000105e+00 4.728636167014755448e-02
1.286255176984120219e+01 1.173999999999999932e+00 4.845616575834287010e-02
1.287600001878451472e+01 1.133999999999999897e+00 4.762352359916263017e-02
1.288944826772782726e+01 1.157999999999999918e+00 4.812483766206385877e-02
1.290289651667113802e+01 1.195999999999999952e+00 4.890807704254993699e-02
1.291634476561445055e+01 1.131999999999999895e+00 4.758150901348127265e-02
1.292979301455776309e+01 1.159999999999999920e+00 4.816637831516918516e-02
1.294324126350107385e+01 1.137999999999999901e+00 4.770744176750625620e-02
1.295668951244438638e+01 1.078000000000000069e+00 4.643274706497559773e-02
1.297013776138769892e+01 1.215999999999999970e+00 4.931531202375180611e-02
1.298358601033100967e+01 1.108000000000000096e+00 4.707440918375927624e-02
1.299703425927432221e+01 1.104000000000000092e+00 4.698936049788292324e-02
1.301048250821763297e+01 1.114000000000000101e+00 4.720169488482378606e-02
1.302393075716094550e+01 1.129999999999999893e+00 4.753945729601885550e-02
1.303737900610425804e+01 1.068000000000000060e+00 4.621688003316537507e-02
1.305082725504756880e+01 1.052000000000000046e+00 4.586937976471885947e-02
1.306427550399088133e+01 1.072000000000000064e+00 4.630334761116090131e-02
1.307772375293419387e+01 1.066000000000000059e+00 4.617358552246078607e-02
1.309117200187750463e+01 1.010000000000000009e+00 4.494441010848846535e-02
1.310462025082081716e+01 1.044000000000000039e+00 4.569463863518345020e-02
1.311806849976412970e+01 1.114000000000000101e+00 4.720169488482378606e-02
1.313151674870744046e+01 9.679999999999999716e-01 4.399999999999999745e-02
1.314496499765075299e+01 9.899999999999999911e-01 4.449719092257397451e-02
1.315841324659406553e+01 1.014000000000000012e+00 4.503332099679080436e-02
1.317186149553737629e+01 1.034000000000000030e+00 4.547526800360829347e-02
1.318530974448068882e+01 1.026000000000000023e+00 4.529900661162449688e-02
1.319875799342400136e+01 9.939999999999999947e-01 4.458699361921591303e-02
1.321220624236731211e+01 1.020000000000000018e+00 4.516635916254485572e-02
1.322565449131062465e+01 9.280000000000000471e-01 4.308131845707603019e-02
1.323910274025393541e+01 9.220000000000000417e-01 4.294182110716777273e-02
1.325255098919724794e+01 9.459999999999999520e-01 4.349712634186309740e-02
1.326599923814056048e+01 8.820000000000000062e-01 4.200000000000000261e-02
1.327944748708387124e+01 8.980000000000000204e-01 4.237924020083418120e-02
1.329289573602718377e+01 9.100000000000000311e-01 4.266145801540308785e-02
1.330634398497049631e+01 8.960000000000000187e-01 4.233202097703345212e-02
1.331979223391380707e+01 9.459999999999999520e-01 4.349712634186309740e-02
1.333324048285711960e+01 8.659999999999999920e-01 4.161730409336962533e-02
1.334668873180043214e+01 9.020000000000000240e-01 4.247352116319060705e-02
1.336013698074374290e+01 9.240000000000000435e-01 4.298837052040935247e-02
1.337358522968705543e+01 8.679999999999999938e-01 4.166533331199932105e-02
1.338703347863036797e+01 8.479999999999999760e-01 4.118252056394800659e-02
1.340048172757367873e+01 7.940000000000000391e-01 3.984971769034255373e-02
1.341392997651699126e+01 8.179999999999999494e-01 4.044749683231337045e-02
1.342737822546030380e+01 8.479999999999999760e-01 4.118252056394800659e-02
1.344082647440361455e+01 8.179999999999999494e-01 4.044749683231337045e-02
1.345427472334692709e+01 8.179999999999999494e-01 4.044749683231337045e-02
1.346772297229023785e+01 8.840000000000000080e-01 4.204759208325727776e-02
1.348117122123355038e+01 7.479999999999999982e-01 3.867815921162743448e-02
1.349461947017686292e+01 7.920000000000000373e-01 3.979949748426479805e-02
1.350806771912017368e+01 8.020000000000000462e-01 4.004996878900157764e-02
1.352151596806348621e+01 7.700000000000000178e-01 3.924283374069716807e-02
1.353496421700679875e+01 7.860000000000000320e-01 3.964845520319802002e-02
1.354841246595010951e+01 8.120000000000000551e-01 4.029888335921977260e-02
1.356186071489342204e+01 8.120000000000000551e-01 4.029888335921977260e-02
1.357530896383673458e+01 8.319999999999999618e-01 4.079215610874227516e-02
1.358875721278004534e+01 7.299999999999999822e-01 3.820994634908559534e-02
1.360220546172335787e+01 7.159999999999999698e-01 3.784177585684900258e-02
1.361565371066667041e+01 7.119999999999999662e-01 3.773592452822641108e-02
1.362910195960998117e+01 6.840000000000000524e-01 3.698648401781385459e-02
1.364255020855329370e+01 7.560000000000000053e-01 3.888444419044716216e-02
1.365599845749660624e+01 7.139999999999999680e-01 3.778888725538236820e-02
1.366944670643991699e+01 7.019999999999999574e-01 3.746998799039038403e-02
1.368289495538322953e+01 6.959999999999999520e-01 3.730951621235525928e-02
1.369634320432654029e+01 7.039999999999999591e-01 3.752332607858743785e-02
1.370979145326985282e+01 7.079999999999999627e-01 3.762977544445355454e-02
1.372323970221316536e+01 6.939999999999999503e-01 3.725587202039431362e-02
1.373668795115647612e+01 6.340000000000000080e-01 3.560898762952971475e-02
1.375013620009978865e+01 6.440000000000000169e-01 3.588871688985272035e-02
1.376358444904310119e+01 6.119999999999999885e-01 3.498571136907180357e-02
1.377703269798641017e+01 6.420000000000000151e-01 3.583294573433783159e-02
1.379048094692972271e+01 5.500000000000000444e-01 3.316624790355399838e-02
1.380392919587303524e+01 6.199999999999999956e-01 3.521363372331801772e-02
1.381737744481634600e+01 5.120000000000000107e-01 3.200000000000000067e-02
1.383082569375965853e+01 5.679999999999999494e-01 3.370459909270543536e-02
1.384427394270297107e+01 5.759999999999999565e-01 3.394112549695427888e-02
1.385772219164628183e+01 5.620000000000000551e-01 3.352610922848042047e-02
1.387117044058959436e+01 5.220000000000000195e-01 3.231098884280701744e-02
1.388461868953290690e+01 6.440000000000000169e-01 3.588871688985272035e-02
1.389806693847621766e+01 5.600000000000000533e-01 3.346640106136302556e-02
1.391151518741953019e+01 5.440000000000000391e-01 3.298484500494128224e-02
1.392496343636284273e+01 4.879999999999999893e-01 3.124099870362661430e-02
1.393841168530615349e+01 5.040000000000000036e-01 3.174901573277508909e-02
1.395185993424946602e+01 5.140000000000000124e-01 3.206243908376280038e-02
1.396530818319277856e+01 4.919999999999999929e-01 3.136877428271624829e-02
1.397875643213608932e+01 5.100000000000000089e-01 3.193743884534262084e-02
1.399220468107940185e+01 4.560000000000000164e-01 3.019933774108300023e-02
1.400565293002271261e+01 4.859999999999999876e-01 3.117691453623979217e-02
1.401910117896602515e+01 4.879999999999999893e-01 3.124099870362661430e-02
1.403254942790933768e+01 4.879999999999999893e-01 3.124099870362661430e-02
1.404599767685264844e+01 4.480000000000000093e-01 2.993325909419152983e-02
1.405944592579596097e+01 4.380000000000000004e-01 2.959729717389748480e-02
1.407289417473927351e+01 4.400000000000000022e-01 2.966479394838265199e-02
1.408634242368258427e+01 4.099999999999999756e-01 2.863564212655270516e-02
1.409979067262589680e+01 4.139999999999999791e-01 2.877498913987631968e-02
1.411323892156920934e+01 4.099999999999999756e-01 2.863564212655270516e-02
1.412668717051252010e+01 3.940000000000000169e-01 2.807133769523639799e-02
1.414013541945583263e+01 3.980000000000000204e-01 2.821347195933177066e-02
1.415358366839914517e+01 3.599999999999999867e-01 2.683281572999747858e-02
1.416703191734245593e+01 3.320000000000000173e-01 2.576819745345025267e-02
1.418048016628576846e+01 4.199999999999999845e-01 2.898275349237887724e-02
1.419392841522908100e+01 3.719999999999999973e-01 2.727636339397171081e-02
1.420737666417239176e+01 3.519999999999999796e-01 2.653299832284319870e-02
1.422082491311570429e+01 3.260000000000000120e-01 2.553429066960740887e-02
1.423427316205901505e+01 3.439999999999999725e-01 2.622975409720800302e-02
1.424772141100232759e+01 3.679999999999999938e-01 2.712931993250107185e-02
1.426116965994564012e+01 3.699999999999999956e-01 2.720294101747088716e-02
1.427461790888895088e+01 3.039999999999999925e-01 2.465765601187590306e-02
1.428806615783226341e+01 2.839999999999999747e-01 2.383275057562597027e-02
1.430151440677557595e+01 2.859999999999999765e-01 2.391652148620279639e-02
1.431496265571888671e+01 3.019999999999999907e-01 2.457641145488901474e-02
1.432841090466219924e+01 2.039999999999999869e-01 2.019900987672415549e-02
1.434185915360551178e+01 2.999999999999999889e-01 2.449489742783178201e-02
1.435530740254882254e+01 2.600000000000000089e-01 2.280350850198275756e-02
1.436875565149213507e+01 1.980000000000000093e-01 1.989974874213239903e-02
1.438220390043544761e+01 2.119999999999999940e-01 2.059126028197400329e-02
1.439565214937875837e+01 2.520000000000000018e-01 2.244994432064364998e-02
1.440910039832207090e+01 1.900000000000000022e-01 1.949358868961792793e-02
1.442254864726538344e+01 2.039999999999999869e-01 2.019900987672415549e-02
1.443599689620869420e+01 1.819999999999999951e-01 1.907878402833891249e-02
1.444944514515200673e+01 2.179999999999999993e-01 2.088061301782110149e-02
1.446289339409531749e+01 1.479999999999999927e-01 1.720465053408525360e-02
1.447634164303863002e+01 1.360000000000000098e-01 1.649242250247064112e-02
1.448978989198194256e+01 1.519999999999999962e-01 1.743559577416269740e-02
1.450323814092525332e+01 1.400000000000000133e-01 1.673320053068151278e-02
1.451668638986856585e+01 1.340000000000000080e-01 1.637070554374489909e-02
1.453013463881187839e+01 1.100000000000000006e-01 1.483239697419132599e-02
1.454358288775518915e+01 1.340000000000000080e-01 1.637070554374489909e-02
1.455703113669850168e+01 1.320000000000000062e-01 1.624807680927192050e-02
1.457047938564181422e+01 1.120000000000000023e-01 1.496662954709576492e-02
1.458392763458512498e+01 9.199999999999999845e-02 1.356465996625053592e-02
1.459737588352843751e+01 1.000000000000000056e-01 1.414213562373095069e-02
1.461082413247175005e+01 5.399999999999999939e-02 1.039230484541326348e-02
1.462427238141506081e+01 5.999999999999999778e-02 1.095445115010332260e-02
1.463772063035837334e+01 4.000000000000000083e-02 8.944271909999159526e-03
1.465116887930168588e+01 5.999999999999999778e-02 1.095445115010332260e-02
1.466461712824499664e+01 5.800000000000000294e-02 1.077032961426900755e-02
1.467806537718830917e+01 4.200000000000000261e-02 9.165151389911679186e-03
1.469151362613161993e+01 3.599999999999999728e-02 8.485281374238569721e-03
1.470496187507493246e+01 2.999999999999999889e-02 7.745966692414833765e-03
1.471841012401824500e+01 2.800000000000000058e-02 7.483314773547882458e-03
1.473185837296155576e+01 3.200000000000000067e-02 8.000000000000000167e-03
1.474530662190486829e+01 2.999999999999999889e-02 7.745966692414833765e-03
1.475875487084818083e+01 6.199999999999999956e-02 1.113552872566004291e-02
1.477220311979149159e+01 2.800000000000000058e-02 7.483314773547882458e-03
1.478565136873480412e+01 2.000000000000000042e-02 6.324555320336758789e-03
1.479909961767811666e+01 2.400000000000000050e-02 6.928203230275508696e-03
1.481254786662142742e+01 1.000000000000000021e-02 4.472135954999579763e-03
1.482599611556473995e+01 1.400000000000000029e-02 5.291502622129181516e-03
1.483944436450805249e+01 2.800000000000000058e-02 7.483314773547882458e-03
1.485289261345136325e+01 2.199999999999999872e-02 6.633249580710799675e-03
1.486634086239467578e+01 1.600000000000000033e-02 5.656854249492380970e-03
1.487978911133798832e+01 2.199999999999999872e-02 6.633249580710799675e-03
1.489323736028129908e+01 2.000000000000000042e-02 6.324555320336758789e-03
1.490668560922461161e+01 2.000000000000000042e-02 6.324555320336758789e-03
1.492013385816792237e+01 1.799999999999999864e-02 6.000000000000000125e-03
1.493358210711123490e+01 2.400000000000000050e-02 6.928203230275508696e-03
1.494703035605454744e+01 2.000000000000000042e-02 6.324555320336758789e-03
1.496047860499785820e+01 1.600000000000000033e-02 5.656854249492380970e-03
1.497392685394117073e+01 1.000000000000000021e-02 4.472135954999579763e-03
1.498737510288448327e+01 1.799999999999999864e-02 6.000000000000000125e-03
1.500082335182779403e+01 1.200000000000000025e-02 4.898979485566355707e-03
1.501427160077110656e+01 1.799999999999999864e-02 6.000000000000000125e-03
1.502771984971441910e+01 1.600000000000000033e-02 5.656854249492380970e-03
1.504116809865772986e+01 2.800000000000000058e-02 7.483314773547882458e-03
1.505461634760104239e+01 2.800000000000000058e-02 7.483314773547882458e-03
1.506806459654435493e+01 1.600000000000000033e-02 5.656854249492380970e-03
1.508151284548766569e+01 2.199999999999999872e-02 6.633249580710799675e-03
1.509496109443097822e+01 1.000000000000000021e-02 4.472135954999579763e-03
1.510840934337429076e+01 2.000000000000000042e-02 6.324555320336758789e-03
1.512185759231760152e+01 2.199999999999999872e-02 6.633249580710799675e-03
1.513530584126091405e+01 3.200000000000000067e-02 8.000000000000000167e-03
1.514875409020422481e+01 2.400000000000000050e-02 6.928203230275508696e-03
1.516220233914753734e+01 2.000000000000000042e-02 6.324555320336758789e-03
1.517565058809084988e+01 2.400000000000000050e-02 6.928203230275508696e-03
1.518909883703416064e+01 1.400000000000000029e-02 5.291502622129181516e-03
1.520254708597747317e+01 2.000000000000000042e-02 6.324555320336758789e-03
1.521599533492078571e+01 2.000000000000000042e-02 6.324555320336758789e-03
1.522944358386409647e+01 1.799999999999999864e-02 6.000000000000000125e-03
1.524289183280740900e+01 1.200000000000000025e-02 4.898979485566355707e-03
1.525634008175072154e+01 2.999999999999999889e-02 7.745966692414833765e-03
1.526978833069403230e+01 2.000000000000000042e-02 6.324555320336758789e-03
1.528323657963734483e+01 1.200000000000000025e-02 4.898979485566355707e-03
1.529668482858065737e+01 2.400000000000000050e-02 6.928203230275508696e-03
1.531013307752396813e+01 2.199999999999999872e-02 6.633249580710799675e-03
1.532358132646728066e+01 2.999999999999999889e-02 7.745966692414833765e-03
1.533702957541059320e+01 1.400000000000000029e-02 5.291502622129181516e-03
1.535047782435390396e+01 1.200000000000000025e-02 4.898979485566355707e-03
1.536392607329721649e+01 1.000000000000000021e-02 4.472135954999579763e-03
1.537737432224052725e+01 1.000000000000000021e-02 4.472135954999579763e-03
1.539082257118383978e+01 2.000000000000000042e-02 6.324555320336758789e-03
1.540427082012715232e+01 1.000000000000000021e-02 4.472135954999579763e-03
1.541771906907046308e+01 1.799999999999999864e-02 6.000000000000000125e-03
1.543116731801377561e+01 2.000000000000000042e-02 6.324555320336758789e-03
1.544461556695708815e+01 1.200000000000000025e-02 4.898979485566355707e-03
1.545806381590039891e+01 2.400000000000000050e-02 6.928203230275508696e-03
1.547151206484371144e+01 1.200000000000000025e-02 4.898979485566355707e-03
1.548496031378702398e+01 1.600000000000000033e-02 5.656854249492380970e-03
1.549840856273033474e+01 2.000000000000000042e-02 6.324555320336758789e-03
1.551185681167364727e+01 1.000000000000000021e-02 4.472135954999579763e-03
1.552530506061695981e+01 1.200000000000000025e-02 4.898979485566355707e-03
1.553875330956027057e+01 2.000000000000000042e-02 6.324555320336758789e-03
1.555220155850358310e+01 2.199999999999999872e-02 6.633249580710799675e-03
1.556564980744689564e+01 2.000000000000000042e-02 6.324555320336758789e-03
1.557909805639020639e+01 1.799999999999999864e-02 6.000000000000000125e-03
1.559254630533351893e+01 1.400000000000000029e-02 5.291502622129181516e-03
1.560599455427682969e+01 2.000000000000000042e-02 6.324555320336758789e-03
1.561944280322014222e+01 2.599999999999999881e-02 7.211102550927978201e-03
1.563289105216345476e+01 2.599999999999999881e-02 7.211102550927978201e-03
1.564633930110676552e+01 8.000000000000000167e-03 4.000000000000000083e-03
1.565978755005007805e+01 1.799999999999999864e-02 6.000000000000000125e-03
1.567323579899339059e+01 1.400000000000000029e-02 5.291502622129181516e-03
1.568668404793670135e+01 2.000000000000000042e-02 6.324555320336758789e-03
1.570013229688001388e+01 8.000000000000000167e-03 4.000000000000000083e-03
1.571358054582332642e+01 1.799999999999999864e-02 6.000000000000000125e-03
1.572702879476663718e+01 1.400000000000000029e-02 5.291502622129181516e-03
1.574047704370994971e+01 2.599999999999999881e-02 7.211102550927978201e-03
1.575392529265326225e+01 2.999999999999999889e-02 7.745966692414833765e-03
1.576737354159657301e+01 1.200000000000000025e-02 4.898979485566355707e-03
1.578082179053988554e+01 1.600000000000000033e-02 5.656854249492380970e-03
1.579427003948319808e+01 1.799999999999999864e-02 6.000000000000000125e-03
1.580771828842650883e+01 2.000000000000000042e-02 6.324555320336758789e-03
1.582116653736982137e+01 1.200000000000000025e-02 4.898979485566355707e-03
1.583461478631313213e+01 2.400000000000000050e-02 6.928203230275508696e-03
1.584806303525644466e+01 8.000000000000000167e-03 4.000000000000000083e-03
1.586151128419975720e+01 4.000000000000000083e-03 2.828427124746190485e-03
1.587495953314306796e+01 8.000000000000000167e-03 4.000000000000000083e-03
1.588840778208638049e+01 8.000000000000000167e-03 4.000000000000000083e-03
1.590185603102969303e+01 8.000000000000000167e-03 4.000000000000000083e-03
1.591530427997300379e+01 1.799999999999999864e-02 6.000000000000000125e-03
1.592875252891631632e+01 1.400000000000000029e-02 5.291502622129181516e-03
1.594220077785962886e+01 1.400000000000000029e-02 5.291502622129181516e-03
1.595564902680293962e+01 1.400000000000000029e-02 5.291502622129181516e-03
1.596909727574625215e+01 8.000000000000000167e-03 4.000000000000000083e-03
1.598254552468956469e+01 1.200000000000000025e-02 4.898979485566355707e-03
1.599599377363287545e+01 1.400000000000000029e-02 5.291502622129181516e-03
1.600944202257618798e+01 1.799999999999999864e-02 6.000000000000000125e-03
1.602289027151950052e+01 1.200000000000000025e-02 4.898979485566355707e-03
1.603633852046281305e+01 1.400000000000000029e-02 5.291502622129181516e-03
1.604978676940612203e+01 1.200000000000000025e-02 4.898979485566355707e-03
1.606323501834943457e+01 2.000000000000000042e-02 6.324555320336758789e-03
1.607668326729274710e+01 1.400000000000000029e-02 5.291502622129181516e-03
1.609013151623605964e+01 1.000000000000000021e-02 4.472135954999579763e-03
1.610357976517937217e+01 1.400000000000000029e-02 5.291502622129181516e-03
1.611702801412268471e+01 1.400000000000000029e-02 5.291502622129181516e-03
1.613047626306599369e+01 1.000000000000000021e-02 4.472135954999579763e-03
1.614392451200930623e+01 1.200000000000000025e-02 4.898979485566355707e-03
1.615737276095261876e+01 1.400000000000000029e-02 5.291502622129181516e-03
1.617082100989593130e+01 6.000000000000000125e-03 3.464101615137754348e-03
1.618426925883924383e+01 4.000000000000000083e-03 2.828427124746190485e-03
1.619771750778255281e+01 1.200000000000000025e-02 4.898979485566355707e-03
1.621116575672586535e+01 1.600000000000000033e-02 5.656854249492380970e-03
1.622461400566917789e+01 1.799999999999999864e-02 6.000000000000000125e-03
1.623806225461249042e+01 8.000000000000000167e-03 4.000000000000000083e-03
1.625151050355580296e+01 1.000000000000000021e-02 4.472135954999579763e-03
1.626495875249911549e+01 1.799999999999999864e-02 6.000000000000000125e-03
1.627840700144242447e+01 6.000000000000000125e-03 3.464101615137754348e-03
1.629185525038573701e+01 8.000000000000000167e-03 4.000000000000000083e-03
1.630530349932904954e+01 1.200000000000000025e-02 4.898979485566355707e-03
1.631875174827236208e+01 1.799999999999999864e-02 6.000000000000000125e-03
1.633219999721567461e+01 4.000000000000000083e-03 2.828427124746190485e-03
1.634564824615898715e+01 1.000000000000000021e-02 4.472135954999579763e-03
1.635909649510229613e+01 1.400000000000000029e-02 5.291502622129181516e-03
1.637254474404560867e+01 1.000000000000000021e-02 4.472135954999579763e-03
1.638599299298892120e+01 8.000000000000000167e-03 4.000000000000000083e-03
1.639944124193223374e+01 4.000000000000000083e-03 2.828427124746190485e-03
1.641288949087554627e+01 1.400000000000000029e-02 5.291502622129181516e-03
1.642633773981885525e+01 1.400000000000000029e-02 5.291502622129181516e-03
1.643978598876216779e+01 1.000000000000000021e-02 4.472135954999579763e-03
1.645323423770548033e+01 1.600000000000000033e-02 5.656854249492380970e-03
1.646668248664879286e+01 1.000000000000000021e-02 4.472135954999579763e-03
1.648013073559210540e+01 1.000000000000000021e-02 4.472135954999579763e-03
1.649357898453541793e+01 1.600000000000000033e-02 5.656854249492380970e-03
1.650702723347872691e+01 1.000000000000000021e-02 4.472135954999579763e-03
1.652047548242203945e+01 1.400000000000000029e-02 5.291502622129181516e-03
1.653392373136535198e+01 1.200000000000000025e-02 4.898979485566355707e-03
1.654737198030866452e+01 6.000000000000000125e-03 3.464101615137754348e-03
1.656082022925197705e+01 1.200000000000000025e-02 4.898979485566355707e-03
1.657426847819528959e+01 1.799999999999999864e-02 6.000000000000000125e-03
1.658771672713859857e+01 2.000000000000000042e-02 6.324555320336758789e-03
1.660116497608191111e+01 1.000000000000000021e-02 4.472135954999579763e-03
1.661461322502522364e+01 1.400000000000000029e-02 5.291502622129181516e-03
1.662806147396853618e+01 1.000000000000000021e-02 4.472135954999579763e-03
1.664150972291184871e+01 1.799999999999999864e-02 6.000000000000000125e-03
1.665495797185515769e+01 1.000000000000000021e-02 4.472135954999579763e-03
1.666840622079847023e+01 1.200000000000000025e-02 4.898979485566355707e-03
1.668185446974178276e+01 1.600000000000000033e-02 5.656854249492380970e-03
1.669530271868509530e+01 1.000000000000000021e-02 4.472135954999579763e-03
1.670875096762840784e+01 8.000000000000000167e-03 4.000000000000000083e-03
1.672219921657172037e+01 1.400000000000000029e-02 5.291502622129181516e-03
1.673564746551502935e+01 8.000000000000000167e-03 4.000000000000000083e-03
1.674909571445834189e+01 1.000000000000000021e-02 4.472135954999579763e-03
1.676254396340165442e+01 8.000000000000000167e-03 4.000000000000000083e-03
1.677599221234496696e+01 1.400000000000000029e-02 5.291502622129181516e-03
1.678944046128827949e+01 1.400000000000000029e-02 5.291502622129181516e-03
1.680288871023159203e+01 1.200000000000000025e-02 4.898979485566355707e-03
1.681633695917490101e+01 1.600000000000000033e-02 5.656854249492380970e-03
1.682978520811821355e+01 8.000000000000000167e-03 4.000000000000000083e-03
1.684323345706152608e+01 2.400000000000000050e-02 6.928203230275508696e-03
1.685668170600483862e+01 1.000000000000000021e-02 4.472135954999579763e-03
1.687012995494815115e+01 1.200000000000000025e-02 4.898979485566355707e-03
1.688357820389146013e+01 1.200000000000000025e-02 4.898979485566355707e-03
1.689702645283477267e+01 1.400000000000000029e-02 5.291502622129181516e-03
1.691047470177808520e+01 1.200000000000000025e-02 4.898979485566355707e-03
1.692392295072139774e+01 8.000000000000000167e-03 4.000000000000000083e-03
1.693737119966471028e+01 8.000000000000000167e-03 4.000000000000000083e-03
1.695081944860802281e+01 6.000000000000000125e-03 3.464101615137754348e-03
1.696426769755133179e+01 8.000000000000000167e-03 4.000000000000000083e-03
1.697771594649464433e+01 1.200000000000000025e-02 4.898979485566355707e-03
1.699116419543795686e+01 1.000000000000000021e-02 4.472135954999579763e-03
1.700461244438126940e+01 6.000000000000000125e-03 3.464101615137754348e-03
1.701806069332458193e+01 8.000000000000000167e-03 4.000000000000000083e-03
1.703150894226789447e+01 6.000000000000000125e-03 3.464101615137754348e-03
1.704495719121120345e+01 6.000000000000000125e-03 3.464101615137754348e-03
1.705840544015451599e+01 6.000000000000000125e-03 3.464101615137754348e-03
1.707185368909782852e+01 1.000000000000000021e-02 4.472135954999579763e-03
1.708530193804114106e+01 1.400000000000000029e-02 5.291502622129181516e-03
1.709875018698445359e+01 1.200000000000000025e-02 4.898979485566355707e-03
1.711219843592776257e+01 8.000000000000000167e-03 4.000000000000000083e-03
1.712564668487107511e+01 1.000000000000000021e-02 4.472135954999579763e-03
1.713909493381438764e+01 1.200000000000000025e-02 4.898979485566355707e-03
1.715254318275770018e+01 8.000000000000000167e-03 4.000000000000000083e-03
1.716599143170101271e+01 1.000000000000000021e-02 4.472135954999579763e-03
1.717943968064432525e+01 1.400000000000000029e-02 5.291502622129181516e-03
1.719288792958763423e+01 1.200000000000000025e-02 4.898979485566355707e-03
1.720633617853094677e+01 1.000000000000000021e-02 4.472135954999579763e-03
1.721978442747425930e+01 1.000000000000000021e-02 4.472135954999579763e-03
1.723323267641757184e+01 8.000000000000000167e-03 4.000000000000000083e-03
1.724668092536088437e+01 4.000000000000000083e-03 2.828427124746190485e-03
1.726012917430419691e+01 2.000000000000000042e-03 2.000000000000000042e-03
1.727357742324750589e+01 2.000000000000000042e-03 2.000000000000000042e-03
1.728702567219081843e+01 6.000000000000000125e-03 3.464101615137754348e-03
1.730047392113413096e+01 1.000000000000000021e-02 4.472135954999579763e-03
1.731392217007744350e+01 6.000000000000000125e-03 3.464101615137754348e-03
1.732737041902075603e+01 1.000000000000000021e-02 4.472135954999579763e-03
1.734081866796406501e+01 6.000000000000000125e-03 3.464101615137754348e-03
1.735426691690737755e+01 6.000000000000000125e-03 3.464101615137754348e-03
1.736771516585069008e+01 1.600000000000000033e-02 5.656854249492380970e-03
1.738116341479400262e+01 1.000000000000000021e-02 4.472135954999579763e-03
1.739461166373731515e+01 6.000000000000000125e-03 3.464101615137754348e-03
1.740805991268062769e+01 8.000000000000000167e-03 4.000000000000000083e-03
1.742150816162393667e+01 6.000000000000000125e-03 3.464101615137754348e-03
1.743495641056724921e+01 8.000000000000000167e-03 4.000000000000000083e-03
1.744840465951056174e+01 4.000000000000000083e-03 2.828427124746190485e-03
1.746185290845387428e+01 4.000000000000000083e-03 2.828427124746190485e-03
1.747530115739718681e+01 4.000000000000000083e-03 2.828427124746190485e-03
1.748874940634049935e+01 6.000000000000000125e-03 3.464101615137754348e-03
1.750219765528380833e+01 1.400000000000000029e-02 5.291502622129181516e-03
1.751564590422712087e+01 4.000000000000000083e-03 2.828427124746190485e-03
1.752909415317043340e+01 6.000000000000000125e-03 3.464101615137754348e-03
1.754254240211374594e+01 6.000000000000000125e-03 3.464101615137754348e-03
1.755599065105705847e+01 1.000000000000000021e-02 4.472135954999579763e-03
1.756943890000036745e+01 1.000000000000000021e-02 4.472135954999579763e-03
1.758288714894367999e+01 2.000000000000000042e-03 2.000000000000000042e-03
1.759633539788699252e+01 6.000000000000000125e-03 3.464101615137754348e-03
1.760978364683030506e+01 8.000000000000000167e-03 4.000000000000000083e-03
1.762323189577361759e+01 1.000000000000000021e-02 4.472135954999579763e-03
1.763668014471693013e+01 4.000000000000000083e-03 2.828427124746190485e-03
1.765012839366023911e+01 6.000000000000000125e-03 3.464101615137754348e-03
1.766357664260355165e+01 6.000000000000000125e-03 3.464101615137754348e-03
1.767702489154686418e+01 1.200000000000000025e-02 4.898979485566355707e-03
1.769047314049017672e+01 1.000000000000000021e-02 4.472135954999579763e-03
1.770392138943348925e+01 6.000000000000000125e-03 3.464101615137754348e-03
1.771736963837680179e+01 6.000000000000000125e-03 3.464101615137754348e-03
1.773081788732011077e+01 2.000000000000000042e-03 2.000000000000000042e-03
1.774426613626342331e+01 8.000000000000000167e-03 4.000000000000000083e-03
1.775771438520673584e+01 8.000000000000000167e-03 4.000000000000000083e-03
1.777116263415004838e+01 8.000000000000000167e-03 4.000000000000000083e-03
1.778461088309336091e+01 1.200000000000000025e-02 4.898979485566355707e-03
1.779805913203666989e+01 6.000000000000000125e-03 3.464101615137754348e-03
1.781150738097998243e+01 2.000000000000000042e-03 2.000000000000000042e-03
1.782495562992329496e+01 6.000000000000000125e-03 3.464101615137754348e-03
1.783840387886660750e+01 4.000000000000000083e-03 2.828427124746190485e-03
1.785185212780992003e+01 4.000000000000000083e-03 2.828427124746190485e-03
1.786530037675323257e+01 8.000000000000000167e-03 4.000000000000000083e-03
1.787874862569654155e+01 6.000000000000000125e-03 3.464101615137754348e-03
1.789219687463985409e+01 2.000000000000000042e-03 2.000000000000000042e-03
1.790564512358316662e+01 6.000000000000000125e-03 3.464101615137754348e-03
1.791909337252647916e+01 6.000000000000000125e-03 3.464101615137754348e-03
1.793254162146979169e+01 8.000000000000000167e-03 4.000000000000000083e-03
1.794598987041310423e+01 8.000000000000000167e-03 4.000000000000000083e-03
1.795943811935641321e+01 2.000000000000000042e-03 2.000000000000000042e-03
1.797288636829972575e+01 4.000000000000000083e-03 2.828427124746190485e-03
1.798633461724303828e+01 4.000000000000000083e-03 2.828427124746190485e-03
1.799978286618635082e+01 1.200000000000000025e-02 4.898979485566355707e-03
1.801323111512966335e+01 2.000000000000000042e-03 2.000000000000000042e-03
1.802667936407297233e+01 4.000000000000000083e-03 2.828427124746190485e-03
1.804012761301628487e+01 1.200000000000000025e-02 4.898979485566355707e-03
1.805357586195959740e+01 1.200000000000000025e-02 4.898979485566355707e-03
1.806702411090290994e+01 4.000000000000000083e-03 2.828427124746190485e-03
1.808047235984622247e+01 6.000000000000000125e-03 3.464101615137754348e-03
1.809392060878953501e+01 1.400000000000000029e-02 5.291502622129181516e-03
1.810736885773284399e+01 4.000000000000000083e-03 2.828427124746190485e-03
1.812081710667615653e+01 2.000000000000000042e-03 2.000000000000000042e-03
1.813426535561946906e+01 2.000000000000000042e-03 2.000000000000000042e-03
1.814771360456278160e+01 6.000000000000000125e-03 3.464101615137754348e-03
1.816116185350609413e+01 4.000000000000000083e-03 2.828427124746190485e-03
1.817461010244940667e+01 1.200000000000000025e-02 4.898979485566355707e-03
1.818805835139271565e+01 4.000000000000000083e-03 2.828427124746190485e-03
1.820150660033602819e+01 6.000000000000000125e-03 3.464101615137754348e-03
1.821495484927934072e+01 4.000000000000000083e-03 2.828427124746190485e-03
1.822840309822265326e+01 6.000000000000000125e-03 3.464101615137754348e-03
1.824185134716596579e+01 2.000000000000000042e-03 2.000000000000000042e-03
1.825529959610927477e+01 6.000000000000000125e-03 3.464101615137754348e-03
1.826874784505258731e+01 1.000000000000000021e-02 4.472135954999579763e-03
1.828219609399589984e+01 2.000000000000000042e-03 2.000000000000000042e-03
1.829564434293921238e+01 4.000000000000000083e-03 2.828427124746190485e-03
1.830909259188252491e+01 4.000000000000000083e-03 2.828427124746190485e-03
1.832254084082583745e+01 4.000000000000000083e-03 2.828427124746190485e-03
1.833598908976914643e+01 6.000000000000000125e-03 3.464101615137754348e-03
1.834943733871245897e+01 0.000000000000000000e+00 0.000000000000000000e+00
1.836288558765577150e+01 6.000000000000000125e-03 3.464101615137754348e-03
1.837633383659908404e+01 6.000000000000000125e-03 3.464101615137754348e-03
1.838978208554239657e+01 0.000000000000000000e+00 0.000000000000000000e+00
1.840323033448570911e+01 0.000000000000000000e+00 0.000000000000000000e+00
1.841667858342901809e+01 8.000000000000000167e-03 4.000000000000000083e-03
1.843012683237233063e+01 4.000000000000000083e-03 2.828427124746190485e-03
1.844357508131564316e+01 8.000000000000000167e-03 4.000000000000000083e-03
1.845702333025895570e+01 0.000000000000000000e+00 0.000000000000000000e+00
1.847047157920226823e+01 0.000000000000000000e+00 0.000000000000000000e+00
1.848391982814557721e+01 1.000000000000000021e-02 4.472135954999579763e-03
1.849736807708888975e+01 6.000000000000000125e-03 3.464101615137754348e-03
1.851081632603220228e+01 2.000000000000000042e-03 2.000000000000000042e-03
1.852426457497551482e+01 6.000000000000000125e-03 3.464101615137754348e-03
1.853771282391882735e+01 2.000000000000000042e-03 2.000000000000000042e-03
1.855116107286213989e+01 6.000000000000000125e-03 3.464101615137754348e-03
1.856460932180544887e+01 6.000000000000000125e-03 3.464101615137754348e-03
1.857805757074876141e+01 2.000000000000000042e-03 2.000000000000000042e-03
1.859150581969207394e+01 8.000000000000000167e-03 4.000000000000000083e-03
1.860495406863538648e+01 2.000000000000000042e-03 2.000000000000000042e-03
1.861840231757869901e+01 6.000000000000000125e-03 3.464101615137754348e-03
1.863185056652201155e+01 4.000000000000000083e-03 2.828427124746190485e-03
1.864529881546532053e+01 4.000000000000000083e-03 2.828427124746190485e-03
1.865874706440863307e+01 1.000000000000000021e-02 4.472135954999579763e-03
1.867219531335194560e+01 2.000000000000000042e-03 2.000000000000000042e-03
1.868564356229525814e+01 2.000000000000000042e-03 2.000000000000000042e-03
1.869909181123857067e+01 0.000000000000000000e+00 0.000000000000000000e+00
1.871254006018187965e+01 6.000000000000000125e-03 3.464101615137754348e-03
1.872598830912519219e+01 0.000000000000000000e+00 0.000000000000000000e+00
1.873943655806850472e+01 2.000000000000000042e-03 2.000000000000000042e-03
1.875288480701181726e+01 4.000000000000000083e-03 2.828427124746190485e-03
1.876633305595512979e+01 6.000000000000000125e-03 3.464101615137754348e-03
1.877978130489844233e+01 2.000000000000000042e-03 2.000000000000000042e-03
1.879322955384175131e+01 2.000000000000000042e-03 2.000000000000000042e-03
1.880667780278506385e+01 2.000000000000000042e-03 2.000000000000000042e-03
1.882012605172837638e+01 0.000000000000000000e+00 0.000000000000000000e+00
1.883357430067168892e+01 2.000000000000000042e-03 2.000000000000000042e-03
1.884702254961500145e+01 0.000000000000000000e+00 0.000000000000000000e+00
1.886047079855831399e+01 4.000000000000000083e-03 2.828427124746190485e-03
1.887391904750162297e+01 2.000000000000000042e-03 2.000000000000000042e-03
1.888736729644493550e+01 4.000000000000000083e-03 2.828427124746190485e-03
1.890081554538824804e+01 2.000000000000000042e-03 2.000000000000000042e-03
1.891426379433156058e+01 2.000000000000000042e-03 2.000000000000000042e-03
1.892771204327487311e+01 2.000000000000000042e-03 2.000000000000000042e-03
1.894116029221818209e+01 2.000000000000000042e-03 2.000000000000000042e-03
1.895460854116149463e+01 2.000000000000000042e-03 2.000000000000000042e-03
1.896805679010480716e+01 0.000000000000000000e+00 0.000000000000000000e+00
1.898150503904811970e+01 4.000000000000000083e-03 2.828427124746190485e-03
1.899495328799143223e+01 4.000000000000000083e-03 2.828427124746190485e-03
1.900840153693474477e+01 0.000000000000000000e+00 0.000000000000000000e+00
1.902184978587805375e+01 6.000000000000000125e-03 3.464101615137754348e-03
1.903529803482136629e+01 4.000000000000000083e-03 2.828427124746190485e-03
1.904874628376467882e+01 0.000000000000000000e+00 0.000000000000000000e+00
1.906219453270799136e+01 2.000000000000000042e-03 2.000000000000000042e-03
1.907564278165130389e+01 2.000000000000000042e-03 2.000000000000000042e-03
1.908909103059461643e+01 2.000000000000000042e-03 2.000000000000000042e-03
1.910253927953792541e+01 4.000000000000000083e-03 2.828427124746190485e-03
1.911598752848123794e+01 0.000000000000000000e+00 0.000000000000000000e+00
1.912943577742455048e+01 0.000000000000000000e+00 0.000000000000000000e+00
1.914288402636786302e+01 2.000000000000000042e-03 2.000000000000000042e-03
1.915633227531117555e+01 2.000000000000000042e-03 2.000000000000000042e-03
1.916978052425448453e+01 2.000000000000000042e-03 2.000000000000000042e-03
1.918322877319779707e+01 0.000000000000000000e+00 0.000000000000000000e+00
1.919667702214110960e+01 4.000000000000000083e-03 2.828427124746190485e-03
1.921012527108442214e+01 4.000000000000000083e-03 2.828427124746190485e-03
1.922357352002773467e+01 2.000000000000000042e-03 2.000000000000000042e-03
1.923702176897104721e+01 2.000000000000000042e-03 2.000000000000000042e-03
1.925047001791435619e+01 8.000000000000000167e-03 4.000000000000000083e-03
1.926391826685766873e+01 4.000000000000000083e-03 2.828427124746190485e-03
1.927736651580098126e+01 0.000000000000000000e+00 0.000000000000000000e+00
1.929081476474429380e+01 0.000000000000000000e+00 0.000000000000000000e+00
1.930426301368760633e+01 0.000000000000000000e+00 0.000000000000000000e+00
1.931771126263091887e+01 4.000000000000000083e-03 2.828427124746190485e-03
1.933115951157422785e+01 4.000000000000000083e-03 2.828427124746190485e-03
1.934460776051754038e+01 0.000000000000000000e+00 0.000000000000000000e+00
1.935805600946085292e+01 0.000000000000000000e+00 0.000000000000000000e+00
1.937150425840416545e+01 0.000000000000000000e+00 0.000000000000000000e+00
1.938495250734747799e+01 4.000000000000000083e-03 2.828427124746190485e-03
1.939840075629078697e+01 0.000000000000000000e+00 0.000000000000000000e+00
1.941184900523409951e+01 0.000000000000000000e+00 0.000000000000000000e+00
1.942529725417741204e+01 0.000000000000000000e+00 0.000000000000000000e+00
1.943874550312072458e+01 0.000000000000000000e+00 0.000000000000000000e+00
1.945219375206403711e+01 0.000000000000000000e+00 0.000000000000000000e+00
1.946564200100734965e+01 6.000000000000000125e-03 3.464101615137754348e-03
1.947909024995065863e+01 2.000000000000000042e-03 2.000000000000000042e-03
1.949253849889397117e+01 0.000000000000000000e+00 0.000000000000000000e+00
1.950598674783728370e+01 0.000000000000000000e+00 0.000000000000000000e+00
1.951943499678059624e+01 0.000000000000000000e+00 0.000000000000000000e+00
1.953288324572390877e+01 0.000000000000000000e+00 0.000000000000000000e+00
1.954633149466722131e+01 0.000000000000000000e+00 0.000000000000000000e+00
1.955977974361053029e+01 0.000000000000000000e+00 0.000000000000000000e+00
1.957322799255384282e+01 0.000000000000000000e+00 0.000000000000000000e+00
1.958667624149715536e+01 2.000000000000000042e-03 2.000000000000000042e-03
1.960012449044046789e+01 0.000000000000000000e+00 0.000000000000000000e+00
1.961357273938378043e+01 0.000000000000000000e+00 0.000000000000000000e+00
1.962702098832708941e+01 2.000000000000000042e-03 2.000000000000000042e-03
1.964046923727040195e+01 2.000000000000000042e-03 2.000000000000000042e-03
1.965391748621371448e+01 0.000000000000000000e+00 0.000000000000000000e+00
1.966736573515702702e+01 2.000000000000000042e-03 2.000000000000000042e-03
1.968081398410033955e+01 0.000000000000000000e+00 0.000000000000000000e+00
1.969426223304365209e+01 0.000000000000000000e+00 0.000000000000000000e+00
1.970771048198696107e+01 2.000000000000000042e-03 2.000000000000000042e-03
1.972115873093027361e+01 2.000000000000000042e-03 2.000000000000000042e-03
1.973460697987358614e+01 2.000000000000000042e-03 2.000000000000000042e-03
1.974805522881689868e+01 0.000000000000000000e+00 0.000000000000000000e+00
1.976150347776021121e+01 0.000000000000000000e+00 0.000000000000000000e+00
1.977495172670352375e+01 0.000000000000000000e+00 0.000000000000000000e+00
1.978839997564683273e+01 0.000000000000000000e+00 0.000000000000000000e+00
1.980184822459014526e+01 6.000000000000000125e-03 3.464101615137754348e-03
1.981529647353345780e+01 2.000000000000000042e-03 2.000000000000000042e-03
1.982874472247677033e+01 2.000000000000000042e-03 2.000000000000000042e-03
1.984219297142008287e+01 2.000000000000000042e-03 2.000000000000000042e-03
1.985564122036339185e+01 0.000000000000000000e+00 0.000000000000000000e+00
1.986908946930670439e+01 0.000000000000000000e+00 0.000000000000000000e+00
1.988253771825001692e+01 2.000000000000000042e-03 2.000000000000000042e-03
1.989598596719332946e+01 0.000000000000000000e+00 0.000000000000000000e+00
1.990943421613664199e+01 0.000000000000000000e+00 0.000000000000000000e+00
1.992288246507995453e+01 0.000000000000000000e+00 0.000000000000000000e+00
1.993633071402326351e+01 2.000000000000000042e-03 2.000000000000000042e-03
1.994977896296657605e+01 2.000000000000000042e-03 2.000000000000000042e-03
1.996322721190988858e+01 2.000000000000000042e-03 2.000000000000000042e-03
1.997667546085320112e+01 0.000000000000000000e+00 0.000000000000000000e+00
1.999012370979651365e+01 0.000000000000000000e+00 0.000000000000000000e+00
2.000357195873982619e+01 0.000000000000000000e+00 0.000000000000000000e+00
2.001702020768313517e+01 0.000000000000000000e+00 0.000000000000000000e+00
2.003046845662644770e+01 0.000000000000000000e+00 0.000000000000000000e+00
2.004391670556976024e+01 6.000000000000000125e-03 3.464101615137754348e-03
2.005736495451307277e+01 0.000000000000000000e+00 0.000000000000000000e+00
2.007081320345638531e+01 0.000000000000000000e+00 0.000000000000000000e+00
2.008426145239969429e+01 2.000000000000000042e-03 2.000000000000000042e-03
2.009770970134300683e+01 0.000000000000000000e+00 0.000000000000000000e+00
2.011115795028631936e+01 0.000000000000000000e+00 0.000000000000000000e+00
2.012460619922963190e+01 0.000000000000000000e+00 0.000000000000000000e+00
2.013805444817294443e+01 0.000000000000000000e+00 0.000000000000000000e+00
2.015150269711625697e+01 0.000000000000000000e+00 0.000000000000000000e+00
2.016495094605956595e+01 0.000000000000000000e+00 0.000000000000000000e+00
2.017839919500287849e+01 0.000000000000000000e+00 0.000000000000000000e+00
2.019184744394619102e+01 4.000000000000000083e-03 2.828427124746190485e-03
2.020529569288950356e+01 0.000000000000000000e+00 0.000000000000000000e+00
2.021874394183281609e+01 0.000000000000000000e+00 0.000000000000000000e+00
2.023219219077612863e+01 2.000000000000000042e-03 2.000000000000000042e-03
2.024564043971943761e+01 0.000000000000000000e+00 0.000000000000000000e+00
2.025908868866275014e+01 2.000000000000000042e-03 2.000000000000000042e-03
2.027253693760606268e+01 2.000000000000000042e-03 2.000000000000000042e-03
2.028598518654937521e+01 0.000000000000000000e+00 0.000000000000000000e+00
2.029943343549268775e+01 0.000000000000000000e+00 0.000000000000000000e+00
2.031288168443599673e+01 0.000000000000000000e+00 0.000000000000000000e+00
2.032632993337930927e+01 0.000000000000000000e+00 0.000000000000000000e+00
2.033977818232262180e+01 2.000000000000000042e-03 2.000000000000000042e-03
2.035322643126593434e+01 0.000000000000000000e+00 0.000000000000000000e+00
2.036667468020924687e+01 4.000000000000000083e-03 2.828427124746190485e-03
2.038012292915255941e+01 0.000000000000000000e+00 0.000000000000000000e+00
2.039357117809586839e+01 4.000000000000000083e-03 2.828427124746190485e-03
2.040701942703918093e+01 2.000000000000000042e-03 2.000000000000000042e-03
2.042046767598249346e+01 0.000000000000000000e+00 0.000000000000000000e+00
2.043391592492580600e+01 0.000000000000000000e+00 0.000000000000000000e+00
2.044736417386911853e+01 0.000000000000000000e+00 0.000000000000000000e+00
2.046081242281243107e+01 2.000000000000000042e-03 2.000000000000000042e-03
2.047426067175574005e+01 0.000000000000000000e+00 0.000000000000000000e+00
2.048770892069905258e+01 0.000000000000000000e+00 0.000000000000000000e+00
2.050115716964236512e+01 0.000000000000000000e+00 0.000000000000000000e+00
2.051460541858567765e+01 2.000000000000000042e-03 2.000000000000000042e-03
2.052805366752899019e+01 2.000000000000000042e-03 2.000000000000000042e-03
2.054150191647229917e+01 2.000000000000000042e-03 2.000000000000000042e-03
2.055495016541561171e+01 0.000000000000000000e+00 0.000000000000000000e+00
2.056839841435892424e+01 2.000000000000000042e-03 2.000000000000000042e-03
2.058184666330223678e+01 0.000000000000000000e+00 0.000000000000000000e+00
2.059529491224554931e+01 0.000000000000000000e+00 0.000000000000000000e+00
2.060874316118886185e+01 0.000000000000000000e+00 0.000000000000000000e+00
2.062219141013217083e+01 2.000000000000000042e-03 2.000000000000000042e-03
2.063563965907548337e+01 0.000000000000000000e+00 0.000000000000000000e+00
2.064908790801879590e+01 0.000000000000000000e+00 0.000000000000000000e+00
2.066253615696210844e+01 0.000000000000000000e+00 0.000000000000000000e+00
2.067598440590542097e+01 0.000000000000000000e+00 0.000000000000000000e+00
2.068943265484873351e+01 0.000000000000000000e+00 0.000000000000000000e+00
2.070288090379204249e+01 0.000000000000000000e+00 0.000000000000000000e+00
2.071632915273535502e+01 0.000000000000000000e+00 0.000000000000000000e+00
2.072977740167866756e+01 0.000000000000000000e+00 0.000000000000000000e+00
2.074322565062198009e+01 2.000000000000000042e-03 2.000000000000000042e-03
2.075667389956529263e+01 0.000000000000000000e+00 0.000000000000000000e+00
2.077012214850860161e+01 0.000000000000000000e+00 0.000000000000000000e+00
2.078357039745191415e+01 0.000000000000000000e+00 0.000000000000000000e+00
2.079701864639522668e+01 0.000000000000000000e+00 0.000000000000000000e+00
2.081046689533853922e+01 0.000000000000000000e+00 0.000000000000000000e+00
2.082391514428185175e+01 0.000000000000000000e+00 0.000000000000000000e+00
2.083736339322516429e+01 2.000000000000000042e-03 2.000000000000000042e-03
2.085081164216847327e+01 0.000000000000000000e+00 0.000000000000000000e+00
2.086425989111178581e+01 0.000000000000000000e+00 0.000000000000000000e+00
2.087770814005509834e+01 0.000000000000000000e+00 0.000000000000000000e+00
2.089115638899841088e+01 2.000000000000000042e-03 2.000000000000000042e-03
2.090460463794172341e+01 2.000000000000000042e-03 2.000000000000000042e-03
2.091805288688503595e+01 0.000000000000000000e+00 0.000000000000000000e+00
2.093150113582834493e+01 0.000000000000000000e+00 0.000000000000000000e+00
2.094494938477165746e+01 2.000000000000000042e-03 2.000000000000000042e-03
2.095839763371497000e+01 2.000000000000000042e-03 2.000000000000000042e-03
2.097184588265828253e+01 0.000000000000000000e+00 0.000000000000000000e+00
2.098529413160159507e+01 0.000000000000000000e+00 0.000000000000000000e+00
2.099874238054490405e+01 0.000000000000000000e+00 0.000000000000000000e+00
2.101219062948821659e+01 0.000000000000000000e+00 0.000000000000000000e+00
2.102563887843152912e+01 0.000000000000000000e+00 0.000000000000000000e+00
2.103908712737484166e+01 0.000000000000000000e+00 0.000000000000000000e+00
2.105253537631815419e+01 0.000000000000000000e+00 0.000000000000000000e+00
2.106598362526146673e+01 2.000000000000000042e-03 2.000000000000000042e-03
2.107943187420477571e+01 2.000000000000000042e-03 2.000000000000000042e-03
2.109288012314808824e+01 0.000000000000000000e+00 0.000000000000000000e+00
2.110632837209140078e+01 0.000000000000000000e+00 0.000000000000000000e+00
2.111977662103471332e+01 2.000000000000000042e-03 2.000000000000000042e-03
2.113322486997802585e+01 0.000000000000000000e+00 0.000000000000000000e+00
2.114667311892133839e+01 0.000000000000000000e+00 0.000000000000000000e+00
2.116012136786464737e+01 2.000000000000000042e-03 2.000000000000000042e-03
2.117356961680795990e+01 0.000000000000000000e+00 0.000000000000000000e+00
2.118701786575127244e+01 2.000000000000000042e-03 2.000000000000000042e-03
2.120046611469458497e+01 0.000000000000000000e+00 0.000000000000000000e+00
2.121391436363789751e+01 0.000000000000000000e+00 0.000000000000000000e+00
2.122736261258121004e+01 0.000000000000000000e+00 0.000000000000000000e+00
2.124081086152451903e+01 0.000000000000000000e+00 0.000000000000000000e+00
2.125425911046783156e+01 2.000000000000000042e-03 2.000000000000000042e-03
2.126770735941114410e+01 0.000000000000000000e+00 0.000000000000000000e+00
2.128115560835445663e+01 0.000000000000000000e+00 0.000000000000000000e+00
2.129460385729776917e+01 0.000000000000000000e+00 0.000000000000000000e+00
2.130805210624107815e+01 0.000000000000000000e+00 0.000000000000000000e+00
2.132150035518439068e+01 0.000000000000000000e+00 0.000000000000000000e+00
2.133494860412770322e+01 2.000000000000000042e-03 2.000000000000000042e-03
2.134839685307101576e+01 0.000000000000000000e+00 0.000000000000000000e+00
2.136184510201432829e+01 0.000000000000000000e+00 0.000000000000000000e+00
2.137529335095764083e+01 0.000000000000000000e+00 0.000000000000000000e+00
2.138874159990094981e+01 2.000000000000000042e-03 2.000000000000000042e-03
2.140218984884426234e+01 0.000000000000000000e+00 0.000000000000000000e+00
2.141563809778757488e+01 2.000000000000000042e-03 2.000000000000000042e-03
2.142908634673088741e+01 0.000000000000000000e+00 0.000000000000000000e+00
2.144253459567419995e+01 0.000000000000000000e+00 0.000000000000000000e+00
2.145598284461751248e+01 0.000000000000000000e+00 0.000000000000000000e+00
2.146943109356082147e+01 0.000000000000000000e+00 0.000000000000000000e+00
2.148287934250413400e+01 0.000000000000000000e+00 0.000000000000000000e+00
2.149632759144744654e+01 0.000000000000000000e+00 0.000000000000000000e+00
2.150977584039075907e+01 0.000000000000000000e+00 0.000000000000000000e+00
2.152322408933407161e+01 0.000000000000000000e+00 0.000000000000000000e+00
2.153667233827738059e+01 2.000000000000000042e-03 2.000000000000000042e-03
2.155012058722069312e+01 2.000000000000000042e-03 2.000000000000000042e-03
2.156356883616400566e+01 2.000000000000000042e-03 2.000000000000000042e-03
2.157701708510731820e+01 0.000000000000000000e+00 0.000000000000000000e+00
2.159046533405063073e+01 0.000000000000000000e+00 0.000000000000000000e+00
2.160391358299394327e+01 0.000000000000000000e+00 0.000000000000000000e+00
2.161736183193725225e+01 0.000000000000000000e+00 0.000000000000000000e+00
2.163081008088056478e+01 2.000000000000000042e-03 2.000000000000000042e-03
2.164425832982387732e+01 0.000000000000000000e+00 0.000000000000000000e+00
2.165770657876718985e+01 0.000000000000000000e+00 0.000000000000000000e+00
2.167115482771050239e+01 0.000000000000000000e+00 0.000000000000000000e+00
2.168460307665381492e+01 0.000000000000000000e+00 0.000000000000000000e+00
2.169805132559712391e+01 0.000000000000000000e+00 0.000000000000000000e+00
2.171149957454043644e+01 0.000000000000000000e+00 0.000000000000000000e+00
2.172494782348374898e+01 0.000000000000000000e+00 0.000000000000000000e+00
2.173839607242706151e+01 0.000000000000000000e+00 0.000000000000000000e+00
2.175184432137037405e+01 0.000000000000000000e+00 0.000000000000000000e+00
2.176529257031368303e+01 0.000000000000000000e+00 0.000000000000000000e+00
2.177874081925699556e+01 2.000000000000000042e-03 2.000000000000000042e-03
2.179218906820030810e+01 0.000000000000000000e+00 0.000000000000000000e+00
2.180563731714362063e+01 0.000000000000000000e+00 0.000000000000000000e+00
2.181908556608693317e+01 2.000000000000000042e-03 2.000000000000000042e-03
2.183253381503024571e+01 4.000000000000000083e-03 2.828427124746190485e-03
2.184598206397355469e+01 0.000000000000000000e+00 0.000000000000000000e+00
2.185943031291686722e+01 0.000000000000000000e+00 0.000000000000000000e+00
2.187287856186017976e+01 0.000000000000000000e+00 0.000000000000000000e+00
2.188632681080349229e+01 0.000000000000000000e+00 0.000000000000000000e+00
2.189977505974680483e+01 0.000000000000000000e+00 0.000000000000000000e+00
2.191322330869011736e+01 0.000000000000000000e+00 0.000000000000000000e+00
2.192667155763342635e+01 0.000000000000000000e+00 0.000000000000000000e+00
2.194011980657673888e+01 0.000000000000000000e+00 0.000000000000000000e+00
2.195356805552005142e+01 0.000000000000000000e+00 0.000000000000000000e+00
2.196701630446336395e+01 0.000000000000000000e+00 0.000000000000000000e+00
2.198046455340667649e+01 0.000000000000000000e+00 0.000000000000000000e+00
2.199391280234998547e+01 0.000000000000000000e+00 0.000000000000000000e+00
2.200736105129329800e+01 0.000000000000000000e+00 0.000000000000000000e+00
2.202080930023661054e+01 0.000000000000000000e+00 0.000000000000000000e+00
2.203425754917992307e+01 0.000000000000000000e+00 0.000000000000000000e+00
2.204770579812323561e+01 2.000000000000000042e-03 2.000000000000000042e-03
2.206115404706654815e+01 0.000000000000000000e+00 0.000000000000000000e+00
2.207460229600985713e+01 0.000000000000000000e+00 0.000000000000000000e+00
2.208805054495316966e+01 0.000000000000000000e+00 0.000000000000000000e+00
2.210149879389648220e+01 0.000000000000000000e+00 0.000000000000000000e+00
2.211494704283979473e+01 0.000000000000000000e+00 0.000000000000000000e+00
2.212839529178310727e+01 2.000000000000000042e-03 2.000000000000000042e-03
2.214184354072641980e+01 0.000000000000000000e+00 0.000000000000000000e+00
2.215529178966972879e+01 0.000000000000000000e+00 0.000000000000000000e+00
2.216874003861304132e+01 0.000000000000000000e+00 0.000000000000000000e+00
2.218218828755635386e+01 0.000000000000000000e+00 0.000000000000000000e+00
2.219563653649966639e+01 2.000000000000000042e-03 2.000000000000000042e-03
2.220908478544297893e+01 0.000000000000000000e+00 0.000000000000000000e+00
2.222253303438628791e+01 0.000000000000000000e+00 0.000000000000000000e+00
2.223598128332960044e+01 0.000000000000000000e+00 0.000000000000000000e+00
2.224942953227291298e+01 2.000000000000000042e-03 2.000000000000000042e-03
2.226287778121622551e+01 0.000000000000000000e+00 0.000000000000000000e+00
2.227632603015953805e+01 0.000000000000000000e+00 0.000000000000000000e+00
2.228977427910285058e+01 0.000000000000000000e+00 0.000000000000000000e+00
2.230322252804615957e+01 2.000000000000000042e-03 2.000000000000000042e-03
2.231667077698947210e+01 2.000000000000000042e-03 2.000000000000000042e-03
2.233011902593278464e+01 0.000000000000000000e+00 0.000000000000000000e+00
2.234356727487609717e+01 0.000000000000000000e+00 0.000000000000000000e+00
2.235701552381940971e+01 0.000000000000000000e+00 0.000000000000000000e+00
2.237046377276272224e+01 0.000000000000000000e+00 0.000000000000000000e+00
2.238391202170603123e+01 0.000000000000000000e+00 0.000000000000000000e+00
2.239736027064934376e+01 0.000000000000000000e+00 0.000000000000000000e+00
2.241080851959265630e+01 0.000000000000000000e+00 0.000000000000000000e+00
2.242425676853596883e+01 0.000000000000000000e+00 0.000000000000000000e+00
2.243770501747928137e+01 0.000000000000000000e+00 0.000000000000000000e+00
2.245115326642259035e+01 0.000000000000000000e+00 0.000000000000000000e+00
2.246460151536590288e+01 0.000000000000000000e+00 0.000000000000000000e+00
2.247804976430921542e+01 2.000000000000000042e-03 2.000000000000000042e-03
2.249149801325252795e+01 0.000000000000000000e+00 0.000000000000000000e+00
2.250494626219584049e+01 2.000000000000000042e-03 2.000000000000000042e-03
2.251839451113915302e+01 0.000000000000000000e+00 0.000000000000000000e+00
2.253184276008246201e+01 0.000000000000000000e+00 0.000000000000000000e+00
2.254529100902577454e+01 0.000000000000000000e+00 0.000000000000000000e+00
2.255873925796908708e+01 4.000000000000000083e-03 2.828427124746190485e-03
2.257218750691239961e+01 0.000000000000000000e+00 0.000000000000000000e+00
2.258563575585571215e+01 0.000000000000000000e+00 0.000000000000000000e+00
2.259908400479902468e+01 0.000000000000000000e+00 0.000000000000000000e+00
2.261253225374233367e+01 0.000000000000000000e+00 0.000000000000000000e+00
2.262598050268564620e+01 0.000000000000000000e+00 0.000000000000000000e+00
2.263942875162895874e+01 2.000000000000000042e-03 2.000000000000000042e-03
2.265287700057227127e+01 0.000000000000000000e+00 0.000000000000000000e+00
2.266632524951558381e+01 0.000000000000000000e+00 0.000000000000000000e+00
2.267977349845889279e+01 0.000000000000000000e+00 0.000000000000000000e+00
2.269322174740220532e+01 0.000000000000000000e+00 0.000000000000000000e+00
2.270666999634551786e+01 0.000000000000000000e+00 0.000000000000000000e+00
2.272011824528883039e+01 0.000000000000000000e+00 0.000000000000000000e+00
2.273356649423214293e+01 0.000000000000000000e+00 0.000000000000000000e+00
2.274701474317545546e+01 0.000000000000000000e+00 0.000000000000000000e+00
2.276046299211876445e+01 0.000000000000000000e+00 0.000000000000000000e+00
2.277391124106207698e+01 0.000000000000000000e+00 0.000000000000000000e+00
2.278735949000538952e+01 0.000000000000000000e+00 0.000000000000000000e+00
2.280080773894870205e+01 2.000000000000000042e-03 2.000000000000000042e-03
2.281425598789201459e+01 0.000000000000000000e+00 0.000000000000000000e+00
2.282770423683532712e+01 0.000000000000000000e+00 0.000000000000000000e+00
2.284115248577863611e+01 0.000000000000000000e+00 0.000000000000000000e+00
2.285460073472194864e+01 0.000000000000000000e+00 0.000000000000000000e+00
2.286804898366526118e+01 0.000000000000000000e+00 0.000000000000000000e+00
2.288149723260857371e+01 0.000000000000000000e+00 0.000000000000000000e+00
2.289494548155188625e+01 0.000000000000000000e+00 0.000000000000000000e+00
2.290839373049519523e+01 0.000000000000000000e+00 0.000000000000000000e+00
2.292184197943850776e+01 0.000000000000000000e+00 0.000000000000000000e+00
2.293529022838182030e+01 0.000000000000000000e+00 0.000000000000000000e+00
2.294873847732513283e+01 0.000000000000000000e+00 0.000000000000000000e+00
2.296218672626844537e+01 0.000000000000000000e+00 0.000000000000000000e+00
2.297563497521175790e+01 0.000000000000000000e+00 0.000000000000000000e+00
2.298908322415506689e+01 0.000000000000000000e+00 0.000000000000000000e+00
2.300253147309837942e+01 2.000000000000000042e-03 2.000000000000000042e-03
2.301597972204169196e+01 0.000000000000000000e+00 0.000000000000000000e+00
2.302942797098500449e+01 0.000000000000000000e+00 0.000000000000000000e+00
2.304287621992831703e+01 2.000000000000000042e-03 2.000000000000000042e-03
2.305632446887162956e+01 2.000000000000000042e-03 2.000000000000000042e-03
2.306977271781493855e+01 0.000000000000000000e+00 0.000000000000000000e+00
2.308322096675825108e+01 2.000000000000000042e-03 2.000000000000000042e-03
2.309666921570156362e+01 0.000000000000000000e+00 0.000000000000000000e+00
2.311011746464487615e+01 0.000000000000000000e+00 0.000000000000000000e+00
2.312356571358818869e+01 0.000000000000000000e+00 0.000000000000000000e+00
2.313701396253149767e+01 0.000000000000000000e+00 0.000000000000000000e+00
2.315046221147481020e+01 0.000000000000000000e+00 0.000000000000000000e+00
2.316391046041812274e+01 0.000000000000000000e+00 0.000000000000000000e+00
2.317735870936143527e+01 0.000000000000000000e+00 0.000000000000000000e+00
2.319080695830474781e+01 0.000000000000000000e+00 0.000000000000000000e+00
2.320425520724806034e+01 0.000000000000000000e+00 0.000000000000000000e+00
2.321770345619136933e+01 0.000000000000000000e+00 0.000000000000000000e+00
2.323115170513468186e+01 0.000000000000000000e+00 0.000000000000000000e+00
2.324459995407799440e+01 0.000000000000000000e+00 0.000000000000000000e+00
2.325804820302130693e+01 0.000000000000000000e+00 0.000000000000000000e+00
2.327149645196461947e+01 0.000000000000000000e+00 0.000000000000000000e+00
2.328494470090793200e+01 0.000000000000000000e+00 0.000000000000000000e+00
2.329839294985124099e+01 0.000000000000000000e+00 0.000000000000000000e+00
2.331184119879455352e+01 0.000000000000000000e+00 0.000000000000000000e+00
2.332528944773786606e+01 0.000000000000000000e+00 0.000000000000000000e+00
2.333873769668117859e+01 0.000000000000000000e+00 0.000000000000000000e+00
2.335218594562449113e+01 0.000000000000000000e+00 0.000000000000000000e+00
2.336563419456780011e+01 0.000000000000000000e+00 0.000000000000000000e+00
2.337908244351111264e+01 0.000000000000000000e+00 0.000000000000000000e+00
2.339253069245442518e+01 0.000000000000000000e+00 0.000000000000000000e+00
2.340597894139773771e+01 0.000000000000000000e+00 0.000000000000000000e+00
2.341942719034105025e+01 0.000000000000000000e+00 0.000000000000000000e+00
2.343287543928436278e+01 0.000000000000000000e+00 0.000000000000000000e+00
2.344632368822767177e+01 0.000000000000000000e+00 0.000000000000000000e+00
2.345977193717098430e+01 0.000000000000000000e+00 0.000000000000000000e+00
2.347322018611429684e+01 0.000000000000000000e+00 0.000000000000000000e+00
2.348666843505760937e+01 0.000000000000000000e+00 0.000000000000000000e+00
2.350011668400092191e+01 2.000000000000000042e-03 2.000000000000000042e-03
2.351356493294423444e+01 0.000000000000000000e+00 0.000000000000000000e+00
2.352701318188754342e+01 0.000000000000000000e+00 0.000000000000000000e+00
2.354046143083085596e+01 0.000000000000000000e+00 0.000000000000000000e+00
2.355390967977416850e+01 0.000000000000000000e+00 0.000000000000000000e+00
2.356735792871748103e+01 0.000000000000000000e+00 0.000000000000000000e+00
2.358080617766079357e+01 0.000000000000000000e+00 0.000000000000000000e+00
2.359425442660410255e+01 0.000000000000000000e+00 0.000000000000000000e+00
2.360770267554741508e+01 0.000000000000000000e+00 0.000000000000000000e+00
2.362115092449072762e+01 0.000000000000000000e+00 0.000000000000000000e+00
2.363459917343404015e+01 0.000000000000000000e+00 0.000000000000000000e+00
2.364804742237735269e+01 0.000000000000000000e+00 0.000000000000000000e+00
2.366149567132066522e+01 0.000000000000000000e+00 0.000000000000000000e+00
2.367494392026397421e+01 0.000000000000000000e+00 0.000000000000000000e+00
2.368839216920728674e+01 0.000000000000000000e+00 0.000000000000000000e+00
2.370184041815059928e+01 0.000000000000000000e+00 0.000000000000000000e+00
2.371528866709391181e+01 0.000000000000000000e+00 0.000000000000000000e+00
2.372873691603722435e+01 0.000000000000000000e+00 0.000000000000000000e+00
2.374218516498053688e+01 0.000000000000000000e+00 0.000000000000000000e+00
2.375563341392384586e+01 0.000000000000000000e+00 0.000000000000000000e+00
2.376908166286715840e+01 0.000000000000000000e+00 0.000000000000000000e+00
2.378252991181047094e+01 0.000000000000000000e+00 0.000000000000000000e+00
2.379597816075378347e+01 0.000000000000000000e+00 0.000000000000000000e+00
2.380942640969709601e+01 0.000000000000000000e+00 0.000000000000000000e+00
2.382287465864040499e+01 0.000000000000000000e+00 0.000000000000000000e+00
2.383632290758371752e+01 0.000000000000000000e+00 0.000000000000000000e+00
2.384977115652703006e+01 0.000000000000000000e+00 0.000000000000000000e+00
2.386321940547034259e+01 0.000000000000000000e+00 0.000000000000000000e+00
2.387666765441365513e+01 0.000000000000000000e+00 0.000000000000000000e+00
2.389011590335696766e+01 0.000000000000000000e+00 0.000000000000000000e+00
2.390356415230027665e+01 0.000000000000000000e+00 0.000000000000000000e+00
2.391701240124358918e+01 0.000000000000000000e+00 0.000000000000000000e+00
2.393046065018690172e+01 0.000000000000000000e+00 0.000000000000000000e+00
2.394390889913021425e+01 0.000000000000000000e+00 0.000000000000000000e+00
2.395735714807352679e+01 0.000000000000000000e+00 0.000000000000000000e+00
2.397080539701683932e+01 0.000000000000000000e+00 0.000000000000000000e+00
2.398425364596014830e+01 0.000000000000000000e+00 0.000000000000000000e+00
2.399770189490346084e+01 0.000000000000000000e+00 0.000000000000000000e+00
2.401115014384677337e+01 0.000000000000000000e+00 0.000000000000000000e+00
2.402459839279008591e+01 0.000000000000000000e+00 0.000000000000000000e+00
2.403804664173339845e+01 0.000000000000000000e+00 0.000000000000000000e+00
2.405149489067670743e+01 0.000000000000000000e+00 0.000000000000000000e+00
2.406494313962001996e+01 0.000000000000000000e+00 0.000000000000000000e+00
2.407839138856333250e+01 0.000000000000000000e+00 0.000000000000000000e+00
2.409183963750664503e+01 2.000000000000000042e-03 2.000000000000000042e-03
2.410528788644995757e+01 0.000000000000000000e+00 0.000000000000000000e+00
2.411873613539327010e+01 0.000000000000000000e+00 0.000000000000000000e+00
2.413218438433657909e+01 0.000000000000000000e+00 0.000000000000000000e+00
2.414563263327989162e+01 0.000000000000000000e+00 0.000000000000000000e+00
2.415908088222320416e+01 0.000000000000000000e+00 0.000000000000000000e+00
2.417252913116651669e+01 0.000000000000000000e+00 0.000000000000000000e+00
2.418597738010982923e+01 0.000000000000000000e+00 0.000000000000000000e+00
2.419942562905314176e+01 0.000000000000000000e+00 0.000000000000000000e+00
2.421287387799645074e+01 0.000000000000000000e+00 0.000000000000000000e+00
2.422632212693976328e+01 0.000000000000000000e+00 0.000000000000000000e+00
2.423977037588307581e+01 0.000000000000000000e+00 0.000000000000000000e+00
2.425321862482638835e+01 0.000000000000000000e+00 0.000000000000000000e+00
2.426666687376970089e+01 0.000000000000000000e+00 0.000000000000000000e+00
2.428011512271300987e+01 0.000000000000000000e+00 0.000000000000000000e+00
2.429356337165632240e+01 0.000000000000000000e+00 0.000000000000000000e+00
2.430701162059963494e+01 0.000000000000000000e+00 0.000000000000000000e+00
2.432045986954294747e+01 0.000000000000000000e+00 0.000000000000000000e+00
2.433390811848626001e+01 0.000000000000000000e+00 0.000000000000000000e+00
2.434735636742957254e+01 0.000000000000000000e+00 0.000000000000000000e+00
2.436080461637288153e+01 0.000000000000000000e+00 0.000000000000000000e+00
2.437425286531619406e+01 0.000000000000000000e+00 0.000000000000000000e+00
2.438770111425950660e+01 0.000000000000000000e+00 0.000000000000000000e+00
2.440114936320281913e+01 0.000000000000000000e+00 0.000000000000000000e+00
2.441459761214613167e+01 0.000000000000000000e+00 0.000000000000000000e+00
2.442804586108944420e+01 0.000000000000000000e+00 0.000000000000000000e+00
2.444149411003275318e+01 0.000000000000000000e+00 0.000000000000000000e+00
2.445494235897606572e+01 0.000000000000000000e+00 0.000000000000000000e+00
2.446839060791937825e+01 0.000000000000000000e+00 0.000000000000000000e+00
2.448183885686269079e+01 0.000000000000000000e+00 0.000000000000000000e+00
2.449528710580600332e+01 0.000000000000000000e+00 0.000000000000000000e+00
2.450873535474931231e+01 0.000000000000000000e+00 0.000000000000000000e+00
2.452218360369262484e+01 0.000000000000000000e+00 0.000000000000000000e+00
2.453563185263593738e+01 0.000000000000000000e+00 0.000000000000000000e+00
2.454908010157924991e+01 2.000000000000000042e-03 2.000000000000000042e-03
2.456252835052256245e+01 0.000000000000000000e+00 0.000000000000000000e+00
2.457597659946587498e+01 0.000000000000000000e+00 0.000000000000000000e+00
2.458942484840918397e+01 0.000000000000000000e+00 0.000000000000000000e+00
2.460287309735249650e+01 0.000000000000000000e+00 0.000000000000000000e+00
2.461632134629580904e+01 0.000000000000000000e+00 0.000000000000000000e+00
2.462976959523912157e+01 0.000000000000000000e+00 0.000000000000000000e+00
2.464321784418243411e+01 0.000000000000000000e+00 0.000000000000000000e+00
2.465666609312574664e+01 0.000000000000000000e+00 0.000000000000000000e+00
2.467011434206905562e+01 0.000000000000000000e+00 0.000000000000000000e+00
2.468356259101236816e+01 0.000000000000000000e+00 0.000000000000000000e+00
2.469701083995568069e+01 0.000000000000000000e+00 0.000000000000000000e+00
2.471045908889899323e+01 0.000000000000000000e+00 0.000000000000000000e+00
2.472390733784230576e+01 0.000000000000000000e+00 0.000000000000000000e+00
2.473735558678561475e+01 0.000000000000000000e+00 0.000000000000000000e+00
2.475080383572892728e+01 0.000000000000000000e+00 0.000000000000000000e+00
2.476425208467223982e+01 0.000000000000000000e+00 0.000000000000000000e+00
2.477770033361555235e+01 0.000000000000000000e+00 0.000000000000000000e+00
2.479114858255886489e+01 0.000000000000000000e+00 0.000000000000000000e+00
2.480459683150217742e+01 0.000000000000000000e+00 0.000000000000000000e+00
2.481804508044548641e+01 0.000000000000000000e+00 0.000000000000000000e+00
2.483149332938879894e+01 2.000000000000000042e-03 2.000000000000000042e-03
2.484494157833211148e+01 0.000000000000000000e+00 0.000000000000000000e+00
2.485838982727542401e+01 0.000000000000000000e+00 0.000000000000000000e+00
2.487183807621873655e+01 0.000000000000000000e+00 0.000000000000000000e+00
2.488528632516204908e+01 0.000000000000000000e+00 0.000000000000000000e+00
2.489873457410535806e+01 0.000000000000000000e+00 0.000000000000000000e+00
2.491218282304867060e+01 0.000000000000000000e+00 0.000000000000000000e+00
2.492563107199198313e+01 0.000000000000000000e+00 0.000000000000000000e+00
2.493907932093529567e+01 0.000000000000000000e+00 0.000000000000000000e+00
2.495252756987860820e+01 0.000000000000000000e+00 0.000000000000000000e+00
2.496597581882191719e+01 0.000000000000000000e+00 0.000000000000000000e+00
2.497942406776522972e+01 0.000000000000000000e+00 0.000000000000000000e+00
2.499287231670854226e+01 2.000000000000000042e-03 2.000000000000000042e-03
2.500632056565185479e+01 0.000000000000000000e+00 0.000000000000000000e+00
2.501976881459516733e+01 0.000000000000000000e+00 0.000000000000000000e+00
2.503321706353847986e+01 0.000000000000000000e+00 0.000000000000000000e+00
2.504666531248178885e+01 0.000000000000000000e+00 0.000000000000000000e+00
2.506011356142510138e+01 0.000000000000000000e+00 0.000000000000000000e+00
2.507356181036841392e+01 0.000000000000000000e+00 0.000000000000000000e+00
2.508701005931172645e+01 0.000000000000000000e+00 0.000000000000000000e+00
2.510045830825503899e+01 0.000000000000000000e+00 0.000000000000000000e+00
2.511390655719835152e+01 0.000000000000000000e+00 0.000000000000000000e+00
2.512735480614166050e+01 0.000000000000000000e+00 0.000000000000000000e+00
2.514080305508497304e+01 0.000000000000000000e+00 0.000000000000000000e+00
2.515425130402828557e+01 0.000000000000000000e+00 0.000000000000000000e+00
2.516769955297159811e+01 0.000000000000000000e+00 0.000000000000000000e+00
2.518114780191491064e+01 0.000000000000000000e+00 0.000000000000000000e+00
2.519459605085821963e+01 0.000000000000000000e+00 0.000000000000000000e+00
2.520804429980153216e+01 0.000000000000000000e+00 0.000000000000000000e+00
2.522149254874484470e+01 0.000000000000000000e+00 0.000000000000000000e+00
2.523494079768815723e+01 0.000000000000000000e+00 0.000000000000000000e+00
2.524838904663146977e+01 0.000000000000000000e+00 0.000000000000000000e+00
2.526183729557478230e+01 0.000000000000000000e+00 0.000000000000000000e+00
2.527528554451809129e+01 0.000000000000000000e+00 0.000000000000000000e+00
2.528873379346140382e+01 0.000000000000000000e+00 0.000000000000000000e+00
2.530218204240471636e+01 0.000000000000000000e+00 0.000000000000000000e+00
2.531563029134802889e+01 0.000000000000000000e+00 0.000000000000000000e+00
2.532907854029134143e+01 0.000000000000000000e+00 0.000000000000000000e+00
2.534252678923465396e+01 0.000000000000000000e+00 0.000000000000000000e+00
2.535597503817796294e+01 0.000000000000000000e+00 0.000000000000000000e+00
2.536942328712127548e+01 0.000000000000000000e+00 0.000000000000000000e+00
2.538287153606458801e+01 0.000000000000000000e+00 0.000000000000000000e+00
2.539631978500790055e+01 0.000000000000000000e+00 0.000000000000000000e+00
2.540976803395121308e+01 0.000000000000000000e+00 0.000000000000000000e+00
2.542321628289452207e+01 0.000000000000000000e+00 0.000000000000000000e+00
2.543666453183783460e+01 0.000000000000000000e+00 0.000000000000000000e+00
2.545011278078114714e+01 0.000000000000000000e+00 0.000000000000000000e+00
2.546356102972445967e+01 0.000000000000000000e+00 0.000000000000000000e+00
2.547700927866777221e+01 0.000000000000000000e+00 0.000000000000000000e+00
2.549045752761108474e+01 0.000000000000000000e+00 0.000000000000000000e+00
2.550390577655439373e+01 0.000000000000000000e+00 0.000000000000000000e+00
2.551735402549770626e+01 0.000000000000000000e+00 0.000000000000000000e+00
2.553080227444101880e+01 0.000000000000000000e+00 0.000000000000000000e+00
2.554425052338433133e+01 0.000000000000000000e+00 0.000000000000000000e+00
2.555769877232764387e+01 0.000000000000000000e+00 0.000000000000000000e+00
2.557114702127095640e+01 0.000000000000000000e+00 0.000000000000000000e+00
2.558459527021426538e+01 0.000000000000000000e+00 0.000000000000000000e+00
2.559804351915757792e+01 0.000000000000000000e+00 0.000000000000000000e+00
2.561149176810089045e+01 0.000000000000000000e+00 0.000000000000000000e+00
2.562494001704420299e+01 0.000000000000000000e+00 0.000000000000000000e+00
2.563838826598751552e+01 0.000000000000000000e+00 0.000000000000000000e+00
2.565183651493082451e+01 0.000000000000000000e+00 0.000000000000000000e+00
2.566528476387413704e+01 0.000000000000000000e+00 0.000000000000000000e+00
2.567873301281744958e+01 0.000000000000000000e+00 0.000000000000000000e+00
2.569218126176076211e+01 0.000000000000000000e+00 0.000000000000000000e+00
2.570562951070407465e+01 0.000000000000000000e+00 0.000000000000000000e+00
2.571907775964738718e+01 0.000000000000000000e+00 0.000000000000000000e+00
2.573252600859069616e+01 0.000000000000000000e+00 0.000000000000000000e+00
2.574597425753400870e+01 0.000000000000000000e+00 0.000000000000000000e+00
2.575942250647732124e+01 0.000000000000000000e+00 0.000000000000000000e+00
2.577287075542063377e+01 0.000000000000000000e+00 0.000000000000000000e+00
2.578631900436394631e+01 0.000000000000000000e+00 0.000000000000000000e+00
2.579976725330725884e+01 0.000000000000000000e+00 0.000000000000000000e+00
2.581321550225056782e+01 0.000000000000000000e+00 0.000000000000000000e+00
2.582666375119388036e+01 0.000000000000000000e+00 0.000000000000000000e+00
2.584011200013719289e+01 0.000000000000000000e+00 0.000000000000000000e+00
2.585356024908050543e+01 0.000000000000000000e+00 0.000000000000000000e+00
2.586700849802381796e+01 0.000000000000000000e+00 0.000000000000000000e+00
2.588045674696712695e+01 0.000000000000000000e+00 0.000000000000000000e+00
2.589390499591043948e+01 0.000000000000000000e+00 0.000000000000000000e+00
2.590735324485375202e+01 0.000000000000000000e+00 0.000000000000000000e+00
2.592080149379706455e+01 0.000000000000000000e+00 0.000000000000000000e+00
2.593424974274037709e+01 0.000000000000000000e+00 0.000000000000000000e+00
2.594769799168368962e+01 0.000000000000000000e+00 0.000000000000000000e+00
2.596114624062699860e+01 0.000000000000000000e+00 0.000000000000000000e+00
2.597459448957031114e+01 2.000000000000000042e-03 2.000000000000000042e-03
2.598804273851362368e+01 0.000000000000000000e+00 0.000000000000000000e+00
2.600149098745693621e+01 0.000000000000000000e+00 0.000000000000000000e+00
2.601493923640024875e+01 0.000000000000000000e+00 0.000000000000000000e+00
2.602838748534356128e+01 0.000000000000000000e+00 0.000000000000000000e+00
2.604183573428687026e+01 0.000000000000000000e+00 0.000000000000000000e+00
2.605528398323018280e+01 0.000000000000000000e+00 0.000000000000000000e+00
2.606873223217349533e+01 0.000000000000000000e+00 0.000000000000000000e+00
2.608218048111680787e+01 0.000000000000000000e+00 0.000000000000000000e+00
2.609562873006012040e+01 0.000000000000000000e+00 0.000000000000000000e+00
2.610907697900342939e+01 0.000000000000000000e+00 0.000000000000000000e+00
2.612252522794674192e+01 0.000000000000000000e+00 0.000000000000000000e+00
2.613597347689005446e+01 0.000000000000000000e+00 0.000000000000000000e+00
2.614942172583336699e+01 0.000000000000000000e+00 0.000000000000000000e+00
2.616286997477667953e+01 0.000000000000000000e+00 0.000000000000000000e+00
2.617631822371999206e+01 0.000000000000000000e+00 0.000000000000000000e+00
2.618976647266330104e+01 0.000000000000000000e+00 0.000000000000000000e+00
2.620321472160661358e+01 0.000000000000000000e+00 0.000000000000000000e+00
2.621666297054992611e+01 0.000000000000000000e+00 0.000000000000000000e+00
2.623011121949323865e+01 0.000000000000000000e+00 0.000000000000000000e+00
2.624355946843655119e+01 0.000000000000000000e+00 0.000000000000000000e+00
2.625700771737986372e+01 0.000000000000000000e+00 0.000000000000000000e+00
2.627045596632317270e+01 0.000000000000000000e+00 0.000000000000000000e+00
2.628390421526648524e+01 0.000000000000000000e+00 0.000000000000000000e+00
2.629735246420979777e+01 0.000000000000000000e+00 0.000000000000000000e+00
2.631080071315311031e+01 0.000000000000000000e+00 0.000000000000000000e+00
2.632424896209642284e+01 0.000000000000000000e+00 0.000000000000000000e+00
2.633769721103973183e+01 0.000000000000000000e+00 0.000000000000000000e+00
2.635114545998304436e+01 0.000000000000000000e+00 0.000000000000000000e+00
2.636459370892635690e+01 0.000000000000000000e+00 0.000000000000000000e+00
2.637804195786966943e+01 0.000000000000000000e+00 0.000000000000000000e+00
2.639149020681298197e+01 0.000000000000000000e+00 0.000000000000000000e+00
2.640493845575629450e+01 0.000000000000000000e+00 0.000000000000000000e+00
2.641838670469960348e+01 0.000000000000000000e+00 0.000000000000000000e+00
2.643183495364291602e+01 0.000000000000000000e+00 0.000000000000000000e+00
2.644528320258622855e+01 0.000000000000000000e+00 0.000000000000000000e+00
2.645873145152954109e+01 0.000000000000000000e+00 0.000000000000000000e+00
2.647217970047285363e+01 0.000000000000000000e+00 0.000000000000000000e+00
2.648562794941616616e+01 0.000000000000000000e+00 0.000000000000000000e+00
2.649907619835947514e+01 0.000000000000000000e+00 0.000000000000000000e+00
2.651252444730278768e+01 0.000000000000000000e+00 0.000000000000000000e+00
2.652597269624610021e+01 0.000000000000000000e+00 0.000000000000000000e+00
2.653942094518941275e+01 0.000000000000000000e+00 0.000000000000000000e+00
2.655286919413272528e+01 0.000000000000000000e+00 0.000000000000000000e+00
2.656631744307603427e+01 0.000000000000000000e+00 0.000000000000000000e+00
2.657976569201934680e+01 0.000000000000000000e+00 0.000000000000000000e+00
2.659321394096265934e+01 0.000000000000000000e+00 0.000000000000000000e+00
2.660666218990597187e+01 0.000000000000000000e+00 0.000000000000000000e+00
2.662011043884928441e+01 0.000000000000000000e+00 0.000000000000000000e+00
2.663355868779259694e+01 0.000000000000000000e+00 0.000000000000000000e+00
2.664700693673590592e+01 0.000000000000000000e+00 0.000000000000000000e+00
2.666045518567921846e+01 0.000000000000000000e+00 0.000000000000000000e+00
2.667390343462253099e+01 0.000000000000000000e+00 0.000000000000000000e+00
2.668735168356584353e+01 0.000000000000000000e+00 0.000000000000000000e+00
2.670079993250915606e+01 0.000000000000000000e+00 0.000000000000000000e+00
2.671424818145246860e+01 0.000000000000000000e+00 0.000000000000000000e+00
2.672769643039577758e+01 0.000000000000000000e+00 0.000000000000000000e+00
2.674114467933909012e+01 0.000000000000000000e+00 0.000000000000000000e+00
2.675459292828240265e+01 0.000000000000000000e+00 0.000000000000000000e+00
2.676804117722571519e+01 0.000000000000000000e+00 0.000000000000000000e+00
2.678148942616902772e+01 0.000000000000000000e+00 0.000000000000000000e+00
2.679493767511233671e+01 0.000000000000000000e+00 0.000000000000000000e+00
2.680838592405564924e+01 0.000000000000000000e+00 0.000000000000000000e+00
2.682183417299896178e+01 0.000000000000000000e+00 0.000000000000000000e+00
2.683528242194227431e+01 0.000000000000000000e+00 0.000000000000000000e+00
2.684873067088558685e+01 0.000000000000000000e+00 0.000000000000000000e+00
2.686217891982889938e+01 0.000000000000000000e+00 0.000000000000000000e+00
2.687562716877220836e+01 0.000000000000000000e+00 0.000000000000000000e+00
2.688907541771552090e+01 0.000000000000000000e+00 0.000000000000000000e+00
2.690252366665883343e+01 0.000000000000000000e+00 0.000000000000000000e+00
2.691597191560214597e+01 0.000000000000000000e+00 0.000000000000000000e+00
2.692942016454545850e+01 0.000000000000000000e+00 0.000000000000000000e+00
2.694286841348877104e+01 0.000000000000000000e+00 0.000000000000000000e+00
2.695631666243208002e+01 0.000000000000000000e+00 0.000000000000000000e+00
2.696976491137539256e+01 0.000000000000000000e+00 0.000000000000000000e+00
2.698321316031870509e+01 0.000000000000000000e+00 0.000000000000000000e+00
2.699666140926201763e+01 0.000000000000000000e+00 0.000000000000000000e+00
2.701010965820533016e+01 0.000000000000000000e+00 0.000000000000000000e+00
2.702355790714863915e+01 0.000000000000000000e+00 0.000000000000000000e+00
2.703700615609195168e+01 0.000000000000000000e+00 0.000000000000000000e+00
2.705045440503526422e+01 0.000000000000000000e+00 0.000000000000000000e+00
2.706390265397857675e+01 0.000000000000000000e+00 0.000000000000000000e+00
2.707735090292188929e+01 0.000000000000000000e+00 0.000000000000000000e+00
2.709079915186520182e+01 0.000000000000000000e+00 0.000000000000000000e+00
2.710424740080851080e+01 0.000000000000000000e+00 0.000000000000000000e+00
2.711769564975182334e+01 0.000000000000000000e+00 0.000000000000000000e+00
2.713114389869513587e+01 0.000000000000000000e+00 0.000000000000000000e+00
2.714459214763844841e+01 0.000000000000000000e+00 0.000000000000000000e+00
2.715804039658176094e+01 0.000000000000000000e+00 0.000000000000000000e+00
2.717148864552507348e+01 0.000000000000000000e+00 0.000000000000000000e+00
2.718493689446838246e+01 0.000000000000000000e+00 0.000000000000000000e+00
2.719838514341169500e+01 0.000000000000000000e+00 0.000000000000000000e+00
2.721183339235500753e+01 0.000000000000000000e+00 0.000000000000000000e+00
2.722528164129832007e+01 0.000000000000000000e+00 0.000000000000000000e+00
2.723872989024163260e+01 0.000000000000000000e+00 0.000000000000000000e+00
2.725217813918494159e+01 0.000000000000000000e+00 0.000000000000000000e+00
2.726562638812825412e+01 0.000000000000000000e+00 0.000000000000000000e+00
2.727907463707156666e+01 0.000000000000000000e+00 0.000000000000000000e+00
2.729252288601487919e+01 0.000000000000000000e+00 0.000000000000000000e+00
2.730597113495819173e+01 0.000000000000000000e+00 0.000000000000000000e+00
2.731941938390150426e+01 0.000000000000000000e+00 0.000000000000000000e+00
2.733286763284481324e+01 0.000000000000000000e+00 0.000000000000000000e+00
2.734631588178812578e+01 0.000000000000000000e+00 0.000000000000000000e+00
2.735976413073143831e+01 0.000000000000000000e+00 0.000000000000000000e+00
2.737321237967475085e+01 0.000000000000000000e+00 0.000000000000000000e+00
2.738666062861806338e+01 0.000000000000000000e+00 0.000000000000000000e+00
2.740010887756137592e+01 0.000000000000000000e+00 0.000000000000000000e+00
2.741355712650468490e+01 0.000000000000000000e+00 0.000000000000000000e+00
2.742700537544799744e+01 0.000000000000000000e+00 0.000000000000000000e+00
2.744045362439130997e+01 0.000000000000000000e+00 0.000000000000000000e+00
2.745390187333462251e+01 0.000000000000000000e+00 0.000000000000000000e+00
2.746735012227793504e+01 0.000000000000000000e+00 0.000000000000000000e+00
2.748079837122124403e+01 0.000000000000000000e+00 0.000000000000000000e+00
